2026-02-10 18:12:32,123 - basicLogger - INFO - GET /stats request received
2026-02-10 18:12:32,124 - basicLogger - DEBUG - Stats dict: {'num_server_health_readings': 202, 'num_player_telemetry_events': 202, 'max_players': 499, 'avg_players': 230.02970297029702, 'min_players': 1, 'avg_cpu_usage': 52.33168316831683, 'avg_player_ping': 123.26732673267327, 'last_updated': '2026-02-11T02:06:32.266339Z'}
2026-02-10 18:12:32,124 - basicLogger - INFO - GET /stats request completed
2026-02-10 18:12:38,876 - basicLogger - INFO - Periodic processing started
2026-02-10 18:12:38,924 - basicLogger - INFO - Events received: server_health=0 player_telemetry=0
2026-02-10 18:12:38,929 - basicLogger - INFO - Periodic processing started
2026-02-10 18:12:38,934 - basicLogger - DEBUG - Updated stats values: {'num_server_health_readings': 202, 'num_player_telemetry_events': 202, 'max_players': 499, 'min_players': 1, 'avg_players': 230.02970297029702, 'avg_cpu_usage': 52.33168316831683, 'avg_player_ping': 123.26732673267327, 'last_updated': '2026-02-11T02:06:32.266339Z'}
2026-02-10 18:12:38,934 - basicLogger - INFO - Periodic processing ended
2026-02-10 18:12:38,971 - basicLogger - INFO - Events received: server_health=0 player_telemetry=0
2026-02-10 18:12:38,973 - basicLogger - DEBUG - Updated stats values: {'num_server_health_readings': 202, 'num_player_telemetry_events': 202, 'max_players': 499, 'min_players': 1, 'avg_players': 230.02970297029702, 'avg_cpu_usage': 52.33168316831683, 'avg_player_ping': 123.26732673267327, 'last_updated': '2026-02-11T02:06:32.266339Z'}
2026-02-10 18:12:38,973 - basicLogger - INFO - Periodic processing ended
2026-02-10 18:12:48,877 - basicLogger - INFO - Periodic processing started
2026-02-10 18:12:48,921 - basicLogger - INFO - Events received: server_health=0 player_telemetry=0
2026-02-10 18:12:48,929 - basicLogger - INFO - Periodic processing started
2026-02-10 18:12:48,933 - basicLogger - DEBUG - Updated stats values: {'num_server_health_readings': 202, 'num_player_telemetry_events': 202, 'max_players': 499, 'min_players': 1, 'avg_players': 230.02970297029702, 'avg_cpu_usage': 52.33168316831683, 'avg_player_ping': 123.26732673267327, 'last_updated': '2026-02-11T02:06:32.266339Z'}
2026-02-10 18:12:48,934 - basicLogger - INFO - Periodic processing ended
2026-02-10 18:12:48,970 - basicLogger - INFO - Events received: server_health=0 player_telemetry=0
2026-02-10 18:12:48,972 - basicLogger - DEBUG - Updated stats values: {'num_server_health_readings': 202, 'num_player_telemetry_events': 202, 'max_players': 499, 'min_players': 1, 'avg_players': 230.02970297029702, 'avg_cpu_usage': 52.33168316831683, 'avg_player_ping': 123.26732673267327, 'last_updated': '2026-02-11T02:06:32.266339Z'}
2026-02-10 18:12:48,972 - basicLogger - INFO - Periodic processing ended
2026-02-10 18:12:58,875 - basicLogger - INFO - Periodic processing started
2026-02-10 18:12:58,888 - basicLogger - INFO - Events received: server_health=0 player_telemetry=0
2026-02-10 18:12:58,895 - basicLogger - DEBUG - Updated stats values: {'num_server_health_readings': 202, 'num_player_telemetry_events': 202, 'max_players': 499, 'min_players': 1, 'avg_players': 230.02970297029702, 'avg_cpu_usage': 52.33168316831683, 'avg_player_ping': 123.26732673267327, 'last_updated': '2026-02-11T02:06:32.266339Z'}
2026-02-10 18:12:58,895 - basicLogger - INFO - Periodic processing ended
2026-02-10 18:12:58,928 - basicLogger - INFO - Periodic processing started
2026-02-10 18:12:58,945 - basicLogger - INFO - Events received: server_health=0 player_telemetry=0
2026-02-10 18:12:58,946 - basicLogger - DEBUG - Updated stats values: {'num_server_health_readings': 202, 'num_player_telemetry_events': 202, 'max_players': 499, 'min_players': 1, 'avg_players': 230.02970297029702, 'avg_cpu_usage': 52.33168316831683, 'avg_player_ping': 123.26732673267327, 'last_updated': '2026-02-11T02:06:32.266339Z'}
2026-02-10 18:12:58,947 - basicLogger - INFO - Periodic processing ended
2026-02-10 18:13:08,875 - basicLogger - INFO - Periodic processing started
2026-02-10 18:13:08,890 - basicLogger - INFO - Events received: server_health=0 player_telemetry=0
2026-02-10 18:13:08,896 - basicLogger - DEBUG - Updated stats values: {'num_server_health_readings': 202, 'num_player_telemetry_events': 202, 'max_players': 499, 'min_players': 1, 'avg_players': 230.02970297029702, 'avg_cpu_usage': 52.33168316831683, 'avg_player_ping': 123.26732673267327, 'last_updated': '2026-02-11T02:06:32.266339Z'}
2026-02-10 18:13:08,896 - basicLogger - INFO - Periodic processing ended
2026-02-10 18:13:08,927 - basicLogger - INFO - Periodic processing started
2026-02-10 18:13:08,941 - basicLogger - INFO - Events received: server_health=0 player_telemetry=0
2026-02-10 18:13:08,942 - basicLogger - DEBUG - Updated stats values: {'num_server_health_readings': 202, 'num_player_telemetry_events': 202, 'max_players': 499, 'min_players': 1, 'avg_players': 230.02970297029702, 'avg_cpu_usage': 52.33168316831683, 'avg_player_ping': 123.26732673267327, 'last_updated': '2026-02-11T02:06:32.266339Z'}
2026-02-10 18:13:08,942 - basicLogger - INFO - Periodic processing ended
2026-02-10 18:13:18,875 - basicLogger - INFO - Periodic processing started
2026-02-10 18:13:18,896 - basicLogger - INFO - Events received: server_health=0 player_telemetry=0
2026-02-10 18:13:18,902 - basicLogger - DEBUG - Updated stats values: {'num_server_health_readings': 202, 'num_player_telemetry_events': 202, 'max_players': 499, 'min_players': 1, 'avg_players': 230.02970297029702, 'avg_cpu_usage': 52.33168316831683, 'avg_player_ping': 123.26732673267327, 'last_updated': '2026-02-11T02:06:32.266339Z'}
2026-02-10 18:13:18,902 - basicLogger - INFO - Periodic processing ended
2026-02-10 18:13:18,928 - basicLogger - INFO - Periodic processing started
2026-02-10 18:13:18,967 - basicLogger - INFO - Events received: server_health=0 player_telemetry=0
2026-02-10 18:13:18,969 - basicLogger - DEBUG - Updated stats values: {'num_server_health_readings': 202, 'num_player_telemetry_events': 202, 'max_players': 499, 'min_players': 1, 'avg_players': 230.02970297029702, 'avg_cpu_usage': 52.33168316831683, 'avg_player_ping': 123.26732673267327, 'last_updated': '2026-02-11T02:06:32.266339Z'}
2026-02-10 18:13:18,969 - basicLogger - INFO - Periodic processing ended
2026-02-10 18:13:28,876 - basicLogger - INFO - Periodic processing started
2026-02-10 18:13:28,920 - basicLogger - INFO - Events received: server_health=0 player_telemetry=0
2026-02-10 18:13:28,928 - basicLogger - INFO - Periodic processing started
2026-02-10 18:13:28,929 - basicLogger - DEBUG - Updated stats values: {'num_server_health_readings': 202, 'num_player_telemetry_events': 202, 'max_players': 499, 'min_players': 1, 'avg_players': 230.02970297029702, 'avg_cpu_usage': 52.33168316831683, 'avg_player_ping': 123.26732673267327, 'last_updated': '2026-02-11T02:06:32.266339Z'}
2026-02-10 18:13:28,929 - basicLogger - INFO - Periodic processing ended
2026-02-10 18:13:28,956 - basicLogger - INFO - Events received: server_health=0 player_telemetry=0
2026-02-10 18:13:28,958 - basicLogger - DEBUG - Updated stats values: {'num_server_health_readings': 202, 'num_player_telemetry_events': 202, 'max_players': 499, 'min_players': 1, 'avg_players': 230.02970297029702, 'avg_cpu_usage': 52.33168316831683, 'avg_player_ping': 123.26732673267327, 'last_updated': '2026-02-11T02:06:32.266339Z'}
2026-02-10 18:13:28,958 - basicLogger - INFO - Periodic processing ended
2026-02-10 18:13:38,876 - basicLogger - INFO - Periodic processing started
2026-02-10 18:13:38,908 - basicLogger - INFO - Events received: server_health=0 player_telemetry=0
2026-02-10 18:13:38,916 - basicLogger - DEBUG - Updated stats values: {'num_server_health_readings': 202, 'num_player_telemetry_events': 202, 'max_players': 499, 'min_players': 1, 'avg_players': 230.02970297029702, 'avg_cpu_usage': 52.33168316831683, 'avg_player_ping': 123.26732673267327, 'last_updated': '2026-02-11T02:06:32.266339Z'}
2026-02-10 18:13:38,917 - basicLogger - INFO - Periodic processing ended
2026-02-10 18:13:38,928 - basicLogger - INFO - Periodic processing started
2026-02-10 18:13:38,951 - basicLogger - INFO - Events received: server_health=0 player_telemetry=0
2026-02-10 18:13:38,953 - basicLogger - DEBUG - Updated stats values: {'num_server_health_readings': 202, 'num_player_telemetry_events': 202, 'max_players': 499, 'min_players': 1, 'avg_players': 230.02970297029702, 'avg_cpu_usage': 52.33168316831683, 'avg_player_ping': 123.26732673267327, 'last_updated': '2026-02-11T02:06:32.266339Z'}
2026-02-10 18:13:38,953 - basicLogger - INFO - Periodic processing ended
2026-02-10 18:13:48,876 - basicLogger - INFO - Periodic processing started
2026-02-10 18:13:48,915 - basicLogger - INFO - Events received: server_health=0 player_telemetry=0
2026-02-10 18:13:48,922 - basicLogger - DEBUG - Updated stats values: {'num_server_health_readings': 202, 'num_player_telemetry_events': 202, 'max_players': 499, 'min_players': 1, 'avg_players': 230.02970297029702, 'avg_cpu_usage': 52.33168316831683, 'avg_player_ping': 123.26732673267327, 'last_updated': '2026-02-11T02:06:32.266339Z'}
2026-02-10 18:13:48,923 - basicLogger - INFO - Periodic processing ended
2026-02-10 18:13:48,929 - basicLogger - INFO - Periodic processing started
2026-02-10 18:13:48,951 - basicLogger - INFO - Events received: server_health=0 player_telemetry=0
2026-02-10 18:13:48,952 - basicLogger - DEBUG - Updated stats values: {'num_server_health_readings': 202, 'num_player_telemetry_events': 202, 'max_players': 499, 'min_players': 1, 'avg_players': 230.02970297029702, 'avg_cpu_usage': 52.33168316831683, 'avg_player_ping': 123.26732673267327, 'last_updated': '2026-02-11T02:06:32.266339Z'}
2026-02-10 18:13:48,953 - basicLogger - INFO - Periodic processing ended
2026-02-10 18:13:58,876 - basicLogger - INFO - Periodic processing started
2026-02-10 18:13:58,919 - basicLogger - INFO - Events received: server_health=0 player_telemetry=0
2026-02-10 18:13:58,926 - basicLogger - DEBUG - Updated stats values: {'num_server_health_readings': 202, 'num_player_telemetry_events': 202, 'max_players': 499, 'min_players': 1, 'avg_players': 230.02970297029702, 'avg_cpu_usage': 52.33168316831683, 'avg_player_ping': 123.26732673267327, 'last_updated': '2026-02-11T02:06:32.266339Z'}
2026-02-10 18:13:58,927 - basicLogger - INFO - Periodic processing ended
2026-02-10 18:13:58,929 - basicLogger - INFO - Periodic processing started
2026-02-10 18:13:58,971 - basicLogger - INFO - Events received: server_health=0 player_telemetry=0
2026-02-10 18:13:58,973 - basicLogger - DEBUG - Updated stats values: {'num_server_health_readings': 202, 'num_player_telemetry_events': 202, 'max_players': 499, 'min_players': 1, 'avg_players': 230.02970297029702, 'avg_cpu_usage': 52.33168316831683, 'avg_player_ping': 123.26732673267327, 'last_updated': '2026-02-11T02:06:32.266339Z'}
2026-02-10 18:13:58,973 - basicLogger - INFO - Periodic processing ended
2026-02-10 18:14:08,876 - basicLogger - INFO - Periodic processing started
2026-02-10 18:14:08,920 - basicLogger - INFO - Events received: server_health=0 player_telemetry=0
2026-02-10 18:14:08,929 - basicLogger - DEBUG - Updated stats values: {'num_server_health_readings': 202, 'num_player_telemetry_events': 202, 'max_players': 499, 'min_players': 1, 'avg_players': 230.02970297029702, 'avg_cpu_usage': 52.33168316831683, 'avg_player_ping': 123.26732673267327, 'last_updated': '2026-02-11T02:06:32.266339Z'}
2026-02-10 18:14:08,929 - basicLogger - INFO - Periodic processing started
2026-02-10 18:14:08,930 - basicLogger - INFO - Periodic processing ended
2026-02-10 18:14:08,961 - basicLogger - INFO - Events received: server_health=0 player_telemetry=0
2026-02-10 18:14:08,962 - basicLogger - DEBUG - Updated stats values: {'num_server_health_readings': 202, 'num_player_telemetry_events': 202, 'max_players': 499, 'min_players': 1, 'avg_players': 230.02970297029702, 'avg_cpu_usage': 52.33168316831683, 'avg_player_ping': 123.26732673267327, 'last_updated': '2026-02-11T02:06:32.266339Z'}
2026-02-10 18:14:08,963 - basicLogger - INFO - Periodic processing ended
2026-02-10 18:14:18,876 - basicLogger - INFO - Periodic processing started
2026-02-10 18:14:18,920 - basicLogger - INFO - Events received: server_health=0 player_telemetry=0
2026-02-10 18:14:18,929 - basicLogger - INFO - Periodic processing started
2026-02-10 18:14:18,929 - basicLogger - DEBUG - Updated stats values: {'num_server_health_readings': 202, 'num_player_telemetry_events': 202, 'max_players': 499, 'min_players': 1, 'avg_players': 230.02970297029702, 'avg_cpu_usage': 52.33168316831683, 'avg_player_ping': 123.26732673267327, 'last_updated': '2026-02-11T02:06:32.266339Z'}
2026-02-10 18:14:18,930 - basicLogger - INFO - Periodic processing ended
2026-02-10 18:14:18,967 - basicLogger - INFO - Events received: server_health=0 player_telemetry=0
2026-02-10 18:14:18,969 - basicLogger - DEBUG - Updated stats values: {'num_server_health_readings': 202, 'num_player_telemetry_events': 202, 'max_players': 499, 'min_players': 1, 'avg_players': 230.02970297029702, 'avg_cpu_usage': 52.33168316831683, 'avg_player_ping': 123.26732673267327, 'last_updated': '2026-02-11T02:06:32.266339Z'}
2026-02-10 18:14:18,969 - basicLogger - INFO - Periodic processing ended
2026-02-10 18:14:28,875 - basicLogger - INFO - Periodic processing started
2026-02-10 18:14:28,887 - basicLogger - INFO - Events received: server_health=0 player_telemetry=0
2026-02-10 18:14:28,894 - basicLogger - DEBUG - Updated stats values: {'num_server_health_readings': 202, 'num_player_telemetry_events': 202, 'max_players': 499, 'min_players': 1, 'avg_players': 230.02970297029702, 'avg_cpu_usage': 52.33168316831683, 'avg_player_ping': 123.26732673267327, 'last_updated': '2026-02-11T02:06:32.266339Z'}
2026-02-10 18:14:28,894 - basicLogger - INFO - Periodic processing ended
2026-02-10 18:14:28,927 - basicLogger - INFO - Periodic processing started
2026-02-10 18:14:28,940 - basicLogger - INFO - Events received: server_health=0 player_telemetry=0
2026-02-10 18:14:28,942 - basicLogger - DEBUG - Updated stats values: {'num_server_health_readings': 202, 'num_player_telemetry_events': 202, 'max_players': 499, 'min_players': 1, 'avg_players': 230.02970297029702, 'avg_cpu_usage': 52.33168316831683, 'avg_player_ping': 123.26732673267327, 'last_updated': '2026-02-11T02:06:32.266339Z'}
2026-02-10 18:14:28,942 - basicLogger - INFO - Periodic processing ended
2026-02-10 18:14:38,877 - basicLogger - INFO - Periodic processing started
2026-02-10 18:14:38,919 - basicLogger - INFO - Events received: server_health=0 player_telemetry=0
2026-02-10 18:14:38,926 - basicLogger - DEBUG - Updated stats values: {'num_server_health_readings': 202, 'num_player_telemetry_events': 202, 'max_players': 499, 'min_players': 1, 'avg_players': 230.02970297029702, 'avg_cpu_usage': 52.33168316831683, 'avg_player_ping': 123.26732673267327, 'last_updated': '2026-02-11T02:06:32.266339Z'}
2026-02-10 18:14:38,926 - basicLogger - INFO - Periodic processing ended
2026-02-10 18:14:38,927 - basicLogger - INFO - Periodic processing started
2026-02-10 18:14:38,942 - basicLogger - INFO - Events received: server_health=0 player_telemetry=0
2026-02-10 18:14:38,943 - basicLogger - DEBUG - Updated stats values: {'num_server_health_readings': 202, 'num_player_telemetry_events': 202, 'max_players': 499, 'min_players': 1, 'avg_players': 230.02970297029702, 'avg_cpu_usage': 52.33168316831683, 'avg_player_ping': 123.26732673267327, 'last_updated': '2026-02-11T02:06:32.266339Z'}
2026-02-10 18:14:38,944 - basicLogger - INFO - Periodic processing ended
2026-02-10 18:14:48,876 - basicLogger - INFO - Periodic processing started
2026-02-10 18:14:48,924 - basicLogger - INFO - Events received: server_health=0 player_telemetry=0
2026-02-10 18:14:48,928 - basicLogger - INFO - Periodic processing started
2026-02-10 18:14:48,932 - basicLogger - DEBUG - Updated stats values: {'num_server_health_readings': 202, 'num_player_telemetry_events': 202, 'max_players': 499, 'min_players': 1, 'avg_players': 230.02970297029702, 'avg_cpu_usage': 52.33168316831683, 'avg_player_ping': 123.26732673267327, 'last_updated': '2026-02-11T02:06:32.266339Z'}
2026-02-10 18:14:48,933 - basicLogger - INFO - Periodic processing ended
2026-02-10 18:14:48,966 - basicLogger - INFO - Events received: server_health=0 player_telemetry=0
2026-02-10 18:14:48,968 - basicLogger - DEBUG - Updated stats values: {'num_server_health_readings': 202, 'num_player_telemetry_events': 202, 'max_players': 499, 'min_players': 1, 'avg_players': 230.02970297029702, 'avg_cpu_usage': 52.33168316831683, 'avg_player_ping': 123.26732673267327, 'last_updated': '2026-02-11T02:06:32.266339Z'}
2026-02-10 18:14:48,968 - basicLogger - INFO - Periodic processing ended
2026-02-10 18:14:58,877 - basicLogger - INFO - Periodic processing started
2026-02-10 18:14:58,901 - basicLogger - INFO - Events received: server_health=0 player_telemetry=0
2026-02-10 18:14:58,908 - basicLogger - DEBUG - Updated stats values: {'num_server_health_readings': 202, 'num_player_telemetry_events': 202, 'max_players': 499, 'min_players': 1, 'avg_players': 230.02970297029702, 'avg_cpu_usage': 52.33168316831683, 'avg_player_ping': 123.26732673267327, 'last_updated': '2026-02-11T02:06:32.266339Z'}
2026-02-10 18:14:58,909 - basicLogger - INFO - Periodic processing ended
2026-02-10 18:14:58,929 - basicLogger - INFO - Periodic processing started
2026-02-10 18:14:58,965 - basicLogger - INFO - Events received: server_health=0 player_telemetry=0
2026-02-10 18:14:58,967 - basicLogger - DEBUG - Updated stats values: {'num_server_health_readings': 202, 'num_player_telemetry_events': 202, 'max_players': 499, 'min_players': 1, 'avg_players': 230.02970297029702, 'avg_cpu_usage': 52.33168316831683, 'avg_player_ping': 123.26732673267327, 'last_updated': '2026-02-11T02:06:32.266339Z'}
2026-02-10 18:14:58,968 - basicLogger - INFO - Periodic processing ended
2026-02-10 18:15:08,876 - basicLogger - INFO - Periodic processing started
2026-02-10 18:15:08,919 - basicLogger - INFO - Events received: server_health=0 player_telemetry=0
2026-02-10 18:15:08,926 - basicLogger - DEBUG - Updated stats values: {'num_server_health_readings': 202, 'num_player_telemetry_events': 202, 'max_players': 499, 'min_players': 1, 'avg_players': 230.02970297029702, 'avg_cpu_usage': 52.33168316831683, 'avg_player_ping': 123.26732673267327, 'last_updated': '2026-02-11T02:06:32.266339Z'}
2026-02-10 18:15:08,927 - basicLogger - INFO - Periodic processing ended
2026-02-10 18:15:08,929 - basicLogger - INFO - Periodic processing started
2026-02-10 18:15:08,964 - basicLogger - INFO - Events received: server_health=0 player_telemetry=0
2026-02-10 18:15:08,967 - basicLogger - DEBUG - Updated stats values: {'num_server_health_readings': 202, 'num_player_telemetry_events': 202, 'max_players': 499, 'min_players': 1, 'avg_players': 230.02970297029702, 'avg_cpu_usage': 52.33168316831683, 'avg_player_ping': 123.26732673267327, 'last_updated': '2026-02-11T02:06:32.266339Z'}
2026-02-10 18:15:08,967 - basicLogger - INFO - Periodic processing ended
2026-02-10 18:15:18,876 - basicLogger - INFO - Periodic processing started
2026-02-10 18:15:18,919 - basicLogger - INFO - Events received: server_health=0 player_telemetry=0
2026-02-10 18:15:18,927 - basicLogger - DEBUG - Updated stats values: {'num_server_health_readings': 202, 'num_player_telemetry_events': 202, 'max_players': 499, 'min_players': 1, 'avg_players': 230.02970297029702, 'avg_cpu_usage': 52.33168316831683, 'avg_player_ping': 123.26732673267327, 'last_updated': '2026-02-11T02:06:32.266339Z'}
2026-02-10 18:15:18,929 - basicLogger - INFO - Periodic processing started
2026-02-10 18:15:18,929 - basicLogger - INFO - Periodic processing ended
2026-02-10 18:15:18,975 - basicLogger - INFO - Events received: server_health=0 player_telemetry=0
2026-02-10 18:15:18,978 - basicLogger - DEBUG - Updated stats values: {'num_server_health_readings': 202, 'num_player_telemetry_events': 202, 'max_players': 499, 'min_players': 1, 'avg_players': 230.02970297029702, 'avg_cpu_usage': 52.33168316831683, 'avg_player_ping': 123.26732673267327, 'last_updated': '2026-02-11T02:06:32.266339Z'}
2026-02-10 18:15:18,978 - basicLogger - INFO - Periodic processing ended
2026-02-10 18:15:28,876 - basicLogger - INFO - Periodic processing started
2026-02-10 18:15:28,927 - basicLogger - INFO - Periodic processing started
2026-02-10 18:15:28,943 - basicLogger - INFO - Events received: server_health=200 player_telemetry=200
2026-02-10 18:15:28,950 - basicLogger - DEBUG - Updated stats values: {'num_server_health_readings': 202, 'num_player_telemetry_events': 202, 'max_players': 499, 'min_players': 1, 'avg_players': 230.02970297029702, 'avg_cpu_usage': 52.33168316831683, 'avg_player_ping': 123.26732673267327, 'last_updated': '2026-02-11T02:06:32.266339Z'}
2026-02-10 18:15:28,950 - basicLogger - INFO - Periodic processing ended
2026-02-10 18:15:28,996 - basicLogger - INFO - Events received: server_health=200 player_telemetry=200
2026-02-10 18:15:28,998 - basicLogger - DEBUG - Updated stats values: {'num_server_health_readings': 202, 'num_player_telemetry_events': 202, 'max_players': 499, 'min_players': 1, 'avg_players': 230.02970297029702, 'avg_cpu_usage': 52.33168316831683, 'avg_player_ping': 123.26732673267327, 'last_updated': '2026-02-11T02:06:32.266339Z'}
2026-02-10 18:15:28,998 - basicLogger - INFO - Periodic processing ended
2026-02-10 18:15:38,877 - basicLogger - INFO - Periodic processing started
2026-02-10 18:15:38,928 - basicLogger - INFO - Periodic processing started
2026-02-10 18:15:39,065 - basicLogger - INFO - Events received: server_health=400 player_telemetry=400
2026-02-10 18:15:39,072 - basicLogger - DEBUG - Updated stats values: {'num_server_health_readings': 202, 'num_player_telemetry_events': 202, 'max_players': 499, 'min_players': 1, 'avg_players': 230.02970297029702, 'avg_cpu_usage': 52.33168316831683, 'avg_player_ping': 123.26732673267327, 'last_updated': '2026-02-11T02:06:32.266339Z'}
2026-02-10 18:15:39,072 - basicLogger - INFO - Periodic processing ended
2026-02-10 18:15:39,112 - basicLogger - INFO - Events received: server_health=400 player_telemetry=400
2026-02-10 18:15:39,114 - basicLogger - DEBUG - Updated stats values: {'num_server_health_readings': 202, 'num_player_telemetry_events': 202, 'max_players': 499, 'min_players': 1, 'avg_players': 230.02970297029702, 'avg_cpu_usage': 52.33168316831683, 'avg_player_ping': 123.26732673267327, 'last_updated': '2026-02-11T02:06:32.266339Z'}
2026-02-10 18:15:39,114 - basicLogger - INFO - Periodic processing ended
2026-02-10 18:15:48,877 - basicLogger - INFO - Periodic processing started
2026-02-10 18:15:48,928 - basicLogger - INFO - Periodic processing started
2026-02-10 18:15:49,059 - basicLogger - INFO - Events received: server_health=400 player_telemetry=400
2026-02-10 18:15:49,066 - basicLogger - DEBUG - Updated stats values: {'num_server_health_readings': 202, 'num_player_telemetry_events': 202, 'max_players': 499, 'min_players': 1, 'avg_players': 230.02970297029702, 'avg_cpu_usage': 52.33168316831683, 'avg_player_ping': 123.26732673267327, 'last_updated': '2026-02-11T02:06:32.266339Z'}
2026-02-10 18:15:49,066 - basicLogger - INFO - Periodic processing ended
2026-02-10 18:15:49,105 - basicLogger - INFO - Events received: server_health=400 player_telemetry=400
2026-02-10 18:15:49,107 - basicLogger - DEBUG - Updated stats values: {'num_server_health_readings': 202, 'num_player_telemetry_events': 202, 'max_players': 499, 'min_players': 1, 'avg_players': 230.02970297029702, 'avg_cpu_usage': 52.33168316831683, 'avg_player_ping': 123.26732673267327, 'last_updated': '2026-02-11T02:06:32.266339Z'}
2026-02-10 18:15:49,107 - basicLogger - INFO - Periodic processing ended
2026-02-10 18:15:49,452 - basicLogger - INFO - GET /stats request received
2026-02-10 18:15:49,452 - basicLogger - DEBUG - Stats dict: {'num_server_health_readings': 202, 'num_player_telemetry_events': 202, 'max_players': 499, 'avg_players': 230.02970297029702, 'min_players': 1, 'avg_cpu_usage': 52.33168316831683, 'avg_player_ping': 123.26732673267327, 'last_updated': '2026-02-11T02:06:32.266339Z'}
2026-02-10 18:15:49,453 - basicLogger - INFO - GET /stats request completed
2026-02-10 18:15:54,372 - basicLogger - INFO - GET /stats request received
2026-02-10 18:15:54,373 - basicLogger - DEBUG - Stats dict: {'num_server_health_readings': 202, 'num_player_telemetry_events': 202, 'max_players': 499, 'avg_players': 230.02970297029702, 'min_players': 1, 'avg_cpu_usage': 52.33168316831683, 'avg_player_ping': 123.26732673267327, 'last_updated': '2026-02-11T02:06:32.266339Z'}
2026-02-10 18:15:54,373 - basicLogger - INFO - GET /stats request completed
2026-02-10 18:15:55,377 - basicLogger - INFO - GET /stats request received
2026-02-10 18:15:55,377 - basicLogger - DEBUG - Stats dict: {'num_server_health_readings': 202, 'num_player_telemetry_events': 202, 'max_players': 499, 'avg_players': 230.02970297029702, 'min_players': 1, 'avg_cpu_usage': 52.33168316831683, 'avg_player_ping': 123.26732673267327, 'last_updated': '2026-02-11T02:06:32.266339Z'}
2026-02-10 18:15:55,378 - basicLogger - INFO - GET /stats request completed
2026-02-10 18:15:56,044 - basicLogger - INFO - GET /stats request received
2026-02-10 18:15:56,044 - basicLogger - DEBUG - Stats dict: {'num_server_health_readings': 202, 'num_player_telemetry_events': 202, 'max_players': 499, 'avg_players': 230.02970297029702, 'min_players': 1, 'avg_cpu_usage': 52.33168316831683, 'avg_player_ping': 123.26732673267327, 'last_updated': '2026-02-11T02:06:32.266339Z'}
2026-02-10 18:15:56,044 - basicLogger - INFO - GET /stats request completed
2026-02-10 18:15:58,875 - basicLogger - INFO - Periodic processing started
2026-02-10 18:15:58,927 - basicLogger - INFO - Periodic processing started
2026-02-10 18:15:59,023 - basicLogger - INFO - Events received: server_health=400 player_telemetry=400
2026-02-10 18:15:59,029 - basicLogger - DEBUG - Updated stats values: {'num_server_health_readings': 202, 'num_player_telemetry_events': 202, 'max_players': 499, 'min_players': 1, 'avg_players': 230.02970297029702, 'avg_cpu_usage': 52.33168316831683, 'avg_player_ping': 123.26732673267327, 'last_updated': '2026-02-11T02:06:32.266339Z'}
2026-02-10 18:15:59,030 - basicLogger - INFO - Periodic processing ended
2026-02-10 18:15:59,075 - basicLogger - INFO - Events received: server_health=400 player_telemetry=400
2026-02-10 18:15:59,077 - basicLogger - DEBUG - Updated stats values: {'num_server_health_readings': 202, 'num_player_telemetry_events': 202, 'max_players': 499, 'min_players': 1, 'avg_players': 230.02970297029702, 'avg_cpu_usage': 52.33168316831683, 'avg_player_ping': 123.26732673267327, 'last_updated': '2026-02-11T02:06:32.266339Z'}
2026-02-10 18:15:59,077 - basicLogger - INFO - Periodic processing ended
2026-02-10 18:16:08,876 - basicLogger - INFO - Periodic processing started
2026-02-10 18:16:08,927 - basicLogger - INFO - Periodic processing started
2026-02-10 18:16:09,060 - basicLogger - INFO - Events received: server_health=400 player_telemetry=400
2026-02-10 18:16:09,067 - basicLogger - DEBUG - Updated stats values: {'num_server_health_readings': 202, 'num_player_telemetry_events': 202, 'max_players': 499, 'min_players': 1, 'avg_players': 230.02970297029702, 'avg_cpu_usage': 52.33168316831683, 'avg_player_ping': 123.26732673267327, 'last_updated': '2026-02-11T02:06:32.266339Z'}
2026-02-10 18:16:09,067 - basicLogger - INFO - Periodic processing ended
2026-02-10 18:16:09,110 - basicLogger - INFO - Events received: server_health=400 player_telemetry=400
2026-02-10 18:16:09,112 - basicLogger - DEBUG - Updated stats values: {'num_server_health_readings': 202, 'num_player_telemetry_events': 202, 'max_players': 499, 'min_players': 1, 'avg_players': 230.02970297029702, 'avg_cpu_usage': 52.33168316831683, 'avg_player_ping': 123.26732673267327, 'last_updated': '2026-02-11T02:06:32.266339Z'}
2026-02-10 18:16:09,112 - basicLogger - INFO - Periodic processing ended
2026-02-10 18:16:18,876 - basicLogger - INFO - Periodic processing started
2026-02-10 18:16:18,927 - basicLogger - INFO - Periodic processing started
2026-02-10 18:16:19,063 - basicLogger - INFO - Events received: server_health=400 player_telemetry=400
2026-02-10 18:16:19,069 - basicLogger - DEBUG - Updated stats values: {'num_server_health_readings': 202, 'num_player_telemetry_events': 202, 'max_players': 499, 'min_players': 1, 'avg_players': 230.02970297029702, 'avg_cpu_usage': 52.33168316831683, 'avg_player_ping': 123.26732673267327, 'last_updated': '2026-02-11T02:06:32.266339Z'}
2026-02-10 18:16:19,069 - basicLogger - INFO - Periodic processing ended
2026-02-10 18:16:19,100 - basicLogger - INFO - Events received: server_health=400 player_telemetry=400
2026-02-10 18:16:19,102 - basicLogger - DEBUG - Updated stats values: {'num_server_health_readings': 202, 'num_player_telemetry_events': 202, 'max_players': 499, 'min_players': 1, 'avg_players': 230.02970297029702, 'avg_cpu_usage': 52.33168316831683, 'avg_player_ping': 123.26732673267327, 'last_updated': '2026-02-11T02:06:32.266339Z'}
2026-02-10 18:16:19,102 - basicLogger - INFO - Periodic processing ended
2026-02-10 18:16:28,876 - basicLogger - INFO - Periodic processing started
2026-02-10 18:16:28,927 - basicLogger - INFO - Periodic processing started
2026-02-10 18:16:29,068 - basicLogger - INFO - Events received: server_health=400 player_telemetry=400
2026-02-10 18:16:29,074 - basicLogger - DEBUG - Updated stats values: {'num_server_health_readings': 202, 'num_player_telemetry_events': 202, 'max_players': 499, 'min_players': 1, 'avg_players': 230.02970297029702, 'avg_cpu_usage': 52.33168316831683, 'avg_player_ping': 123.26732673267327, 'last_updated': '2026-02-11T02:06:32.266339Z'}
2026-02-10 18:16:29,075 - basicLogger - INFO - Periodic processing ended
2026-02-10 18:16:29,116 - basicLogger - INFO - Events received: server_health=400 player_telemetry=400
2026-02-10 18:16:29,118 - basicLogger - DEBUG - Updated stats values: {'num_server_health_readings': 202, 'num_player_telemetry_events': 202, 'max_players': 499, 'min_players': 1, 'avg_players': 230.02970297029702, 'avg_cpu_usage': 52.33168316831683, 'avg_player_ping': 123.26732673267327, 'last_updated': '2026-02-11T02:06:32.266339Z'}
2026-02-10 18:16:29,118 - basicLogger - INFO - Periodic processing ended
2026-02-10 18:16:38,876 - basicLogger - INFO - Periodic processing started
2026-02-10 18:16:38,927 - basicLogger - INFO - Periodic processing started
2026-02-10 18:16:39,075 - basicLogger - INFO - Events received: server_health=400 player_telemetry=400
2026-02-10 18:16:39,081 - basicLogger - DEBUG - Updated stats values: {'num_server_health_readings': 202, 'num_player_telemetry_events': 202, 'max_players': 499, 'min_players': 1, 'avg_players': 230.02970297029702, 'avg_cpu_usage': 52.33168316831683, 'avg_player_ping': 123.26732673267327, 'last_updated': '2026-02-11T02:06:32.266339Z'}
2026-02-10 18:16:39,081 - basicLogger - INFO - Periodic processing ended
2026-02-10 18:16:39,125 - basicLogger - INFO - Events received: server_health=400 player_telemetry=400
2026-02-10 18:16:39,127 - basicLogger - DEBUG - Updated stats values: {'num_server_health_readings': 202, 'num_player_telemetry_events': 202, 'max_players': 499, 'min_players': 1, 'avg_players': 230.02970297029702, 'avg_cpu_usage': 52.33168316831683, 'avg_player_ping': 123.26732673267327, 'last_updated': '2026-02-11T02:06:32.266339Z'}
2026-02-10 18:16:39,127 - basicLogger - INFO - Periodic processing ended
2026-02-10 18:16:48,877 - basicLogger - INFO - Periodic processing started
2026-02-10 18:16:48,927 - basicLogger - INFO - Periodic processing started
2026-02-10 18:16:49,074 - basicLogger - INFO - Events received: server_health=400 player_telemetry=400
2026-02-10 18:16:49,081 - basicLogger - DEBUG - Updated stats values: {'num_server_health_readings': 202, 'num_player_telemetry_events': 202, 'max_players': 499, 'min_players': 1, 'avg_players': 230.02970297029702, 'avg_cpu_usage': 52.33168316831683, 'avg_player_ping': 123.26732673267327, 'last_updated': '2026-02-11T02:06:32.266339Z'}
2026-02-10 18:16:49,081 - basicLogger - INFO - Periodic processing ended
2026-02-10 18:16:49,110 - basicLogger - INFO - Events received: server_health=400 player_telemetry=400
2026-02-10 18:16:49,112 - basicLogger - DEBUG - Updated stats values: {'num_server_health_readings': 202, 'num_player_telemetry_events': 202, 'max_players': 499, 'min_players': 1, 'avg_players': 230.02970297029702, 'avg_cpu_usage': 52.33168316831683, 'avg_player_ping': 123.26732673267327, 'last_updated': '2026-02-11T02:06:32.266339Z'}
2026-02-10 18:16:49,112 - basicLogger - INFO - Periodic processing ended
2026-02-10 18:16:58,876 - basicLogger - INFO - Periodic processing started
2026-02-10 18:16:58,928 - basicLogger - INFO - Periodic processing started
2026-02-10 18:16:59,074 - basicLogger - INFO - Events received: server_health=400 player_telemetry=400
2026-02-10 18:16:59,081 - basicLogger - DEBUG - Updated stats values: {'num_server_health_readings': 202, 'num_player_telemetry_events': 202, 'max_players': 499, 'min_players': 1, 'avg_players': 230.02970297029702, 'avg_cpu_usage': 52.33168316831683, 'avg_player_ping': 123.26732673267327, 'last_updated': '2026-02-11T02:06:32.266339Z'}
2026-02-10 18:16:59,081 - basicLogger - INFO - Periodic processing ended
2026-02-10 18:16:59,130 - basicLogger - INFO - Events received: server_health=400 player_telemetry=400
2026-02-10 18:16:59,132 - basicLogger - DEBUG - Updated stats values: {'num_server_health_readings': 202, 'num_player_telemetry_events': 202, 'max_players': 499, 'min_players': 1, 'avg_players': 230.02970297029702, 'avg_cpu_usage': 52.33168316831683, 'avg_player_ping': 123.26732673267327, 'last_updated': '2026-02-11T02:06:32.266339Z'}
2026-02-10 18:16:59,132 - basicLogger - INFO - Periodic processing ended
2026-02-10 18:17:08,877 - basicLogger - INFO - Periodic processing started
2026-02-10 18:17:08,927 - basicLogger - INFO - Periodic processing started
2026-02-10 18:17:09,061 - basicLogger - INFO - Events received: server_health=400 player_telemetry=400
2026-02-10 18:17:09,068 - basicLogger - DEBUG - Updated stats values: {'num_server_health_readings': 202, 'num_player_telemetry_events': 202, 'max_players': 499, 'min_players': 1, 'avg_players': 230.02970297029702, 'avg_cpu_usage': 52.33168316831683, 'avg_player_ping': 123.26732673267327, 'last_updated': '2026-02-11T02:06:32.266339Z'}
2026-02-10 18:17:09,068 - basicLogger - INFO - Periodic processing ended
2026-02-10 18:17:09,111 - basicLogger - INFO - Events received: server_health=400 player_telemetry=400
2026-02-10 18:17:09,112 - basicLogger - DEBUG - Updated stats values: {'num_server_health_readings': 202, 'num_player_telemetry_events': 202, 'max_players': 499, 'min_players': 1, 'avg_players': 230.02970297029702, 'avg_cpu_usage': 52.33168316831683, 'avg_player_ping': 123.26732673267327, 'last_updated': '2026-02-11T02:06:32.266339Z'}
2026-02-10 18:17:09,112 - basicLogger - INFO - Periodic processing ended
2026-02-10 18:17:18,876 - basicLogger - INFO - Periodic processing started
2026-02-10 18:17:18,927 - basicLogger - INFO - Periodic processing started
2026-02-10 18:17:18,991 - basicLogger - INFO - Events received: server_health=400 player_telemetry=400
2026-02-10 18:17:18,997 - basicLogger - DEBUG - Updated stats values: {'num_server_health_readings': 202, 'num_player_telemetry_events': 202, 'max_players': 499, 'min_players': 1, 'avg_players': 230.02970297029702, 'avg_cpu_usage': 52.33168316831683, 'avg_player_ping': 123.26732673267327, 'last_updated': '2026-02-11T02:06:32.266339Z'}
2026-02-10 18:17:18,997 - basicLogger - INFO - Periodic processing ended
2026-02-10 18:17:19,073 - basicLogger - INFO - Events received: server_health=400 player_telemetry=400
2026-02-10 18:17:19,075 - basicLogger - DEBUG - Updated stats values: {'num_server_health_readings': 202, 'num_player_telemetry_events': 202, 'max_players': 499, 'min_players': 1, 'avg_players': 230.02970297029702, 'avg_cpu_usage': 52.33168316831683, 'avg_player_ping': 123.26732673267327, 'last_updated': '2026-02-11T02:06:32.266339Z'}
2026-02-10 18:17:19,075 - basicLogger - INFO - Periodic processing ended
2026-02-10 18:17:28,876 - basicLogger - INFO - Periodic processing started
2026-02-10 18:17:28,927 - basicLogger - INFO - Periodic processing started
2026-02-10 18:17:29,048 - basicLogger - INFO - Events received: server_health=400 player_telemetry=400
2026-02-10 18:17:29,055 - basicLogger - DEBUG - Updated stats values: {'num_server_health_readings': 202, 'num_player_telemetry_events': 202, 'max_players': 499, 'min_players': 1, 'avg_players': 230.02970297029702, 'avg_cpu_usage': 52.33168316831683, 'avg_player_ping': 123.26732673267327, 'last_updated': '2026-02-11T02:06:32.266339Z'}
2026-02-10 18:17:29,055 - basicLogger - INFO - Periodic processing ended
2026-02-10 18:17:29,102 - basicLogger - INFO - Events received: server_health=400 player_telemetry=400
2026-02-10 18:17:29,103 - basicLogger - DEBUG - Updated stats values: {'num_server_health_readings': 202, 'num_player_telemetry_events': 202, 'max_players': 499, 'min_players': 1, 'avg_players': 230.02970297029702, 'avg_cpu_usage': 52.33168316831683, 'avg_player_ping': 123.26732673267327, 'last_updated': '2026-02-11T02:06:32.266339Z'}
2026-02-10 18:17:29,104 - basicLogger - INFO - Periodic processing ended
2026-02-10 18:17:38,876 - basicLogger - INFO - Periodic processing started
2026-02-10 18:17:38,927 - basicLogger - INFO - Periodic processing started
2026-02-10 18:17:38,997 - basicLogger - INFO - Events received: server_health=400 player_telemetry=400
2026-02-10 18:17:39,003 - basicLogger - DEBUG - Updated stats values: {'num_server_health_readings': 202, 'num_player_telemetry_events': 202, 'max_players': 499, 'min_players': 1, 'avg_players': 230.02970297029702, 'avg_cpu_usage': 52.33168316831683, 'avg_player_ping': 123.26732673267327, 'last_updated': '2026-02-11T02:06:32.266339Z'}
2026-02-10 18:17:39,003 - basicLogger - INFO - Periodic processing ended
2026-02-10 18:17:39,101 - basicLogger - INFO - Events received: server_health=400 player_telemetry=400
2026-02-10 18:17:39,103 - basicLogger - DEBUG - Updated stats values: {'num_server_health_readings': 202, 'num_player_telemetry_events': 202, 'max_players': 499, 'min_players': 1, 'avg_players': 230.02970297029702, 'avg_cpu_usage': 52.33168316831683, 'avg_player_ping': 123.26732673267327, 'last_updated': '2026-02-11T02:06:32.266339Z'}
2026-02-10 18:17:39,103 - basicLogger - INFO - Periodic processing ended
2026-02-10 18:17:48,875 - basicLogger - INFO - Periodic processing started
2026-02-10 18:17:48,927 - basicLogger - INFO - Periodic processing started
2026-02-10 18:17:49,037 - basicLogger - INFO - Events received: server_health=400 player_telemetry=400
2026-02-10 18:17:49,044 - basicLogger - DEBUG - Updated stats values: {'num_server_health_readings': 202, 'num_player_telemetry_events': 202, 'max_players': 499, 'min_players': 1, 'avg_players': 230.02970297029702, 'avg_cpu_usage': 52.33168316831683, 'avg_player_ping': 123.26732673267327, 'last_updated': '2026-02-11T02:06:32.266339Z'}
2026-02-10 18:17:49,044 - basicLogger - INFO - Periodic processing ended
2026-02-10 18:17:49,088 - basicLogger - INFO - Events received: server_health=400 player_telemetry=400
2026-02-10 18:17:49,090 - basicLogger - DEBUG - Updated stats values: {'num_server_health_readings': 202, 'num_player_telemetry_events': 202, 'max_players': 499, 'min_players': 1, 'avg_players': 230.02970297029702, 'avg_cpu_usage': 52.33168316831683, 'avg_player_ping': 123.26732673267327, 'last_updated': '2026-02-11T02:06:32.266339Z'}
2026-02-10 18:17:49,090 - basicLogger - INFO - Periodic processing ended
2026-02-10 18:17:58,875 - basicLogger - INFO - Periodic processing started
2026-02-10 18:17:58,927 - basicLogger - INFO - Periodic processing started
2026-02-10 18:17:59,014 - basicLogger - INFO - Events received: server_health=400 player_telemetry=400
2026-02-10 18:17:59,022 - basicLogger - DEBUG - Updated stats values: {'num_server_health_readings': 202, 'num_player_telemetry_events': 202, 'max_players': 499, 'min_players': 1, 'avg_players': 230.02970297029702, 'avg_cpu_usage': 52.33168316831683, 'avg_player_ping': 123.26732673267327, 'last_updated': '2026-02-11T02:06:32.266339Z'}
2026-02-10 18:17:59,022 - basicLogger - INFO - Periodic processing ended
2026-02-10 18:17:59,129 - basicLogger - INFO - Events received: server_health=400 player_telemetry=400
2026-02-10 18:17:59,138 - basicLogger - DEBUG - Updated stats values: {'num_server_health_readings': 202, 'num_player_telemetry_events': 202, 'max_players': 499, 'min_players': 1, 'avg_players': 230.02970297029702, 'avg_cpu_usage': 52.33168316831683, 'avg_player_ping': 123.26732673267327, 'last_updated': '2026-02-11T02:06:32.266339Z'}
2026-02-10 18:17:59,138 - basicLogger - INFO - Periodic processing ended
2026-02-10 18:18:08,876 - basicLogger - INFO - Periodic processing started
2026-02-10 18:18:08,927 - basicLogger - INFO - Periodic processing started
2026-02-10 18:18:09,071 - basicLogger - INFO - Events received: server_health=400 player_telemetry=400
2026-02-10 18:18:09,077 - basicLogger - DEBUG - Updated stats values: {'num_server_health_readings': 202, 'num_player_telemetry_events': 202, 'max_players': 499, 'min_players': 1, 'avg_players': 230.02970297029702, 'avg_cpu_usage': 52.33168316831683, 'avg_player_ping': 123.26732673267327, 'last_updated': '2026-02-11T02:06:32.266339Z'}
2026-02-10 18:18:09,078 - basicLogger - INFO - Periodic processing ended
2026-02-10 18:18:09,123 - basicLogger - INFO - Events received: server_health=400 player_telemetry=400
2026-02-10 18:18:09,125 - basicLogger - DEBUG - Updated stats values: {'num_server_health_readings': 202, 'num_player_telemetry_events': 202, 'max_players': 499, 'min_players': 1, 'avg_players': 230.02970297029702, 'avg_cpu_usage': 52.33168316831683, 'avg_player_ping': 123.26732673267327, 'last_updated': '2026-02-11T02:06:32.266339Z'}
2026-02-10 18:18:09,125 - basicLogger - INFO - Periodic processing ended
2026-02-10 18:18:18,876 - basicLogger - INFO - Periodic processing started
2026-02-10 18:18:18,927 - basicLogger - INFO - Periodic processing started
2026-02-10 18:18:19,063 - basicLogger - INFO - Events received: server_health=400 player_telemetry=400
2026-02-10 18:18:19,065 - basicLogger - DEBUG - Updated stats values: {'num_server_health_readings': 202, 'num_player_telemetry_events': 202, 'max_players': 499, 'min_players': 1, 'avg_players': 230.02970297029702, 'avg_cpu_usage': 52.33168316831683, 'avg_player_ping': 123.26732673267327, 'last_updated': '2026-02-11T02:06:32.266339Z'}
2026-02-10 18:18:19,065 - basicLogger - INFO - Periodic processing ended
2026-02-10 18:18:19,109 - basicLogger - INFO - Events received: server_health=400 player_telemetry=400
2026-02-10 18:18:19,111 - basicLogger - DEBUG - Updated stats values: {'num_server_health_readings': 202, 'num_player_telemetry_events': 202, 'max_players': 499, 'min_players': 1, 'avg_players': 230.02970297029702, 'avg_cpu_usage': 52.33168316831683, 'avg_player_ping': 123.26732673267327, 'last_updated': '2026-02-11T02:06:32.266339Z'}
2026-02-10 18:18:19,111 - basicLogger - INFO - Periodic processing ended
2026-02-10 18:18:28,875 - basicLogger - INFO - Periodic processing started
2026-02-10 18:18:28,927 - basicLogger - INFO - Periodic processing started
2026-02-10 18:18:29,098 - basicLogger - INFO - Events received: server_health=400 player_telemetry=400
2026-02-10 18:18:29,105 - basicLogger - DEBUG - Updated stats values: {'num_server_health_readings': 202, 'num_player_telemetry_events': 202, 'max_players': 499, 'min_players': 1, 'avg_players': 230.02970297029702, 'avg_cpu_usage': 52.33168316831683, 'avg_player_ping': 123.26732673267327, 'last_updated': '2026-02-11T02:06:32.266339Z'}
2026-02-10 18:18:29,105 - basicLogger - INFO - Periodic processing ended
2026-02-10 18:18:29,136 - basicLogger - INFO - Events received: server_health=400 player_telemetry=400
2026-02-10 18:18:29,138 - basicLogger - DEBUG - Updated stats values: {'num_server_health_readings': 202, 'num_player_telemetry_events': 202, 'max_players': 499, 'min_players': 1, 'avg_players': 230.02970297029702, 'avg_cpu_usage': 52.33168316831683, 'avg_player_ping': 123.26732673267327, 'last_updated': '2026-02-11T02:06:32.266339Z'}
2026-02-10 18:18:29,138 - basicLogger - INFO - Periodic processing ended
2026-02-10 18:18:38,877 - basicLogger - INFO - Periodic processing started
2026-02-10 18:18:38,927 - basicLogger - INFO - Periodic processing started
2026-02-10 18:18:39,089 - basicLogger - INFO - Events received: server_health=400 player_telemetry=400
2026-02-10 18:18:39,090 - basicLogger - DEBUG - Updated stats values: {'num_server_health_readings': 202, 'num_player_telemetry_events': 202, 'max_players': 499, 'min_players': 1, 'avg_players': 230.02970297029702, 'avg_cpu_usage': 52.33168316831683, 'avg_player_ping': 123.26732673267327, 'last_updated': '2026-02-11T02:06:32.266339Z'}
2026-02-10 18:18:39,090 - basicLogger - INFO - Periodic processing ended
2026-02-10 18:18:39,137 - basicLogger - INFO - Events received: server_health=400 player_telemetry=400
2026-02-10 18:18:39,139 - basicLogger - DEBUG - Updated stats values: {'num_server_health_readings': 202, 'num_player_telemetry_events': 202, 'max_players': 499, 'min_players': 1, 'avg_players': 230.02970297029702, 'avg_cpu_usage': 52.33168316831683, 'avg_player_ping': 123.26732673267327, 'last_updated': '2026-02-11T02:06:32.266339Z'}
2026-02-10 18:18:39,139 - basicLogger - INFO - Periodic processing ended
2026-02-10 18:18:48,875 - basicLogger - INFO - Periodic processing started
2026-02-10 18:18:48,927 - basicLogger - INFO - Periodic processing started
2026-02-10 18:18:49,051 - basicLogger - INFO - Events received: server_health=400 player_telemetry=400
2026-02-10 18:18:49,057 - basicLogger - DEBUG - Updated stats values: {'num_server_health_readings': 202, 'num_player_telemetry_events': 202, 'max_players': 499, 'min_players': 1, 'avg_players': 230.02970297029702, 'avg_cpu_usage': 52.33168316831683, 'avg_player_ping': 123.26732673267327, 'last_updated': '2026-02-11T02:06:32.266339Z'}
2026-02-10 18:18:49,057 - basicLogger - INFO - Periodic processing ended
2026-02-10 18:18:49,098 - basicLogger - INFO - Events received: server_health=400 player_telemetry=400
2026-02-10 18:18:49,100 - basicLogger - DEBUG - Updated stats values: {'num_server_health_readings': 202, 'num_player_telemetry_events': 202, 'max_players': 499, 'min_players': 1, 'avg_players': 230.02970297029702, 'avg_cpu_usage': 52.33168316831683, 'avg_player_ping': 123.26732673267327, 'last_updated': '2026-02-11T02:06:32.266339Z'}
2026-02-10 18:18:49,100 - basicLogger - INFO - Periodic processing ended
2026-02-10 18:18:58,877 - basicLogger - INFO - Periodic processing started
2026-02-10 18:18:58,927 - basicLogger - INFO - Periodic processing started
2026-02-10 18:18:59,079 - basicLogger - INFO - Events received: server_health=400 player_telemetry=400
2026-02-10 18:18:59,085 - basicLogger - DEBUG - Updated stats values: {'num_server_health_readings': 202, 'num_player_telemetry_events': 202, 'max_players': 499, 'min_players': 1, 'avg_players': 230.02970297029702, 'avg_cpu_usage': 52.33168316831683, 'avg_player_ping': 123.26732673267327, 'last_updated': '2026-02-11T02:06:32.266339Z'}
2026-02-10 18:18:59,085 - basicLogger - INFO - Periodic processing ended
2026-02-10 18:18:59,113 - basicLogger - INFO - Events received: server_health=400 player_telemetry=400
2026-02-10 18:18:59,115 - basicLogger - DEBUG - Updated stats values: {'num_server_health_readings': 202, 'num_player_telemetry_events': 202, 'max_players': 499, 'min_players': 1, 'avg_players': 230.02970297029702, 'avg_cpu_usage': 52.33168316831683, 'avg_player_ping': 123.26732673267327, 'last_updated': '2026-02-11T02:06:32.266339Z'}
2026-02-10 18:18:59,115 - basicLogger - INFO - Periodic processing ended
2026-02-10 18:19:08,876 - basicLogger - INFO - Periodic processing started
2026-02-10 18:19:08,927 - basicLogger - INFO - Periodic processing started
2026-02-10 18:19:09,117 - basicLogger - INFO - Events received: server_health=400 player_telemetry=400
2026-02-10 18:19:09,124 - basicLogger - DEBUG - Updated stats values: {'num_server_health_readings': 202, 'num_player_telemetry_events': 202, 'max_players': 499, 'min_players': 1, 'avg_players': 230.02970297029702, 'avg_cpu_usage': 52.33168316831683, 'avg_player_ping': 123.26732673267327, 'last_updated': '2026-02-11T02:06:32.266339Z'}
2026-02-10 18:19:09,124 - basicLogger - INFO - Periodic processing ended
2026-02-10 18:19:09,170 - basicLogger - INFO - Events received: server_health=400 player_telemetry=400
2026-02-10 18:19:09,172 - basicLogger - DEBUG - Updated stats values: {'num_server_health_readings': 202, 'num_player_telemetry_events': 202, 'max_players': 499, 'min_players': 1, 'avg_players': 230.02970297029702, 'avg_cpu_usage': 52.33168316831683, 'avg_player_ping': 123.26732673267327, 'last_updated': '2026-02-11T02:06:32.266339Z'}
2026-02-10 18:19:09,172 - basicLogger - INFO - Periodic processing ended
2026-02-10 18:19:18,875 - basicLogger - INFO - Periodic processing started
2026-02-10 18:19:18,927 - basicLogger - INFO - Periodic processing started
2026-02-10 18:19:19,030 - basicLogger - INFO - Events received: server_health=400 player_telemetry=400
2026-02-10 18:19:19,036 - basicLogger - DEBUG - Updated stats values: {'num_server_health_readings': 202, 'num_player_telemetry_events': 202, 'max_players': 499, 'min_players': 1, 'avg_players': 230.02970297029702, 'avg_cpu_usage': 52.33168316831683, 'avg_player_ping': 123.26732673267327, 'last_updated': '2026-02-11T02:06:32.266339Z'}
2026-02-10 18:19:19,037 - basicLogger - INFO - Periodic processing ended
2026-02-10 18:19:19,078 - basicLogger - INFO - Events received: server_health=400 player_telemetry=400
2026-02-10 18:19:19,081 - basicLogger - DEBUG - Updated stats values: {'num_server_health_readings': 202, 'num_player_telemetry_events': 202, 'max_players': 499, 'min_players': 1, 'avg_players': 230.02970297029702, 'avg_cpu_usage': 52.33168316831683, 'avg_player_ping': 123.26732673267327, 'last_updated': '2026-02-11T02:06:32.266339Z'}
2026-02-10 18:19:19,081 - basicLogger - INFO - Periodic processing ended
2026-02-10 18:19:28,876 - basicLogger - INFO - Periodic processing started
2026-02-10 18:19:28,927 - basicLogger - INFO - Periodic processing started
2026-02-10 18:19:29,044 - basicLogger - INFO - Events received: server_health=400 player_telemetry=400
2026-02-10 18:19:29,050 - basicLogger - DEBUG - Updated stats values: {'num_server_health_readings': 202, 'num_player_telemetry_events': 202, 'max_players': 499, 'min_players': 1, 'avg_players': 230.02970297029702, 'avg_cpu_usage': 52.33168316831683, 'avg_player_ping': 123.26732673267327, 'last_updated': '2026-02-11T02:06:32.266339Z'}
2026-02-10 18:19:29,051 - basicLogger - INFO - Periodic processing ended
2026-02-10 18:19:29,090 - basicLogger - INFO - Events received: server_health=400 player_telemetry=400
2026-02-10 18:19:29,093 - basicLogger - DEBUG - Updated stats values: {'num_server_health_readings': 202, 'num_player_telemetry_events': 202, 'max_players': 499, 'min_players': 1, 'avg_players': 230.02970297029702, 'avg_cpu_usage': 52.33168316831683, 'avg_player_ping': 123.26732673267327, 'last_updated': '2026-02-11T02:06:32.266339Z'}
2026-02-10 18:19:29,093 - basicLogger - INFO - Periodic processing ended
2026-02-10 18:19:44,339 - basicLogger - INFO - populate_stats() executed
2026-02-10 18:19:44,340 - basicLogger - INFO - Scheduler interval = 5 seconds
2026-02-10 18:19:44,340 - basicLogger - INFO - Periodic processing started
2026-02-10 18:19:44,390 - basicLogger - INFO - populate_stats() executed
2026-02-10 18:19:44,390 - basicLogger - INFO - Scheduler interval = 5 seconds
2026-02-10 18:19:44,391 - basicLogger - INFO - Periodic processing started
2026-02-10 18:19:44,462 - basicLogger - INFO - GET http://localhost:8089/events/server-health?start_timestamp=2026-02-11T02%3A06%3A32.266339Z&end_timestamp=2026-02-11T02%3A19%3A44Z ok: type=<class 'list'> len=400
2026-02-10 18:19:44,493 - basicLogger - INFO - GET http://localhost:8089/events/server-health?start_timestamp=2026-02-11T02%3A06%3A32.266339Z&end_timestamp=2026-02-11T02%3A19%3A44Z ok: type=<class 'list'> len=400
2026-02-10 18:19:49,340 - basicLogger - INFO - populate_stats() executed
2026-02-10 18:19:49,340 - basicLogger - INFO - Scheduler interval = 5 seconds
2026-02-10 18:19:49,340 - basicLogger - INFO - Periodic processing started
2026-02-10 18:19:49,389 - basicLogger - INFO - populate_stats() executed
2026-02-10 18:19:49,390 - basicLogger - INFO - Scheduler interval = 5 seconds
2026-02-10 18:19:49,390 - basicLogger - INFO - Periodic processing started
2026-02-10 18:19:49,429 - basicLogger - INFO - GET http://localhost:8089/events/server-health?start_timestamp=2026-02-11T02%3A06%3A32.266339Z&end_timestamp=2026-02-11T02%3A19%3A49Z ok: type=<class 'list'> len=400
2026-02-10 18:19:49,476 - basicLogger - INFO - GET http://localhost:8089/events/server-health?start_timestamp=2026-02-11T02%3A06%3A32.266339Z&end_timestamp=2026-02-11T02%3A19%3A49Z ok: type=<class 'list'> len=400
2026-02-10 18:19:54,339 - basicLogger - INFO - populate_stats() executed
2026-02-10 18:19:54,339 - basicLogger - INFO - Scheduler interval = 5 seconds
2026-02-10 18:19:54,340 - basicLogger - INFO - Periodic processing started
2026-02-10 18:19:54,389 - basicLogger - INFO - populate_stats() executed
2026-02-10 18:19:54,389 - basicLogger - INFO - Scheduler interval = 5 seconds
2026-02-10 18:19:54,389 - basicLogger - INFO - Periodic processing started
2026-02-10 18:19:54,433 - basicLogger - INFO - GET http://localhost:8089/events/server-health?start_timestamp=2026-02-11T02%3A06%3A32.266339Z&end_timestamp=2026-02-11T02%3A19%3A54Z ok: type=<class 'list'> len=400
2026-02-10 18:19:54,477 - basicLogger - INFO - GET http://localhost:8089/events/server-health?start_timestamp=2026-02-11T02%3A06%3A32.266339Z&end_timestamp=2026-02-11T02%3A19%3A54Z ok: type=<class 'list'> len=400
2026-02-10 18:19:59,339 - basicLogger - INFO - populate_stats() executed
2026-02-10 18:19:59,340 - basicLogger - INFO - Scheduler interval = 5 seconds
2026-02-10 18:19:59,340 - basicLogger - INFO - Periodic processing started
2026-02-10 18:19:59,389 - basicLogger - INFO - populate_stats() executed
2026-02-10 18:19:59,389 - basicLogger - INFO - Scheduler interval = 5 seconds
2026-02-10 18:19:59,389 - basicLogger - INFO - Periodic processing started
2026-02-10 18:19:59,416 - basicLogger - INFO - GET http://localhost:8089/events/server-health?start_timestamp=2026-02-11T02%3A06%3A32.266339Z&end_timestamp=2026-02-11T02%3A19%3A59Z ok: type=<class 'list'> len=400
2026-02-10 18:19:59,459 - basicLogger - INFO - GET http://localhost:8089/events/server-health?start_timestamp=2026-02-11T02%3A06%3A32.266339Z&end_timestamp=2026-02-11T02%3A19%3A59Z ok: type=<class 'list'> len=400
2026-02-10 18:20:04,339 - basicLogger - INFO - populate_stats() executed
2026-02-10 18:20:04,339 - basicLogger - INFO - Scheduler interval = 5 seconds
2026-02-10 18:20:04,339 - basicLogger - INFO - Periodic processing started
2026-02-10 18:20:04,389 - basicLogger - INFO - populate_stats() executed
2026-02-10 18:20:04,389 - basicLogger - INFO - Scheduler interval = 5 seconds
2026-02-10 18:20:04,389 - basicLogger - INFO - Periodic processing started
2026-02-10 18:20:04,429 - basicLogger - INFO - GET http://localhost:8089/events/server-health?start_timestamp=2026-02-11T02%3A06%3A32.266339Z&end_timestamp=2026-02-11T02%3A20%3A04Z ok: type=<class 'list'> len=400
2026-02-10 18:20:04,472 - basicLogger - INFO - GET http://localhost:8089/events/server-health?start_timestamp=2026-02-11T02%3A06%3A32.266339Z&end_timestamp=2026-02-11T02%3A20%3A04Z ok: type=<class 'list'> len=400
2026-02-10 18:20:09,339 - basicLogger - INFO - populate_stats() executed
2026-02-10 18:20:09,339 - basicLogger - INFO - Scheduler interval = 5 seconds
2026-02-10 18:20:09,340 - basicLogger - INFO - Periodic processing started
2026-02-10 18:20:09,389 - basicLogger - INFO - populate_stats() executed
2026-02-10 18:20:09,389 - basicLogger - INFO - Scheduler interval = 5 seconds
2026-02-10 18:20:09,389 - basicLogger - INFO - Periodic processing started
2026-02-10 18:20:09,402 - basicLogger - INFO - GET http://localhost:8089/events/server-health?start_timestamp=2026-02-11T02%3A06%3A32.266339Z&end_timestamp=2026-02-11T02%3A20%3A09Z ok: type=<class 'list'> len=400
2026-02-10 18:20:09,451 - basicLogger - INFO - GET http://localhost:8089/events/server-health?start_timestamp=2026-02-11T02%3A06%3A32.266339Z&end_timestamp=2026-02-11T02%3A20%3A09Z ok: type=<class 'list'> len=400
2026-02-10 18:20:14,340 - basicLogger - INFO - populate_stats() executed
2026-02-10 18:20:14,340 - basicLogger - INFO - Scheduler interval = 5 seconds
2026-02-10 18:20:14,341 - basicLogger - INFO - Periodic processing started
2026-02-10 18:20:14,389 - basicLogger - INFO - populate_stats() executed
2026-02-10 18:20:14,389 - basicLogger - INFO - Scheduler interval = 5 seconds
2026-02-10 18:20:14,389 - basicLogger - INFO - Periodic processing started
2026-02-10 18:20:14,431 - basicLogger - INFO - GET http://localhost:8089/events/server-health?start_timestamp=2026-02-11T02%3A06%3A32.266339Z&end_timestamp=2026-02-11T02%3A20%3A14Z ok: type=<class 'list'> len=400
2026-02-10 18:20:14,481 - basicLogger - INFO - GET http://localhost:8089/events/server-health?start_timestamp=2026-02-11T02%3A06%3A32.266339Z&end_timestamp=2026-02-11T02%3A20%3A14Z ok: type=<class 'list'> len=400
2026-02-10 18:20:19,338 - basicLogger - INFO - populate_stats() executed
2026-02-10 18:20:19,339 - basicLogger - INFO - Scheduler interval = 5 seconds
2026-02-10 18:20:19,339 - basicLogger - INFO - Periodic processing started
2026-02-10 18:20:19,389 - basicLogger - INFO - populate_stats() executed
2026-02-10 18:20:19,389 - basicLogger - INFO - Scheduler interval = 5 seconds
2026-02-10 18:20:19,390 - basicLogger - INFO - GET http://localhost:8089/events/server-health?start_timestamp=2026-02-11T02%3A06%3A32.266339Z&end_timestamp=2026-02-11T02%3A20%3A19Z ok: type=<class 'list'> len=400
2026-02-10 18:20:19,390 - basicLogger - INFO - Periodic processing started
2026-02-10 18:20:19,442 - basicLogger - INFO - GET http://localhost:8089/events/server-health?start_timestamp=2026-02-11T02%3A06%3A32.266339Z&end_timestamp=2026-02-11T02%3A20%3A19Z ok: type=<class 'list'> len=400
2026-02-10 18:20:24,338 - basicLogger - INFO - populate_stats() executed
2026-02-10 18:20:24,338 - basicLogger - INFO - Scheduler interval = 5 seconds
2026-02-10 18:20:24,338 - basicLogger - INFO - Periodic processing started
2026-02-10 18:20:24,388 - basicLogger - INFO - GET http://localhost:8089/events/server-health?start_timestamp=2026-02-11T02%3A06%3A32.266339Z&end_timestamp=2026-02-11T02%3A20%3A24Z ok: type=<class 'list'> len=400
2026-02-10 18:20:24,390 - basicLogger - INFO - populate_stats() executed
2026-02-10 18:20:24,390 - basicLogger - INFO - Scheduler interval = 5 seconds
2026-02-10 18:20:24,390 - basicLogger - INFO - Periodic processing started
2026-02-10 18:20:24,444 - basicLogger - INFO - GET http://localhost:8089/events/server-health?start_timestamp=2026-02-11T02%3A06%3A32.266339Z&end_timestamp=2026-02-11T02%3A20%3A24Z ok: type=<class 'list'> len=400
2026-02-10 18:20:29,338 - basicLogger - INFO - populate_stats() executed
2026-02-10 18:20:29,338 - basicLogger - INFO - Scheduler interval = 5 seconds
2026-02-10 18:20:29,338 - basicLogger - INFO - Periodic processing started
2026-02-10 18:20:29,389 - basicLogger - INFO - populate_stats() executed
2026-02-10 18:20:29,389 - basicLogger - INFO - Scheduler interval = 5 seconds
2026-02-10 18:20:29,389 - basicLogger - INFO - Periodic processing started
2026-02-10 18:20:29,402 - basicLogger - INFO - GET http://localhost:8089/events/server-health?start_timestamp=2026-02-11T02%3A06%3A32.266339Z&end_timestamp=2026-02-11T02%3A20%3A29Z ok: type=<class 'list'> len=400
2026-02-10 18:20:29,447 - basicLogger - INFO - GET http://localhost:8089/events/server-health?start_timestamp=2026-02-11T02%3A06%3A32.266339Z&end_timestamp=2026-02-11T02%3A20%3A29Z ok: type=<class 'list'> len=400
2026-02-10 18:20:34,338 - basicLogger - INFO - populate_stats() executed
2026-02-10 18:20:34,339 - basicLogger - INFO - Scheduler interval = 5 seconds
2026-02-10 18:20:34,339 - basicLogger - INFO - Periodic processing started
2026-02-10 18:20:34,389 - basicLogger - INFO - populate_stats() executed
2026-02-10 18:20:34,389 - basicLogger - INFO - Scheduler interval = 5 seconds
2026-02-10 18:20:34,389 - basicLogger - INFO - Periodic processing started
2026-02-10 18:20:34,415 - basicLogger - INFO - GET http://localhost:8089/events/server-health?start_timestamp=2026-02-11T02%3A06%3A32.266339Z&end_timestamp=2026-02-11T02%3A20%3A34Z ok: type=<class 'list'> len=400
2026-02-10 18:20:34,462 - basicLogger - INFO - GET http://localhost:8089/events/server-health?start_timestamp=2026-02-11T02%3A06%3A32.266339Z&end_timestamp=2026-02-11T02%3A20%3A34Z ok: type=<class 'list'> len=400
2026-02-10 18:20:39,338 - basicLogger - INFO - populate_stats() executed
2026-02-10 18:20:39,338 - basicLogger - INFO - Scheduler interval = 5 seconds
2026-02-10 18:20:39,338 - basicLogger - INFO - Periodic processing started
2026-02-10 18:20:39,389 - basicLogger - INFO - populate_stats() executed
2026-02-10 18:20:39,389 - basicLogger - INFO - Scheduler interval = 5 seconds
2026-02-10 18:20:39,389 - basicLogger - INFO - Periodic processing started
2026-02-10 18:20:39,402 - basicLogger - INFO - GET http://localhost:8089/events/server-health?start_timestamp=2026-02-11T02%3A06%3A32.266339Z&end_timestamp=2026-02-11T02%3A20%3A39Z ok: type=<class 'list'> len=400
2026-02-10 18:20:39,457 - basicLogger - INFO - GET http://localhost:8089/events/server-health?start_timestamp=2026-02-11T02%3A06%3A32.266339Z&end_timestamp=2026-02-11T02%3A20%3A39Z ok: type=<class 'list'> len=400
2026-02-10 18:20:44,338 - basicLogger - INFO - populate_stats() executed
2026-02-10 18:20:44,338 - basicLogger - INFO - Scheduler interval = 5 seconds
2026-02-10 18:20:44,338 - basicLogger - INFO - Periodic processing started
2026-02-10 18:20:44,389 - basicLogger - INFO - populate_stats() executed
2026-02-10 18:20:44,389 - basicLogger - INFO - Scheduler interval = 5 seconds
2026-02-10 18:20:44,389 - basicLogger - INFO - Periodic processing started
2026-02-10 18:20:44,391 - basicLogger - INFO - GET http://localhost:8089/events/server-health?start_timestamp=2026-02-11T02%3A06%3A32.266339Z&end_timestamp=2026-02-11T02%3A20%3A44Z ok: type=<class 'list'> len=400
2026-02-10 18:20:44,439 - basicLogger - INFO - GET http://localhost:8089/events/server-health?start_timestamp=2026-02-11T02%3A06%3A32.266339Z&end_timestamp=2026-02-11T02%3A20%3A44Z ok: type=<class 'list'> len=400
2026-02-10 18:20:56,323 - basicLogger - INFO - populate_stats() executed
2026-02-10 18:20:56,323 - basicLogger - INFO - Scheduler interval = 5 seconds
2026-02-10 18:20:56,323 - basicLogger - INFO - Periodic processing started
2026-02-10 18:20:56,372 - basicLogger - INFO - populate_stats() executed
2026-02-10 18:20:56,373 - basicLogger - INFO - Scheduler interval = 5 seconds
2026-02-10 18:20:56,373 - basicLogger - INFO - Periodic processing started
2026-02-10 18:20:56,407 - basicLogger - INFO - GET http://localhost:8089/events/server-health?start_timestamp=2026-02-11T02%3A06%3A32.266339Z&end_timestamp=2026-02-11T02%3A20%3A56Z ok: type=<class 'list'> len=400
2026-02-10 18:20:56,469 - basicLogger - INFO - GET http://localhost:8089/events/server-health?start_timestamp=2026-02-11T02%3A06%3A32.266339Z&end_timestamp=2026-02-11T02%3A20%3A56Z ok: type=<class 'list'> len=400
2026-02-10 18:20:56,503 - basicLogger - INFO - GET http://localhost:8089/events/player-telemetry?start_timestamp=2026-02-11T02%3A06%3A32.266339Z&end_timestamp=2026-02-11T02%3A20%3A56Z ok: type=<class 'list'> len=400
2026-02-10 18:20:56,504 - basicLogger - INFO - Events received: server_health=400 player_telemetry=400
2026-02-10 18:20:56,510 - basicLogger - DEBUG - Updated stats values: {'num_server_health_readings': 202, 'num_player_telemetry_events': 202, 'max_players': 499, 'min_players': 1, 'avg_players': 230.02970297029702, 'avg_cpu_usage': 52.33168316831683, 'avg_player_ping': 123.26732673267327, 'last_updated': '2026-02-11T02:06:32.266339Z'}
2026-02-10 18:20:56,511 - basicLogger - INFO - Periodic processing ended
2026-02-10 18:20:56,552 - basicLogger - INFO - GET http://localhost:8089/events/player-telemetry?start_timestamp=2026-02-11T02%3A06%3A32.266339Z&end_timestamp=2026-02-11T02%3A20%3A56Z ok: type=<class 'list'> len=400
2026-02-10 18:20:56,553 - basicLogger - INFO - Events received: server_health=400 player_telemetry=400
2026-02-10 18:20:56,554 - basicLogger - DEBUG - Updated stats values: {'num_server_health_readings': 202, 'num_player_telemetry_events': 202, 'max_players': 499, 'min_players': 1, 'avg_players': 230.02970297029702, 'avg_cpu_usage': 52.33168316831683, 'avg_player_ping': 123.26732673267327, 'last_updated': '2026-02-11T02:06:32.266339Z'}
2026-02-10 18:20:56,555 - basicLogger - INFO - Periodic processing ended
2026-02-10 18:21:01,323 - basicLogger - INFO - populate_stats() executed
2026-02-10 18:21:01,324 - basicLogger - INFO - Scheduler interval = 5 seconds
2026-02-10 18:21:01,324 - basicLogger - INFO - Periodic processing started
2026-02-10 18:21:01,372 - basicLogger - INFO - populate_stats() executed
2026-02-10 18:21:01,372 - basicLogger - INFO - Scheduler interval = 5 seconds
2026-02-10 18:21:01,372 - basicLogger - INFO - Periodic processing started
2026-02-10 18:21:01,385 - basicLogger - INFO - GET http://localhost:8089/events/server-health?start_timestamp=2026-02-11T02%3A06%3A32.266339Z&end_timestamp=2026-02-11T02%3A21%3A01Z ok: type=<class 'list'> len=400
2026-02-10 18:21:01,446 - basicLogger - INFO - GET http://localhost:8089/events/server-health?start_timestamp=2026-02-11T02%3A06%3A32.266339Z&end_timestamp=2026-02-11T02%3A21%3A01Z ok: type=<class 'list'> len=400
2026-02-10 18:21:01,484 - basicLogger - INFO - GET http://localhost:8089/events/player-telemetry?start_timestamp=2026-02-11T02%3A06%3A32.266339Z&end_timestamp=2026-02-11T02%3A21%3A01Z ok: type=<class 'list'> len=400
2026-02-10 18:21:01,485 - basicLogger - INFO - Events received: server_health=400 player_telemetry=400
2026-02-10 18:21:01,492 - basicLogger - DEBUG - Updated stats values: {'num_server_health_readings': 202, 'num_player_telemetry_events': 202, 'max_players': 499, 'min_players': 1, 'avg_players': 230.02970297029702, 'avg_cpu_usage': 52.33168316831683, 'avg_player_ping': 123.26732673267327, 'last_updated': '2026-02-11T02:06:32.266339Z'}
2026-02-10 18:21:01,492 - basicLogger - INFO - Periodic processing ended
2026-02-10 18:21:01,534 - basicLogger - INFO - GET http://localhost:8089/events/player-telemetry?start_timestamp=2026-02-11T02%3A06%3A32.266339Z&end_timestamp=2026-02-11T02%3A21%3A01Z ok: type=<class 'list'> len=400
2026-02-10 18:21:01,534 - basicLogger - INFO - Events received: server_health=400 player_telemetry=400
2026-02-10 18:21:01,536 - basicLogger - DEBUG - Updated stats values: {'num_server_health_readings': 202, 'num_player_telemetry_events': 202, 'max_players': 499, 'min_players': 1, 'avg_players': 230.02970297029702, 'avg_cpu_usage': 52.33168316831683, 'avg_player_ping': 123.26732673267327, 'last_updated': '2026-02-11T02:06:32.266339Z'}
2026-02-10 18:21:01,536 - basicLogger - INFO - Periodic processing ended
2026-02-10 18:21:06,323 - basicLogger - INFO - populate_stats() executed
2026-02-10 18:21:06,323 - basicLogger - INFO - Scheduler interval = 5 seconds
2026-02-10 18:21:06,324 - basicLogger - INFO - Periodic processing started
2026-02-10 18:21:06,372 - basicLogger - INFO - populate_stats() executed
2026-02-10 18:21:06,372 - basicLogger - INFO - Scheduler interval = 5 seconds
2026-02-10 18:21:06,373 - basicLogger - INFO - Periodic processing started
2026-02-10 18:21:06,414 - basicLogger - INFO - GET http://localhost:8089/events/server-health?start_timestamp=2026-02-11T02%3A06%3A32.266339Z&end_timestamp=2026-02-11T02%3A21%3A06Z ok: type=<class 'list'> len=400
2026-02-10 18:21:06,470 - basicLogger - INFO - GET http://localhost:8089/events/server-health?start_timestamp=2026-02-11T02%3A06%3A32.266339Z&end_timestamp=2026-02-11T02%3A21%3A06Z ok: type=<class 'list'> len=400
2026-02-10 18:21:06,504 - basicLogger - INFO - GET http://localhost:8089/events/player-telemetry?start_timestamp=2026-02-11T02%3A06%3A32.266339Z&end_timestamp=2026-02-11T02%3A21%3A06Z ok: type=<class 'list'> len=400
2026-02-10 18:21:06,504 - basicLogger - INFO - Events received: server_health=400 player_telemetry=400
2026-02-10 18:21:06,511 - basicLogger - DEBUG - Updated stats values: {'num_server_health_readings': 202, 'num_player_telemetry_events': 202, 'max_players': 499, 'min_players': 1, 'avg_players': 230.02970297029702, 'avg_cpu_usage': 52.33168316831683, 'avg_player_ping': 123.26732673267327, 'last_updated': '2026-02-11T02:06:32.266339Z'}
2026-02-10 18:21:06,511 - basicLogger - INFO - Periodic processing ended
2026-02-10 18:21:06,551 - basicLogger - INFO - GET http://localhost:8089/events/player-telemetry?start_timestamp=2026-02-11T02%3A06%3A32.266339Z&end_timestamp=2026-02-11T02%3A21%3A06Z ok: type=<class 'list'> len=400
2026-02-10 18:21:06,551 - basicLogger - INFO - Events received: server_health=400 player_telemetry=400
2026-02-10 18:21:06,553 - basicLogger - DEBUG - Updated stats values: {'num_server_health_readings': 202, 'num_player_telemetry_events': 202, 'max_players': 499, 'min_players': 1, 'avg_players': 230.02970297029702, 'avg_cpu_usage': 52.33168316831683, 'avg_player_ping': 123.26732673267327, 'last_updated': '2026-02-11T02:06:32.266339Z'}
2026-02-10 18:21:06,553 - basicLogger - INFO - Periodic processing ended
2026-02-10 18:21:11,321 - basicLogger - INFO - populate_stats() executed
2026-02-10 18:21:11,321 - basicLogger - INFO - Scheduler interval = 5 seconds
2026-02-10 18:21:11,322 - basicLogger - INFO - Periodic processing started
2026-02-10 18:21:11,375 - basicLogger - INFO - populate_stats() executed
2026-02-10 18:21:11,375 - basicLogger - INFO - Scheduler interval = 5 seconds
2026-02-10 18:21:11,375 - basicLogger - INFO - Periodic processing started
2026-02-10 18:21:11,435 - basicLogger - INFO - GET http://localhost:8089/events/server-health?start_timestamp=2026-02-11T02%3A06%3A32.266339Z&end_timestamp=2026-02-11T02%3A21%3A11Z ok: type=<class 'list'> len=400
2026-02-10 18:21:11,534 - basicLogger - INFO - GET http://localhost:8089/events/server-health?start_timestamp=2026-02-11T02%3A06%3A32.266339Z&end_timestamp=2026-02-11T02%3A21%3A11Z ok: type=<class 'list'> len=400
2026-02-10 18:21:11,573 - basicLogger - INFO - GET http://localhost:8089/events/player-telemetry?start_timestamp=2026-02-11T02%3A06%3A32.266339Z&end_timestamp=2026-02-11T02%3A21%3A11Z ok: type=<class 'list'> len=400
2026-02-10 18:21:11,573 - basicLogger - INFO - Events received: server_health=400 player_telemetry=400
2026-02-10 18:21:11,579 - basicLogger - DEBUG - Updated stats values: {'num_server_health_readings': 202, 'num_player_telemetry_events': 202, 'max_players': 499, 'min_players': 1, 'avg_players': 230.02970297029702, 'avg_cpu_usage': 52.33168316831683, 'avg_player_ping': 123.26732673267327, 'last_updated': '2026-02-11T02:06:32.266339Z'}
2026-02-10 18:21:11,580 - basicLogger - INFO - Periodic processing ended
2026-02-10 18:21:11,632 - basicLogger - INFO - GET http://localhost:8089/events/player-telemetry?start_timestamp=2026-02-11T02%3A06%3A32.266339Z&end_timestamp=2026-02-11T02%3A21%3A11Z ok: type=<class 'list'> len=400
2026-02-10 18:21:11,632 - basicLogger - INFO - Events received: server_health=400 player_telemetry=400
2026-02-10 18:21:11,633 - basicLogger - DEBUG - Updated stats values: {'num_server_health_readings': 202, 'num_player_telemetry_events': 202, 'max_players': 499, 'min_players': 1, 'avg_players': 230.02970297029702, 'avg_cpu_usage': 52.33168316831683, 'avg_player_ping': 123.26732673267327, 'last_updated': '2026-02-11T02:06:32.266339Z'}
2026-02-10 18:21:11,634 - basicLogger - INFO - Periodic processing ended
2026-02-10 18:21:16,324 - basicLogger - INFO - populate_stats() executed
2026-02-10 18:21:16,324 - basicLogger - INFO - Scheduler interval = 5 seconds
2026-02-10 18:21:16,324 - basicLogger - INFO - Periodic processing started
2026-02-10 18:21:16,372 - basicLogger - INFO - populate_stats() executed
2026-02-10 18:21:16,372 - basicLogger - INFO - Scheduler interval = 5 seconds
2026-02-10 18:21:16,372 - basicLogger - INFO - Periodic processing started
2026-02-10 18:21:16,382 - basicLogger - INFO - GET http://localhost:8089/events/server-health?start_timestamp=2026-02-11T02%3A06%3A32.266339Z&end_timestamp=2026-02-11T02%3A21%3A16Z ok: type=<class 'list'> len=400
2026-02-10 18:21:16,450 - basicLogger - INFO - GET http://localhost:8089/events/server-health?start_timestamp=2026-02-11T02%3A06%3A32.266339Z&end_timestamp=2026-02-11T02%3A21%3A16Z ok: type=<class 'list'> len=400
2026-02-10 18:21:16,488 - basicLogger - INFO - GET http://localhost:8089/events/player-telemetry?start_timestamp=2026-02-11T02%3A06%3A32.266339Z&end_timestamp=2026-02-11T02%3A21%3A16Z ok: type=<class 'list'> len=400
2026-02-10 18:21:16,488 - basicLogger - INFO - Events received: server_health=400 player_telemetry=400
2026-02-10 18:21:16,495 - basicLogger - DEBUG - Updated stats values: {'num_server_health_readings': 202, 'num_player_telemetry_events': 202, 'max_players': 499, 'min_players': 1, 'avg_players': 230.02970297029702, 'avg_cpu_usage': 52.33168316831683, 'avg_player_ping': 123.26732673267327, 'last_updated': '2026-02-11T02:06:32.266339Z'}
2026-02-10 18:21:16,495 - basicLogger - INFO - Periodic processing ended
2026-02-10 18:21:16,542 - basicLogger - INFO - GET http://localhost:8089/events/player-telemetry?start_timestamp=2026-02-11T02%3A06%3A32.266339Z&end_timestamp=2026-02-11T02%3A21%3A16Z ok: type=<class 'list'> len=400
2026-02-10 18:21:16,542 - basicLogger - INFO - Events received: server_health=400 player_telemetry=400
2026-02-10 18:21:16,543 - basicLogger - DEBUG - Updated stats values: {'num_server_health_readings': 202, 'num_player_telemetry_events': 202, 'max_players': 499, 'min_players': 1, 'avg_players': 230.02970297029702, 'avg_cpu_usage': 52.33168316831683, 'avg_player_ping': 123.26732673267327, 'last_updated': '2026-02-11T02:06:32.266339Z'}
2026-02-10 18:21:16,544 - basicLogger - INFO - Periodic processing ended
2026-02-10 18:21:21,321 - basicLogger - INFO - populate_stats() executed
2026-02-10 18:21:21,321 - basicLogger - INFO - Scheduler interval = 5 seconds
2026-02-10 18:21:21,321 - basicLogger - INFO - Periodic processing started
2026-02-10 18:21:21,372 - basicLogger - INFO - populate_stats() executed
2026-02-10 18:21:21,372 - basicLogger - INFO - Scheduler interval = 5 seconds
2026-02-10 18:21:21,372 - basicLogger - INFO - Periodic processing started
2026-02-10 18:21:21,384 - basicLogger - INFO - GET http://localhost:8089/events/server-health?start_timestamp=2026-02-11T02%3A06%3A32.266339Z&end_timestamp=2026-02-11T02%3A21%3A21Z ok: type=<class 'list'> len=400
2026-02-10 18:21:21,448 - basicLogger - INFO - GET http://localhost:8089/events/server-health?start_timestamp=2026-02-11T02%3A06%3A32.266339Z&end_timestamp=2026-02-11T02%3A21%3A21Z ok: type=<class 'list'> len=400
2026-02-10 18:21:21,485 - basicLogger - INFO - GET http://localhost:8089/events/player-telemetry?start_timestamp=2026-02-11T02%3A06%3A32.266339Z&end_timestamp=2026-02-11T02%3A21%3A21Z ok: type=<class 'list'> len=400
2026-02-10 18:21:21,485 - basicLogger - INFO - Events received: server_health=400 player_telemetry=400
2026-02-10 18:21:21,487 - basicLogger - DEBUG - Updated stats values: {'num_server_health_readings': 202, 'num_player_telemetry_events': 202, 'max_players': 499, 'min_players': 1, 'avg_players': 230.02970297029702, 'avg_cpu_usage': 52.33168316831683, 'avg_player_ping': 123.26732673267327, 'last_updated': '2026-02-11T02:06:32.266339Z'}
2026-02-10 18:21:21,487 - basicLogger - INFO - Periodic processing ended
2026-02-10 18:21:21,552 - basicLogger - INFO - GET http://localhost:8089/events/player-telemetry?start_timestamp=2026-02-11T02%3A06%3A32.266339Z&end_timestamp=2026-02-11T02%3A21%3A21Z ok: type=<class 'list'> len=400
2026-02-10 18:21:21,552 - basicLogger - INFO - Events received: server_health=400 player_telemetry=400
2026-02-10 18:21:21,554 - basicLogger - DEBUG - Updated stats values: {'num_server_health_readings': 202, 'num_player_telemetry_events': 202, 'max_players': 499, 'min_players': 1, 'avg_players': 230.02970297029702, 'avg_cpu_usage': 52.33168316831683, 'avg_player_ping': 123.26732673267327, 'last_updated': '2026-02-11T02:06:32.266339Z'}
2026-02-10 18:21:21,554 - basicLogger - INFO - Periodic processing ended
2026-02-10 18:21:26,321 - basicLogger - INFO - populate_stats() executed
2026-02-10 18:21:26,321 - basicLogger - INFO - Scheduler interval = 5 seconds
2026-02-10 18:21:26,321 - basicLogger - INFO - Periodic processing started
2026-02-10 18:21:26,372 - basicLogger - INFO - populate_stats() executed
2026-02-10 18:21:26,372 - basicLogger - INFO - Scheduler interval = 5 seconds
2026-02-10 18:21:26,372 - basicLogger - INFO - Periodic processing started
2026-02-10 18:21:26,388 - basicLogger - INFO - GET http://localhost:8089/events/server-health?start_timestamp=2026-02-11T02%3A06%3A32.266339Z&end_timestamp=2026-02-11T02%3A21%3A26Z ok: type=<class 'list'> len=400
2026-02-10 18:21:26,453 - basicLogger - INFO - GET http://localhost:8089/events/server-health?start_timestamp=2026-02-11T02%3A06%3A32.266339Z&end_timestamp=2026-02-11T02%3A21%3A26Z ok: type=<class 'list'> len=400
2026-02-10 18:21:26,521 - basicLogger - INFO - GET http://localhost:8089/events/player-telemetry?start_timestamp=2026-02-11T02%3A06%3A32.266339Z&end_timestamp=2026-02-11T02%3A21%3A26Z ok: type=<class 'list'> len=400
2026-02-10 18:21:26,521 - basicLogger - INFO - Events received: server_health=400 player_telemetry=400
2026-02-10 18:21:26,529 - basicLogger - DEBUG - Updated stats values: {'num_server_health_readings': 202, 'num_player_telemetry_events': 202, 'max_players': 499, 'min_players': 1, 'avg_players': 230.02970297029702, 'avg_cpu_usage': 52.33168316831683, 'avg_player_ping': 123.26732673267327, 'last_updated': '2026-02-11T02:06:32.266339Z'}
2026-02-10 18:21:26,529 - basicLogger - INFO - Periodic processing ended
2026-02-10 18:21:26,568 - basicLogger - INFO - GET http://localhost:8089/events/player-telemetry?start_timestamp=2026-02-11T02%3A06%3A32.266339Z&end_timestamp=2026-02-11T02%3A21%3A26Z ok: type=<class 'list'> len=400
2026-02-10 18:21:26,569 - basicLogger - INFO - Events received: server_health=400 player_telemetry=400
2026-02-10 18:21:26,570 - basicLogger - DEBUG - Updated stats values: {'num_server_health_readings': 202, 'num_player_telemetry_events': 202, 'max_players': 499, 'min_players': 1, 'avg_players': 230.02970297029702, 'avg_cpu_usage': 52.33168316831683, 'avg_player_ping': 123.26732673267327, 'last_updated': '2026-02-11T02:06:32.266339Z'}
2026-02-10 18:21:26,571 - basicLogger - INFO - Periodic processing ended
2026-02-10 18:21:31,321 - basicLogger - INFO - populate_stats() executed
2026-02-10 18:21:31,322 - basicLogger - INFO - Scheduler interval = 5 seconds
2026-02-10 18:21:31,322 - basicLogger - INFO - Periodic processing started
2026-02-10 18:21:31,373 - basicLogger - INFO - GET http://localhost:8089/events/server-health?start_timestamp=2026-02-11T02%3A06%3A32.266339Z&end_timestamp=2026-02-11T02%3A21%3A31Z ok: type=<class 'list'> len=400
2026-02-10 18:21:31,374 - basicLogger - INFO - populate_stats() executed
2026-02-10 18:21:31,374 - basicLogger - INFO - Scheduler interval = 5 seconds
2026-02-10 18:21:31,375 - basicLogger - INFO - Periodic processing started
2026-02-10 18:21:31,448 - basicLogger - INFO - GET http://localhost:8089/events/server-health?start_timestamp=2026-02-11T02%3A06%3A32.266339Z&end_timestamp=2026-02-11T02%3A21%3A31Z ok: type=<class 'list'> len=400
2026-02-10 18:21:31,486 - basicLogger - INFO - GET http://localhost:8089/events/player-telemetry?start_timestamp=2026-02-11T02%3A06%3A32.266339Z&end_timestamp=2026-02-11T02%3A21%3A31Z ok: type=<class 'list'> len=400
2026-02-10 18:21:31,486 - basicLogger - INFO - Events received: server_health=400 player_telemetry=400
2026-02-10 18:21:31,492 - basicLogger - DEBUG - Updated stats values: {'num_server_health_readings': 202, 'num_player_telemetry_events': 202, 'max_players': 499, 'min_players': 1, 'avg_players': 230.02970297029702, 'avg_cpu_usage': 52.33168316831683, 'avg_player_ping': 123.26732673267327, 'last_updated': '2026-02-11T02:06:32.266339Z'}
2026-02-10 18:21:31,493 - basicLogger - INFO - Periodic processing ended
2026-02-10 18:21:31,540 - basicLogger - INFO - GET http://localhost:8089/events/player-telemetry?start_timestamp=2026-02-11T02%3A06%3A32.266339Z&end_timestamp=2026-02-11T02%3A21%3A31Z ok: type=<class 'list'> len=400
2026-02-10 18:21:31,541 - basicLogger - INFO - Events received: server_health=400 player_telemetry=400
2026-02-10 18:21:31,542 - basicLogger - DEBUG - Updated stats values: {'num_server_health_readings': 202, 'num_player_telemetry_events': 202, 'max_players': 499, 'min_players': 1, 'avg_players': 230.02970297029702, 'avg_cpu_usage': 52.33168316831683, 'avg_player_ping': 123.26732673267327, 'last_updated': '2026-02-11T02:06:32.266339Z'}
2026-02-10 18:21:31,542 - basicLogger - INFO - Periodic processing ended
2026-02-10 18:21:36,321 - basicLogger - INFO - populate_stats() executed
2026-02-10 18:21:36,321 - basicLogger - INFO - Scheduler interval = 5 seconds
2026-02-10 18:21:36,321 - basicLogger - INFO - Periodic processing started
2026-02-10 18:21:36,372 - basicLogger - INFO - populate_stats() executed
2026-02-10 18:21:36,372 - basicLogger - INFO - Scheduler interval = 5 seconds
2026-02-10 18:21:36,372 - basicLogger - INFO - Periodic processing started
2026-02-10 18:21:36,383 - basicLogger - INFO - GET http://localhost:8089/events/server-health?start_timestamp=2026-02-11T02%3A06%3A32.266339Z&end_timestamp=2026-02-11T02%3A21%3A36Z ok: type=<class 'list'> len=400
2026-02-10 18:21:36,453 - basicLogger - INFO - GET http://localhost:8089/events/server-health?start_timestamp=2026-02-11T02%3A06%3A32.266339Z&end_timestamp=2026-02-11T02%3A21%3A36Z ok: type=<class 'list'> len=400
2026-02-10 18:21:36,490 - basicLogger - INFO - GET http://localhost:8089/events/player-telemetry?start_timestamp=2026-02-11T02%3A06%3A32.266339Z&end_timestamp=2026-02-11T02%3A21%3A36Z ok: type=<class 'list'> len=400
2026-02-10 18:21:36,491 - basicLogger - INFO - Events received: server_health=400 player_telemetry=400
2026-02-10 18:21:36,497 - basicLogger - DEBUG - Updated stats values: {'num_server_health_readings': 202, 'num_player_telemetry_events': 202, 'max_players': 499, 'min_players': 1, 'avg_players': 230.02970297029702, 'avg_cpu_usage': 52.33168316831683, 'avg_player_ping': 123.26732673267327, 'last_updated': '2026-02-11T02:06:32.266339Z'}
2026-02-10 18:21:36,497 - basicLogger - INFO - Periodic processing ended
2026-02-10 18:21:36,572 - basicLogger - INFO - GET http://localhost:8089/events/player-telemetry?start_timestamp=2026-02-11T02%3A06%3A32.266339Z&end_timestamp=2026-02-11T02%3A21%3A36Z ok: type=<class 'list'> len=400
2026-02-10 18:21:36,572 - basicLogger - INFO - Events received: server_health=400 player_telemetry=400
2026-02-10 18:21:36,573 - basicLogger - DEBUG - Updated stats values: {'num_server_health_readings': 202, 'num_player_telemetry_events': 202, 'max_players': 499, 'min_players': 1, 'avg_players': 230.02970297029702, 'avg_cpu_usage': 52.33168316831683, 'avg_player_ping': 123.26732673267327, 'last_updated': '2026-02-11T02:06:32.266339Z'}
2026-02-10 18:21:36,574 - basicLogger - INFO - Periodic processing ended
2026-02-10 18:21:41,321 - basicLogger - INFO - populate_stats() executed
2026-02-10 18:21:41,321 - basicLogger - INFO - Scheduler interval = 5 seconds
2026-02-10 18:21:41,321 - basicLogger - INFO - Periodic processing started
2026-02-10 18:21:41,372 - basicLogger - INFO - populate_stats() executed
2026-02-10 18:21:41,372 - basicLogger - INFO - Scheduler interval = 5 seconds
2026-02-10 18:21:41,372 - basicLogger - INFO - Periodic processing started
2026-02-10 18:21:41,377 - basicLogger - INFO - GET http://localhost:8089/events/server-health?start_timestamp=2026-02-11T02%3A06%3A32.266339Z&end_timestamp=2026-02-11T02%3A21%3A41Z ok: type=<class 'list'> len=400
2026-02-10 18:21:41,441 - basicLogger - INFO - GET http://localhost:8089/events/server-health?start_timestamp=2026-02-11T02%3A06%3A32.266339Z&end_timestamp=2026-02-11T02%3A21%3A41Z ok: type=<class 'list'> len=400
2026-02-10 18:21:41,476 - basicLogger - INFO - GET http://localhost:8089/events/player-telemetry?start_timestamp=2026-02-11T02%3A06%3A32.266339Z&end_timestamp=2026-02-11T02%3A21%3A41Z ok: type=<class 'list'> len=400
2026-02-10 18:21:41,477 - basicLogger - INFO - Events received: server_health=400 player_telemetry=400
2026-02-10 18:21:41,483 - basicLogger - DEBUG - Updated stats values: {'num_server_health_readings': 202, 'num_player_telemetry_events': 202, 'max_players': 499, 'min_players': 1, 'avg_players': 230.02970297029702, 'avg_cpu_usage': 52.33168316831683, 'avg_player_ping': 123.26732673267327, 'last_updated': '2026-02-11T02:06:32.266339Z'}
2026-02-10 18:21:41,483 - basicLogger - INFO - Periodic processing ended
2026-02-10 18:21:41,530 - basicLogger - INFO - GET http://localhost:8089/events/player-telemetry?start_timestamp=2026-02-11T02%3A06%3A32.266339Z&end_timestamp=2026-02-11T02%3A21%3A41Z ok: type=<class 'list'> len=400
2026-02-10 18:21:41,530 - basicLogger - INFO - Events received: server_health=400 player_telemetry=400
2026-02-10 18:21:41,532 - basicLogger - DEBUG - Updated stats values: {'num_server_health_readings': 202, 'num_player_telemetry_events': 202, 'max_players': 499, 'min_players': 1, 'avg_players': 230.02970297029702, 'avg_cpu_usage': 52.33168316831683, 'avg_player_ping': 123.26732673267327, 'last_updated': '2026-02-11T02:06:32.266339Z'}
2026-02-10 18:21:41,532 - basicLogger - INFO - Periodic processing ended
2026-02-10 18:21:46,323 - basicLogger - INFO - populate_stats() executed
2026-02-10 18:21:46,323 - basicLogger - INFO - Scheduler interval = 5 seconds
2026-02-10 18:21:46,324 - basicLogger - INFO - Periodic processing started
2026-02-10 18:21:46,372 - basicLogger - INFO - populate_stats() executed
2026-02-10 18:21:46,372 - basicLogger - INFO - Scheduler interval = 5 seconds
2026-02-10 18:21:46,373 - basicLogger - INFO - Periodic processing started
2026-02-10 18:21:46,411 - basicLogger - INFO - GET http://localhost:8089/events/server-health?start_timestamp=2026-02-11T02%3A06%3A32.266339Z&end_timestamp=2026-02-11T02%3A21%3A46Z ok: type=<class 'list'> len=400
2026-02-10 18:21:46,469 - basicLogger - INFO - GET http://localhost:8089/events/server-health?start_timestamp=2026-02-11T02%3A06%3A32.266339Z&end_timestamp=2026-02-11T02%3A21%3A46Z ok: type=<class 'list'> len=400
2026-02-10 18:21:46,504 - basicLogger - INFO - GET http://localhost:8089/events/player-telemetry?start_timestamp=2026-02-11T02%3A06%3A32.266339Z&end_timestamp=2026-02-11T02%3A21%3A46Z ok: type=<class 'list'> len=400
2026-02-10 18:21:46,504 - basicLogger - INFO - Events received: server_health=400 player_telemetry=400
2026-02-10 18:21:46,511 - basicLogger - DEBUG - Updated stats values: {'num_server_health_readings': 202, 'num_player_telemetry_events': 202, 'max_players': 499, 'min_players': 1, 'avg_players': 230.02970297029702, 'avg_cpu_usage': 52.33168316831683, 'avg_player_ping': 123.26732673267327, 'last_updated': '2026-02-11T02:06:32.266339Z'}
2026-02-10 18:21:46,511 - basicLogger - INFO - Periodic processing ended
2026-02-10 18:21:46,551 - basicLogger - INFO - GET http://localhost:8089/events/player-telemetry?start_timestamp=2026-02-11T02%3A06%3A32.266339Z&end_timestamp=2026-02-11T02%3A21%3A46Z ok: type=<class 'list'> len=400
2026-02-10 18:21:46,551 - basicLogger - INFO - Events received: server_health=400 player_telemetry=400
2026-02-10 18:21:46,553 - basicLogger - DEBUG - Updated stats values: {'num_server_health_readings': 202, 'num_player_telemetry_events': 202, 'max_players': 499, 'min_players': 1, 'avg_players': 230.02970297029702, 'avg_cpu_usage': 52.33168316831683, 'avg_player_ping': 123.26732673267327, 'last_updated': '2026-02-11T02:06:32.266339Z'}
2026-02-10 18:21:46,553 - basicLogger - INFO - Periodic processing ended
2026-02-10 18:21:51,322 - basicLogger - INFO - populate_stats() executed
2026-02-10 18:21:51,322 - basicLogger - INFO - Scheduler interval = 5 seconds
2026-02-10 18:21:51,323 - basicLogger - INFO - Periodic processing started
2026-02-10 18:21:51,372 - basicLogger - INFO - populate_stats() executed
2026-02-10 18:21:51,372 - basicLogger - INFO - Scheduler interval = 5 seconds
2026-02-10 18:21:51,372 - basicLogger - INFO - Periodic processing started
2026-02-10 18:21:51,376 - basicLogger - INFO - GET http://localhost:8089/events/server-health?start_timestamp=2026-02-11T02%3A06%3A32.266339Z&end_timestamp=2026-02-11T02%3A21%3A51Z ok: type=<class 'list'> len=400
2026-02-10 18:21:51,433 - basicLogger - INFO - GET http://localhost:8089/events/server-health?start_timestamp=2026-02-11T02%3A06%3A32.266339Z&end_timestamp=2026-02-11T02%3A21%3A51Z ok: type=<class 'list'> len=400
2026-02-10 18:21:51,468 - basicLogger - INFO - GET http://localhost:8089/events/player-telemetry?start_timestamp=2026-02-11T02%3A06%3A32.266339Z&end_timestamp=2026-02-11T02%3A21%3A51Z ok: type=<class 'list'> len=400
2026-02-10 18:21:51,468 - basicLogger - INFO - Events received: server_health=400 player_telemetry=400
2026-02-10 18:21:51,475 - basicLogger - DEBUG - Updated stats values: {'num_server_health_readings': 202, 'num_player_telemetry_events': 202, 'max_players': 499, 'min_players': 1, 'avg_players': 230.02970297029702, 'avg_cpu_usage': 52.33168316831683, 'avg_player_ping': 123.26732673267327, 'last_updated': '2026-02-11T02:06:32.266339Z'}
2026-02-10 18:21:51,475 - basicLogger - INFO - Periodic processing ended
2026-02-10 18:21:51,516 - basicLogger - INFO - GET http://localhost:8089/events/player-telemetry?start_timestamp=2026-02-11T02%3A06%3A32.266339Z&end_timestamp=2026-02-11T02%3A21%3A51Z ok: type=<class 'list'> len=400
2026-02-10 18:21:51,517 - basicLogger - INFO - Events received: server_health=400 player_telemetry=400
2026-02-10 18:21:51,518 - basicLogger - DEBUG - Updated stats values: {'num_server_health_readings': 202, 'num_player_telemetry_events': 202, 'max_players': 499, 'min_players': 1, 'avg_players': 230.02970297029702, 'avg_cpu_usage': 52.33168316831683, 'avg_player_ping': 123.26732673267327, 'last_updated': '2026-02-11T02:06:32.266339Z'}
2026-02-10 18:21:51,518 - basicLogger - INFO - Periodic processing ended
2026-02-10 18:21:56,322 - basicLogger - INFO - populate_stats() executed
2026-02-10 18:21:56,322 - basicLogger - INFO - Scheduler interval = 5 seconds
2026-02-10 18:21:56,323 - basicLogger - INFO - Periodic processing started
2026-02-10 18:21:56,372 - basicLogger - INFO - populate_stats() executed
2026-02-10 18:21:56,372 - basicLogger - INFO - Scheduler interval = 5 seconds
2026-02-10 18:21:56,372 - basicLogger - INFO - Periodic processing started
2026-02-10 18:21:56,397 - basicLogger - INFO - GET http://localhost:8089/events/server-health?start_timestamp=2026-02-11T02%3A06%3A32.266339Z&end_timestamp=2026-02-11T02%3A21%3A56Z ok: type=<class 'list'> len=400
2026-02-10 18:21:56,456 - basicLogger - INFO - GET http://localhost:8089/events/server-health?start_timestamp=2026-02-11T02%3A06%3A32.266339Z&end_timestamp=2026-02-11T02%3A21%3A56Z ok: type=<class 'list'> len=400
2026-02-10 18:21:56,496 - basicLogger - INFO - GET http://localhost:8089/events/player-telemetry?start_timestamp=2026-02-11T02%3A06%3A32.266339Z&end_timestamp=2026-02-11T02%3A21%3A56Z ok: type=<class 'list'> len=400
2026-02-10 18:21:56,496 - basicLogger - INFO - Events received: server_health=400 player_telemetry=400
2026-02-10 18:21:56,504 - basicLogger - DEBUG - Updated stats values: {'num_server_health_readings': 202, 'num_player_telemetry_events': 202, 'max_players': 499, 'min_players': 1, 'avg_players': 230.02970297029702, 'avg_cpu_usage': 52.33168316831683, 'avg_player_ping': 123.26732673267327, 'last_updated': '2026-02-11T02:06:32.266339Z'}
2026-02-10 18:21:56,504 - basicLogger - INFO - Periodic processing ended
2026-02-10 18:21:56,549 - basicLogger - INFO - GET http://localhost:8089/events/player-telemetry?start_timestamp=2026-02-11T02%3A06%3A32.266339Z&end_timestamp=2026-02-11T02%3A21%3A56Z ok: type=<class 'list'> len=400
2026-02-10 18:21:56,549 - basicLogger - INFO - Events received: server_health=400 player_telemetry=400
2026-02-10 18:21:56,551 - basicLogger - DEBUG - Updated stats values: {'num_server_health_readings': 202, 'num_player_telemetry_events': 202, 'max_players': 499, 'min_players': 1, 'avg_players': 230.02970297029702, 'avg_cpu_usage': 52.33168316831683, 'avg_player_ping': 123.26732673267327, 'last_updated': '2026-02-11T02:06:32.266339Z'}
2026-02-10 18:21:56,551 - basicLogger - INFO - Periodic processing ended
2026-02-10 18:22:01,323 - basicLogger - INFO - populate_stats() executed
2026-02-10 18:22:01,324 - basicLogger - INFO - Scheduler interval = 5 seconds
2026-02-10 18:22:01,324 - basicLogger - INFO - Periodic processing started
2026-02-10 18:22:01,372 - basicLogger - INFO - populate_stats() executed
2026-02-10 18:22:01,372 - basicLogger - INFO - Scheduler interval = 5 seconds
2026-02-10 18:22:01,372 - basicLogger - INFO - Periodic processing started
2026-02-10 18:22:01,397 - basicLogger - INFO - GET http://localhost:8089/events/server-health?start_timestamp=2026-02-11T02%3A06%3A32.266339Z&end_timestamp=2026-02-11T02%3A22%3A01Z ok: type=<class 'list'> len=400
2026-02-10 18:22:01,454 - basicLogger - INFO - GET http://localhost:8089/events/server-health?start_timestamp=2026-02-11T02%3A06%3A32.266339Z&end_timestamp=2026-02-11T02%3A22%3A01Z ok: type=<class 'list'> len=400
2026-02-10 18:22:01,488 - basicLogger - INFO - GET http://localhost:8089/events/player-telemetry?start_timestamp=2026-02-11T02%3A06%3A32.266339Z&end_timestamp=2026-02-11T02%3A22%3A01Z ok: type=<class 'list'> len=400
2026-02-10 18:22:01,488 - basicLogger - INFO - Events received: server_health=400 player_telemetry=400
2026-02-10 18:22:01,495 - basicLogger - DEBUG - Updated stats values: {'num_server_health_readings': 202, 'num_player_telemetry_events': 202, 'max_players': 499, 'min_players': 1, 'avg_players': 230.02970297029702, 'avg_cpu_usage': 52.33168316831683, 'avg_player_ping': 123.26732673267327, 'last_updated': '2026-02-11T02:06:32.266339Z'}
2026-02-10 18:22:01,495 - basicLogger - INFO - Periodic processing ended
2026-02-10 18:22:01,535 - basicLogger - INFO - GET http://localhost:8089/events/player-telemetry?start_timestamp=2026-02-11T02%3A06%3A32.266339Z&end_timestamp=2026-02-11T02%3A22%3A01Z ok: type=<class 'list'> len=400
2026-02-10 18:22:01,535 - basicLogger - INFO - Events received: server_health=400 player_telemetry=400
2026-02-10 18:22:01,537 - basicLogger - DEBUG - Updated stats values: {'num_server_health_readings': 202, 'num_player_telemetry_events': 202, 'max_players': 499, 'min_players': 1, 'avg_players': 230.02970297029702, 'avg_cpu_usage': 52.33168316831683, 'avg_player_ping': 123.26732673267327, 'last_updated': '2026-02-11T02:06:32.266339Z'}
2026-02-10 18:22:01,537 - basicLogger - INFO - Periodic processing ended
2026-02-10 18:22:06,321 - basicLogger - INFO - populate_stats() executed
2026-02-10 18:22:06,322 - basicLogger - INFO - Scheduler interval = 5 seconds
2026-02-10 18:22:06,322 - basicLogger - INFO - Periodic processing started
2026-02-10 18:22:06,372 - basicLogger - INFO - populate_stats() executed
2026-02-10 18:22:06,372 - basicLogger - INFO - Scheduler interval = 5 seconds
2026-02-10 18:22:06,372 - basicLogger - INFO - Periodic processing started
2026-02-10 18:22:06,382 - basicLogger - INFO - GET http://localhost:8089/events/server-health?start_timestamp=2026-02-11T02%3A06%3A32.266339Z&end_timestamp=2026-02-11T02%3A22%3A06Z ok: type=<class 'list'> len=400
2026-02-10 18:22:06,442 - basicLogger - INFO - GET http://localhost:8089/events/server-health?start_timestamp=2026-02-11T02%3A06%3A32.266339Z&end_timestamp=2026-02-11T02%3A22%3A06Z ok: type=<class 'list'> len=400
2026-02-10 18:22:06,477 - basicLogger - INFO - GET http://localhost:8089/events/player-telemetry?start_timestamp=2026-02-11T02%3A06%3A32.266339Z&end_timestamp=2026-02-11T02%3A22%3A06Z ok: type=<class 'list'> len=400
2026-02-10 18:22:06,478 - basicLogger - INFO - Events received: server_health=400 player_telemetry=400
2026-02-10 18:22:06,484 - basicLogger - DEBUG - Updated stats values: {'num_server_health_readings': 202, 'num_player_telemetry_events': 202, 'max_players': 499, 'min_players': 1, 'avg_players': 230.02970297029702, 'avg_cpu_usage': 52.33168316831683, 'avg_player_ping': 123.26732673267327, 'last_updated': '2026-02-11T02:06:32.266339Z'}
2026-02-10 18:22:06,484 - basicLogger - INFO - Periodic processing ended
2026-02-10 18:22:06,527 - basicLogger - INFO - GET http://localhost:8089/events/player-telemetry?start_timestamp=2026-02-11T02%3A06%3A32.266339Z&end_timestamp=2026-02-11T02%3A22%3A06Z ok: type=<class 'list'> len=400
2026-02-10 18:22:06,527 - basicLogger - INFO - Events received: server_health=400 player_telemetry=400
2026-02-10 18:22:06,529 - basicLogger - DEBUG - Updated stats values: {'num_server_health_readings': 202, 'num_player_telemetry_events': 202, 'max_players': 499, 'min_players': 1, 'avg_players': 230.02970297029702, 'avg_cpu_usage': 52.33168316831683, 'avg_player_ping': 123.26732673267327, 'last_updated': '2026-02-11T02:06:32.266339Z'}
2026-02-10 18:22:06,529 - basicLogger - INFO - Periodic processing ended
2026-02-10 18:22:11,323 - basicLogger - INFO - populate_stats() executed
2026-02-10 18:22:11,323 - basicLogger - INFO - Scheduler interval = 5 seconds
2026-02-10 18:22:11,324 - basicLogger - INFO - Periodic processing started
2026-02-10 18:22:11,372 - basicLogger - INFO - populate_stats() executed
2026-02-10 18:22:11,372 - basicLogger - INFO - Scheduler interval = 5 seconds
2026-02-10 18:22:11,372 - basicLogger - INFO - Periodic processing started
2026-02-10 18:22:11,393 - basicLogger - INFO - GET http://localhost:8089/events/server-health?start_timestamp=2026-02-11T02%3A06%3A32.266339Z&end_timestamp=2026-02-11T02%3A22%3A11Z ok: type=<class 'list'> len=400
2026-02-10 18:22:11,451 - basicLogger - INFO - GET http://localhost:8089/events/server-health?start_timestamp=2026-02-11T02%3A06%3A32.266339Z&end_timestamp=2026-02-11T02%3A22%3A11Z ok: type=<class 'list'> len=400
2026-02-10 18:22:11,485 - basicLogger - INFO - GET http://localhost:8089/events/player-telemetry?start_timestamp=2026-02-11T02%3A06%3A32.266339Z&end_timestamp=2026-02-11T02%3A22%3A11Z ok: type=<class 'list'> len=400
2026-02-10 18:22:11,485 - basicLogger - INFO - Events received: server_health=400 player_telemetry=400
2026-02-10 18:22:11,492 - basicLogger - DEBUG - Updated stats values: {'num_server_health_readings': 202, 'num_player_telemetry_events': 202, 'max_players': 499, 'min_players': 1, 'avg_players': 230.02970297029702, 'avg_cpu_usage': 52.33168316831683, 'avg_player_ping': 123.26732673267327, 'last_updated': '2026-02-11T02:06:32.266339Z'}
2026-02-10 18:22:11,493 - basicLogger - INFO - Periodic processing ended
2026-02-10 18:22:11,534 - basicLogger - INFO - GET http://localhost:8089/events/player-telemetry?start_timestamp=2026-02-11T02%3A06%3A32.266339Z&end_timestamp=2026-02-11T02%3A22%3A11Z ok: type=<class 'list'> len=400
2026-02-10 18:22:11,534 - basicLogger - INFO - Events received: server_health=400 player_telemetry=400
2026-02-10 18:22:11,536 - basicLogger - DEBUG - Updated stats values: {'num_server_health_readings': 202, 'num_player_telemetry_events': 202, 'max_players': 499, 'min_players': 1, 'avg_players': 230.02970297029702, 'avg_cpu_usage': 52.33168316831683, 'avg_player_ping': 123.26732673267327, 'last_updated': '2026-02-11T02:06:32.266339Z'}
2026-02-10 18:22:11,536 - basicLogger - INFO - Periodic processing ended
2026-02-10 18:22:16,322 - basicLogger - INFO - populate_stats() executed
2026-02-10 18:22:16,323 - basicLogger - INFO - Scheduler interval = 5 seconds
2026-02-10 18:22:16,323 - basicLogger - INFO - Periodic processing started
2026-02-10 18:22:16,372 - basicLogger - INFO - populate_stats() executed
2026-02-10 18:22:16,372 - basicLogger - INFO - Scheduler interval = 5 seconds
2026-02-10 18:22:16,373 - basicLogger - INFO - Periodic processing started
2026-02-10 18:22:16,418 - basicLogger - INFO - GET http://localhost:8089/events/server-health?start_timestamp=2026-02-11T02%3A06%3A32.266339Z&end_timestamp=2026-02-11T02%3A22%3A16Z ok: type=<class 'list'> len=400
2026-02-10 18:22:16,476 - basicLogger - INFO - GET http://localhost:8089/events/server-health?start_timestamp=2026-02-11T02%3A06%3A32.266339Z&end_timestamp=2026-02-11T02%3A22%3A16Z ok: type=<class 'list'> len=400
2026-02-10 18:22:16,512 - basicLogger - INFO - GET http://localhost:8089/events/player-telemetry?start_timestamp=2026-02-11T02%3A06%3A32.266339Z&end_timestamp=2026-02-11T02%3A22%3A16Z ok: type=<class 'list'> len=400
2026-02-10 18:22:16,512 - basicLogger - INFO - Events received: server_health=400 player_telemetry=400
2026-02-10 18:22:16,518 - basicLogger - DEBUG - Updated stats values: {'num_server_health_readings': 202, 'num_player_telemetry_events': 202, 'max_players': 499, 'min_players': 1, 'avg_players': 230.02970297029702, 'avg_cpu_usage': 52.33168316831683, 'avg_player_ping': 123.26732673267327, 'last_updated': '2026-02-11T02:06:32.266339Z'}
2026-02-10 18:22:16,519 - basicLogger - INFO - Periodic processing ended
2026-02-10 18:22:16,561 - basicLogger - INFO - GET http://localhost:8089/events/player-telemetry?start_timestamp=2026-02-11T02%3A06%3A32.266339Z&end_timestamp=2026-02-11T02%3A22%3A16Z ok: type=<class 'list'> len=400
2026-02-10 18:22:16,562 - basicLogger - INFO - Events received: server_health=400 player_telemetry=400
2026-02-10 18:22:16,563 - basicLogger - DEBUG - Updated stats values: {'num_server_health_readings': 202, 'num_player_telemetry_events': 202, 'max_players': 499, 'min_players': 1, 'avg_players': 230.02970297029702, 'avg_cpu_usage': 52.33168316831683, 'avg_player_ping': 123.26732673267327, 'last_updated': '2026-02-11T02:06:32.266339Z'}
2026-02-10 18:22:16,563 - basicLogger - INFO - Periodic processing ended
2026-02-10 18:22:21,323 - basicLogger - INFO - populate_stats() executed
2026-02-10 18:22:21,324 - basicLogger - INFO - Scheduler interval = 5 seconds
2026-02-10 18:22:21,324 - basicLogger - INFO - Periodic processing started
2026-02-10 18:22:21,372 - basicLogger - INFO - populate_stats() executed
2026-02-10 18:22:21,372 - basicLogger - INFO - Scheduler interval = 5 seconds
2026-02-10 18:22:21,372 - basicLogger - INFO - Periodic processing started
2026-02-10 18:22:21,396 - basicLogger - INFO - GET http://localhost:8089/events/server-health?start_timestamp=2026-02-11T02%3A06%3A32.266339Z&end_timestamp=2026-02-11T02%3A22%3A21Z ok: type=<class 'list'> len=400
2026-02-10 18:22:21,452 - basicLogger - INFO - GET http://localhost:8089/events/server-health?start_timestamp=2026-02-11T02%3A06%3A32.266339Z&end_timestamp=2026-02-11T02%3A22%3A21Z ok: type=<class 'list'> len=400
2026-02-10 18:22:21,486 - basicLogger - INFO - GET http://localhost:8089/events/player-telemetry?start_timestamp=2026-02-11T02%3A06%3A32.266339Z&end_timestamp=2026-02-11T02%3A22%3A21Z ok: type=<class 'list'> len=400
2026-02-10 18:22:21,487 - basicLogger - INFO - Events received: server_health=400 player_telemetry=400
2026-02-10 18:22:21,493 - basicLogger - DEBUG - Updated stats values: {'num_server_health_readings': 202, 'num_player_telemetry_events': 202, 'max_players': 499, 'min_players': 1, 'avg_players': 230.02970297029702, 'avg_cpu_usage': 52.33168316831683, 'avg_player_ping': 123.26732673267327, 'last_updated': '2026-02-11T02:06:32.266339Z'}
2026-02-10 18:22:21,493 - basicLogger - INFO - Periodic processing ended
2026-02-10 18:22:21,535 - basicLogger - INFO - GET http://localhost:8089/events/player-telemetry?start_timestamp=2026-02-11T02%3A06%3A32.266339Z&end_timestamp=2026-02-11T02%3A22%3A21Z ok: type=<class 'list'> len=400
2026-02-10 18:22:21,536 - basicLogger - INFO - Events received: server_health=400 player_telemetry=400
2026-02-10 18:22:21,537 - basicLogger - DEBUG - Updated stats values: {'num_server_health_readings': 202, 'num_player_telemetry_events': 202, 'max_players': 499, 'min_players': 1, 'avg_players': 230.02970297029702, 'avg_cpu_usage': 52.33168316831683, 'avg_player_ping': 123.26732673267327, 'last_updated': '2026-02-11T02:06:32.266339Z'}
2026-02-10 18:22:21,537 - basicLogger - INFO - Periodic processing ended
2026-02-10 18:22:26,322 - basicLogger - INFO - populate_stats() executed
2026-02-10 18:22:26,322 - basicLogger - INFO - Scheduler interval = 5 seconds
2026-02-10 18:22:26,322 - basicLogger - INFO - Periodic processing started
2026-02-10 18:22:26,372 - basicLogger - INFO - populate_stats() executed
2026-02-10 18:22:26,373 - basicLogger - INFO - Scheduler interval = 5 seconds
2026-02-10 18:22:26,373 - basicLogger - INFO - Periodic processing started
2026-02-10 18:22:26,449 - basicLogger - INFO - GET http://localhost:8089/events/server-health?start_timestamp=2026-02-11T02%3A06%3A32.266339Z&end_timestamp=2026-02-11T02%3A22%3A26Z ok: type=<class 'list'> len=400
2026-02-10 18:22:26,480 - basicLogger - INFO - GET http://localhost:8089/events/server-health?start_timestamp=2026-02-11T02%3A06%3A32.266339Z&end_timestamp=2026-02-11T02%3A22%3A26Z ok: type=<class 'list'> len=400
2026-02-10 18:22:26,540 - basicLogger - INFO - GET http://localhost:8089/events/player-telemetry?start_timestamp=2026-02-11T02%3A06%3A32.266339Z&end_timestamp=2026-02-11T02%3A22%3A26Z ok: type=<class 'list'> len=400
2026-02-10 18:22:26,540 - basicLogger - INFO - Events received: server_health=400 player_telemetry=400
2026-02-10 18:22:26,547 - basicLogger - DEBUG - Updated stats values: {'num_server_health_readings': 202, 'num_player_telemetry_events': 202, 'max_players': 499, 'min_players': 1, 'avg_players': 230.02970297029702, 'avg_cpu_usage': 52.33168316831683, 'avg_player_ping': 123.26732673267327, 'last_updated': '2026-02-11T02:06:32.266339Z'}
2026-02-10 18:22:26,547 - basicLogger - INFO - Periodic processing ended
2026-02-10 18:22:26,576 - basicLogger - INFO - GET http://localhost:8089/events/player-telemetry?start_timestamp=2026-02-11T02%3A06%3A32.266339Z&end_timestamp=2026-02-11T02%3A22%3A26Z ok: type=<class 'list'> len=400
2026-02-10 18:22:26,576 - basicLogger - INFO - Events received: server_health=400 player_telemetry=400
2026-02-10 18:22:26,578 - basicLogger - DEBUG - Updated stats values: {'num_server_health_readings': 202, 'num_player_telemetry_events': 202, 'max_players': 499, 'min_players': 1, 'avg_players': 230.02970297029702, 'avg_cpu_usage': 52.33168316831683, 'avg_player_ping': 123.26732673267327, 'last_updated': '2026-02-11T02:06:32.266339Z'}
2026-02-10 18:22:26,578 - basicLogger - INFO - Periodic processing ended
2026-02-10 18:22:31,321 - basicLogger - INFO - populate_stats() executed
2026-02-10 18:22:31,321 - basicLogger - INFO - Scheduler interval = 5 seconds
2026-02-10 18:22:31,321 - basicLogger - INFO - Periodic processing started
2026-02-10 18:22:31,372 - basicLogger - INFO - populate_stats() executed
2026-02-10 18:22:31,372 - basicLogger - INFO - Scheduler interval = 5 seconds
2026-02-10 18:22:31,372 - basicLogger - INFO - Periodic processing started
2026-02-10 18:22:31,379 - basicLogger - INFO - GET http://localhost:8089/events/server-health?start_timestamp=2026-02-11T02%3A06%3A32.266339Z&end_timestamp=2026-02-11T02%3A22%3A31Z ok: type=<class 'list'> len=400
2026-02-10 18:22:31,437 - basicLogger - INFO - GET http://localhost:8089/events/server-health?start_timestamp=2026-02-11T02%3A06%3A32.266339Z&end_timestamp=2026-02-11T02%3A22%3A31Z ok: type=<class 'list'> len=400
2026-02-10 18:22:31,472 - basicLogger - INFO - GET http://localhost:8089/events/player-telemetry?start_timestamp=2026-02-11T02%3A06%3A32.266339Z&end_timestamp=2026-02-11T02%3A22%3A31Z ok: type=<class 'list'> len=400
2026-02-10 18:22:31,472 - basicLogger - INFO - Events received: server_health=400 player_telemetry=400
2026-02-10 18:22:31,474 - basicLogger - DEBUG - Updated stats values: {'num_server_health_readings': 202, 'num_player_telemetry_events': 202, 'max_players': 499, 'min_players': 1, 'avg_players': 230.02970297029702, 'avg_cpu_usage': 52.33168316831683, 'avg_player_ping': 123.26732673267327, 'last_updated': '2026-02-11T02:06:32.266339Z'}
2026-02-10 18:22:31,474 - basicLogger - INFO - Periodic processing ended
2026-02-10 18:22:31,525 - basicLogger - INFO - GET http://localhost:8089/events/player-telemetry?start_timestamp=2026-02-11T02%3A06%3A32.266339Z&end_timestamp=2026-02-11T02%3A22%3A31Z ok: type=<class 'list'> len=400
2026-02-10 18:22:31,526 - basicLogger - INFO - Events received: server_health=400 player_telemetry=400
2026-02-10 18:22:31,527 - basicLogger - DEBUG - Updated stats values: {'num_server_health_readings': 202, 'num_player_telemetry_events': 202, 'max_players': 499, 'min_players': 1, 'avg_players': 230.02970297029702, 'avg_cpu_usage': 52.33168316831683, 'avg_player_ping': 123.26732673267327, 'last_updated': '2026-02-11T02:06:32.266339Z'}
2026-02-10 18:22:31,527 - basicLogger - INFO - Periodic processing ended
2026-02-10 18:22:36,323 - basicLogger - INFO - populate_stats() executed
2026-02-10 18:22:36,323 - basicLogger - INFO - Scheduler interval = 5 seconds
2026-02-10 18:22:36,323 - basicLogger - INFO - Periodic processing started
2026-02-10 18:22:36,372 - basicLogger - INFO - populate_stats() executed
2026-02-10 18:22:36,372 - basicLogger - INFO - Scheduler interval = 5 seconds
2026-02-10 18:22:36,372 - basicLogger - INFO - Periodic processing started
2026-02-10 18:22:36,404 - basicLogger - INFO - GET http://localhost:8089/events/server-health?start_timestamp=2026-02-11T02%3A06%3A32.266339Z&end_timestamp=2026-02-11T02%3A22%3A36Z ok: type=<class 'list'> len=400
2026-02-10 18:22:36,461 - basicLogger - INFO - GET http://localhost:8089/events/server-health?start_timestamp=2026-02-11T02%3A06%3A32.266339Z&end_timestamp=2026-02-11T02%3A22%3A36Z ok: type=<class 'list'> len=400
2026-02-10 18:22:36,496 - basicLogger - INFO - GET http://localhost:8089/events/player-telemetry?start_timestamp=2026-02-11T02%3A06%3A32.266339Z&end_timestamp=2026-02-11T02%3A22%3A36Z ok: type=<class 'list'> len=400
2026-02-10 18:22:36,496 - basicLogger - INFO - Events received: server_health=400 player_telemetry=400
2026-02-10 18:22:36,498 - basicLogger - DEBUG - Updated stats values: {'num_server_health_readings': 202, 'num_player_telemetry_events': 202, 'max_players': 499, 'min_players': 1, 'avg_players': 230.02970297029702, 'avg_cpu_usage': 52.33168316831683, 'avg_player_ping': 123.26732673267327, 'last_updated': '2026-02-11T02:06:32.266339Z'}
2026-02-10 18:22:36,498 - basicLogger - INFO - Periodic processing ended
2026-02-10 18:22:36,544 - basicLogger - INFO - GET http://localhost:8089/events/player-telemetry?start_timestamp=2026-02-11T02%3A06%3A32.266339Z&end_timestamp=2026-02-11T02%3A22%3A36Z ok: type=<class 'list'> len=400
2026-02-10 18:22:36,544 - basicLogger - INFO - Events received: server_health=400 player_telemetry=400
2026-02-10 18:22:36,545 - basicLogger - DEBUG - Updated stats values: {'num_server_health_readings': 202, 'num_player_telemetry_events': 202, 'max_players': 499, 'min_players': 1, 'avg_players': 230.02970297029702, 'avg_cpu_usage': 52.33168316831683, 'avg_player_ping': 123.26732673267327, 'last_updated': '2026-02-11T02:06:32.266339Z'}
2026-02-10 18:22:36,546 - basicLogger - INFO - Periodic processing ended
2026-02-10 18:22:41,323 - basicLogger - INFO - populate_stats() executed
2026-02-10 18:22:41,324 - basicLogger - INFO - Scheduler interval = 5 seconds
2026-02-10 18:22:41,324 - basicLogger - INFO - Periodic processing started
2026-02-10 18:22:41,372 - basicLogger - INFO - populate_stats() executed
2026-02-10 18:22:41,372 - basicLogger - INFO - Scheduler interval = 5 seconds
2026-02-10 18:22:41,372 - basicLogger - INFO - Periodic processing started
2026-02-10 18:22:41,413 - basicLogger - INFO - GET http://localhost:8089/events/server-health?start_timestamp=2026-02-11T02%3A06%3A32.266339Z&end_timestamp=2026-02-11T02%3A22%3A41Z ok: type=<class 'list'> len=400
2026-02-10 18:22:41,469 - basicLogger - INFO - GET http://localhost:8089/events/server-health?start_timestamp=2026-02-11T02%3A06%3A32.266339Z&end_timestamp=2026-02-11T02%3A22%3A41Z ok: type=<class 'list'> len=400
2026-02-10 18:22:41,503 - basicLogger - INFO - GET http://localhost:8089/events/player-telemetry?start_timestamp=2026-02-11T02%3A06%3A32.266339Z&end_timestamp=2026-02-11T02%3A22%3A41Z ok: type=<class 'list'> len=400
2026-02-10 18:22:41,503 - basicLogger - INFO - Events received: server_health=400 player_telemetry=400
2026-02-10 18:22:41,510 - basicLogger - DEBUG - Updated stats values: {'num_server_health_readings': 202, 'num_player_telemetry_events': 202, 'max_players': 499, 'min_players': 1, 'avg_players': 230.02970297029702, 'avg_cpu_usage': 52.33168316831683, 'avg_player_ping': 123.26732673267327, 'last_updated': '2026-02-11T02:06:32.266339Z'}
2026-02-10 18:22:41,511 - basicLogger - INFO - Periodic processing ended
2026-02-10 18:22:41,550 - basicLogger - INFO - GET http://localhost:8089/events/player-telemetry?start_timestamp=2026-02-11T02%3A06%3A32.266339Z&end_timestamp=2026-02-11T02%3A22%3A41Z ok: type=<class 'list'> len=400
2026-02-10 18:22:41,551 - basicLogger - INFO - Events received: server_health=400 player_telemetry=400
2026-02-10 18:22:41,552 - basicLogger - DEBUG - Updated stats values: {'num_server_health_readings': 202, 'num_player_telemetry_events': 202, 'max_players': 499, 'min_players': 1, 'avg_players': 230.02970297029702, 'avg_cpu_usage': 52.33168316831683, 'avg_player_ping': 123.26732673267327, 'last_updated': '2026-02-11T02:06:32.266339Z'}
2026-02-10 18:22:41,552 - basicLogger - INFO - Periodic processing ended
2026-02-10 18:22:46,322 - basicLogger - INFO - populate_stats() executed
2026-02-10 18:22:46,322 - basicLogger - INFO - Scheduler interval = 5 seconds
2026-02-10 18:22:46,322 - basicLogger - INFO - Periodic processing started
2026-02-10 18:22:46,372 - basicLogger - INFO - populate_stats() executed
2026-02-10 18:22:46,372 - basicLogger - INFO - Scheduler interval = 5 seconds
2026-02-10 18:22:46,372 - basicLogger - INFO - Periodic processing started
2026-02-10 18:22:46,388 - basicLogger - INFO - GET http://localhost:8089/events/server-health?start_timestamp=2026-02-11T02%3A06%3A32.266339Z&end_timestamp=2026-02-11T02%3A22%3A46Z ok: type=<class 'list'> len=400
2026-02-10 18:22:46,456 - basicLogger - INFO - GET http://localhost:8089/events/server-health?start_timestamp=2026-02-11T02%3A06%3A32.266339Z&end_timestamp=2026-02-11T02%3A22%3A46Z ok: type=<class 'list'> len=400
2026-02-10 18:22:46,495 - basicLogger - INFO - GET http://localhost:8089/events/player-telemetry?start_timestamp=2026-02-11T02%3A06%3A32.266339Z&end_timestamp=2026-02-11T02%3A22%3A46Z ok: type=<class 'list'> len=400
2026-02-10 18:22:46,495 - basicLogger - INFO - Events received: server_health=400 player_telemetry=400
2026-02-10 18:22:46,501 - basicLogger - DEBUG - Updated stats values: {'num_server_health_readings': 202, 'num_player_telemetry_events': 202, 'max_players': 499, 'min_players': 1, 'avg_players': 230.02970297029702, 'avg_cpu_usage': 52.33168316831683, 'avg_player_ping': 123.26732673267327, 'last_updated': '2026-02-11T02:06:32.266339Z'}
2026-02-10 18:22:46,501 - basicLogger - INFO - Periodic processing ended
2026-02-10 18:22:46,543 - basicLogger - INFO - GET http://localhost:8089/events/player-telemetry?start_timestamp=2026-02-11T02%3A06%3A32.266339Z&end_timestamp=2026-02-11T02%3A22%3A46Z ok: type=<class 'list'> len=400
2026-02-10 18:22:46,543 - basicLogger - INFO - Events received: server_health=400 player_telemetry=400
2026-02-10 18:22:46,545 - basicLogger - DEBUG - Updated stats values: {'num_server_health_readings': 202, 'num_player_telemetry_events': 202, 'max_players': 499, 'min_players': 1, 'avg_players': 230.02970297029702, 'avg_cpu_usage': 52.33168316831683, 'avg_player_ping': 123.26732673267327, 'last_updated': '2026-02-11T02:06:32.266339Z'}
2026-02-10 18:22:46,545 - basicLogger - INFO - Periodic processing ended
2026-02-10 18:22:51,322 - basicLogger - INFO - populate_stats() executed
2026-02-10 18:22:51,323 - basicLogger - INFO - Scheduler interval = 5 seconds
2026-02-10 18:22:51,323 - basicLogger - INFO - Periodic processing started
2026-02-10 18:22:51,372 - basicLogger - INFO - populate_stats() executed
2026-02-10 18:22:51,372 - basicLogger - INFO - Scheduler interval = 5 seconds
2026-02-10 18:22:51,372 - basicLogger - INFO - Periodic processing started
2026-02-10 18:22:51,402 - basicLogger - INFO - GET http://localhost:8089/events/server-health?start_timestamp=2026-02-11T02%3A06%3A32.266339Z&end_timestamp=2026-02-11T02%3A22%3A51Z ok: type=<class 'list'> len=400
2026-02-10 18:22:51,458 - basicLogger - INFO - GET http://localhost:8089/events/server-health?start_timestamp=2026-02-11T02%3A06%3A32.266339Z&end_timestamp=2026-02-11T02%3A22%3A51Z ok: type=<class 'list'> len=400
2026-02-10 18:22:51,492 - basicLogger - INFO - GET http://localhost:8089/events/player-telemetry?start_timestamp=2026-02-11T02%3A06%3A32.266339Z&end_timestamp=2026-02-11T02%3A22%3A51Z ok: type=<class 'list'> len=400
2026-02-10 18:22:51,492 - basicLogger - INFO - Events received: server_health=400 player_telemetry=400
2026-02-10 18:22:51,498 - basicLogger - DEBUG - Updated stats values: {'num_server_health_readings': 202, 'num_player_telemetry_events': 202, 'max_players': 499, 'min_players': 1, 'avg_players': 230.02970297029702, 'avg_cpu_usage': 52.33168316831683, 'avg_player_ping': 123.26732673267327, 'last_updated': '2026-02-11T02:06:32.266339Z'}
2026-02-10 18:22:51,499 - basicLogger - INFO - Periodic processing ended
2026-02-10 18:22:51,539 - basicLogger - INFO - GET http://localhost:8089/events/player-telemetry?start_timestamp=2026-02-11T02%3A06%3A32.266339Z&end_timestamp=2026-02-11T02%3A22%3A51Z ok: type=<class 'list'> len=400
2026-02-10 18:22:51,540 - basicLogger - INFO - Events received: server_health=400 player_telemetry=400
2026-02-10 18:22:51,541 - basicLogger - DEBUG - Updated stats values: {'num_server_health_readings': 202, 'num_player_telemetry_events': 202, 'max_players': 499, 'min_players': 1, 'avg_players': 230.02970297029702, 'avg_cpu_usage': 52.33168316831683, 'avg_player_ping': 123.26732673267327, 'last_updated': '2026-02-11T02:06:32.266339Z'}
2026-02-10 18:22:51,542 - basicLogger - INFO - Periodic processing ended
2026-02-10 18:22:56,323 - basicLogger - INFO - populate_stats() executed
2026-02-10 18:22:56,323 - basicLogger - INFO - Scheduler interval = 5 seconds
2026-02-10 18:22:56,324 - basicLogger - INFO - Periodic processing started
2026-02-10 18:22:56,373 - basicLogger - INFO - populate_stats() executed
2026-02-10 18:22:56,373 - basicLogger - INFO - Scheduler interval = 5 seconds
2026-02-10 18:22:56,373 - basicLogger - INFO - Periodic processing started
2026-02-10 18:22:56,421 - basicLogger - INFO - GET http://localhost:8089/events/server-health?start_timestamp=2026-02-11T02%3A06%3A32.266339Z&end_timestamp=2026-02-11T02%3A22%3A56Z ok: type=<class 'list'> len=400
2026-02-10 18:22:56,478 - basicLogger - INFO - GET http://localhost:8089/events/server-health?start_timestamp=2026-02-11T02%3A06%3A32.266339Z&end_timestamp=2026-02-11T02%3A22%3A56Z ok: type=<class 'list'> len=400
2026-02-10 18:22:56,513 - basicLogger - INFO - GET http://localhost:8089/events/player-telemetry?start_timestamp=2026-02-11T02%3A06%3A32.266339Z&end_timestamp=2026-02-11T02%3A22%3A56Z ok: type=<class 'list'> len=400
2026-02-10 18:22:56,514 - basicLogger - INFO - Events received: server_health=400 player_telemetry=400
2026-02-10 18:22:56,516 - basicLogger - DEBUG - Updated stats values: {'num_server_health_readings': 202, 'num_player_telemetry_events': 202, 'max_players': 499, 'min_players': 1, 'avg_players': 230.02970297029702, 'avg_cpu_usage': 52.33168316831683, 'avg_player_ping': 123.26732673267327, 'last_updated': '2026-02-11T02:06:32.266339Z'}
2026-02-10 18:22:56,516 - basicLogger - INFO - Periodic processing ended
2026-02-10 18:22:56,591 - basicLogger - INFO - GET http://localhost:8089/events/player-telemetry?start_timestamp=2026-02-11T02%3A06%3A32.266339Z&end_timestamp=2026-02-11T02%3A22%3A56Z ok: type=<class 'list'> len=400
2026-02-10 18:22:56,591 - basicLogger - INFO - Events received: server_health=400 player_telemetry=400
2026-02-10 18:22:56,593 - basicLogger - DEBUG - Updated stats values: {'num_server_health_readings': 202, 'num_player_telemetry_events': 202, 'max_players': 499, 'min_players': 1, 'avg_players': 230.02970297029702, 'avg_cpu_usage': 52.33168316831683, 'avg_player_ping': 123.26732673267327, 'last_updated': '2026-02-11T02:06:32.266339Z'}
2026-02-10 18:22:56,593 - basicLogger - INFO - Periodic processing ended
2026-02-10 18:23:01,322 - basicLogger - INFO - populate_stats() executed
2026-02-10 18:23:01,322 - basicLogger - INFO - Scheduler interval = 5 seconds
2026-02-10 18:23:01,322 - basicLogger - INFO - Periodic processing started
2026-02-10 18:23:01,371 - basicLogger - INFO - GET http://localhost:8089/events/server-health?start_timestamp=2026-02-11T02%3A06%3A32.266339Z&end_timestamp=2026-02-11T02%3A23%3A01Z ok: type=<class 'list'> len=400
2026-02-10 18:23:01,372 - basicLogger - INFO - populate_stats() executed
2026-02-10 18:23:01,373 - basicLogger - INFO - Scheduler interval = 5 seconds
2026-02-10 18:23:01,373 - basicLogger - INFO - Periodic processing started
2026-02-10 18:23:01,458 - basicLogger - INFO - GET http://localhost:8089/events/player-telemetry?start_timestamp=2026-02-11T02%3A06%3A32.266339Z&end_timestamp=2026-02-11T02%3A23%3A01Z ok: type=<class 'list'> len=400
2026-02-10 18:23:01,459 - basicLogger - INFO - Events received: server_health=400 player_telemetry=400
2026-02-10 18:23:01,473 - basicLogger - DEBUG - Updated stats values: {'num_server_health_readings': 202, 'num_player_telemetry_events': 202, 'max_players': 499, 'min_players': 1, 'avg_players': 230.02970297029702, 'avg_cpu_usage': 52.33168316831683, 'avg_player_ping': 123.26732673267327, 'last_updated': '2026-02-11T02:06:32.266339Z'}
2026-02-10 18:23:01,473 - basicLogger - INFO - Periodic processing ended
2026-02-10 18:23:01,505 - basicLogger - INFO - GET http://localhost:8089/events/server-health?start_timestamp=2026-02-11T02%3A06%3A32.266339Z&end_timestamp=2026-02-11T02%3A23%3A01Z ok: type=<class 'list'> len=400
2026-02-10 18:23:01,562 - basicLogger - INFO - GET http://localhost:8089/events/player-telemetry?start_timestamp=2026-02-11T02%3A06%3A32.266339Z&end_timestamp=2026-02-11T02%3A23%3A01Z ok: type=<class 'list'> len=400
2026-02-10 18:23:01,562 - basicLogger - INFO - Events received: server_health=400 player_telemetry=400
2026-02-10 18:23:01,564 - basicLogger - DEBUG - Updated stats values: {'num_server_health_readings': 202, 'num_player_telemetry_events': 202, 'max_players': 499, 'min_players': 1, 'avg_players': 230.02970297029702, 'avg_cpu_usage': 52.33168316831683, 'avg_player_ping': 123.26732673267327, 'last_updated': '2026-02-11T02:06:32.266339Z'}
2026-02-10 18:23:01,564 - basicLogger - INFO - Periodic processing ended
2026-02-10 18:23:06,321 - basicLogger - INFO - populate_stats() executed
2026-02-10 18:23:06,321 - basicLogger - INFO - Scheduler interval = 5 seconds
2026-02-10 18:23:06,321 - basicLogger - INFO - Periodic processing started
2026-02-10 18:23:06,371 - basicLogger - INFO - GET http://localhost:8089/events/server-health?start_timestamp=2026-02-11T02%3A06%3A32.266339Z&end_timestamp=2026-02-11T02%3A23%3A06Z ok: type=<class 'list'> len=400
2026-02-10 18:23:06,372 - basicLogger - INFO - populate_stats() executed
2026-02-10 18:23:06,372 - basicLogger - INFO - Scheduler interval = 5 seconds
2026-02-10 18:23:06,372 - basicLogger - INFO - Periodic processing started
2026-02-10 18:23:06,448 - basicLogger - INFO - GET http://localhost:8089/events/player-telemetry?start_timestamp=2026-02-11T02%3A06%3A32.266339Z&end_timestamp=2026-02-11T02%3A23%3A06Z ok: type=<class 'list'> len=400
2026-02-10 18:23:06,448 - basicLogger - INFO - Events received: server_health=400 player_telemetry=400
2026-02-10 18:23:06,454 - basicLogger - DEBUG - Updated stats values: {'num_server_health_readings': 202, 'num_player_telemetry_events': 202, 'max_players': 499, 'min_players': 1, 'avg_players': 230.02970297029702, 'avg_cpu_usage': 52.33168316831683, 'avg_player_ping': 123.26732673267327, 'last_updated': '2026-02-11T02:06:32.266339Z'}
2026-02-10 18:23:06,454 - basicLogger - INFO - Periodic processing ended
2026-02-10 18:23:06,485 - basicLogger - INFO - GET http://localhost:8089/events/server-health?start_timestamp=2026-02-11T02%3A06%3A32.266339Z&end_timestamp=2026-02-11T02%3A23%3A06Z ok: type=<class 'list'> len=400
2026-02-10 18:23:06,545 - basicLogger - INFO - GET http://localhost:8089/events/player-telemetry?start_timestamp=2026-02-11T02%3A06%3A32.266339Z&end_timestamp=2026-02-11T02%3A23%3A06Z ok: type=<class 'list'> len=400
2026-02-10 18:23:06,546 - basicLogger - INFO - Events received: server_health=400 player_telemetry=400
2026-02-10 18:23:06,547 - basicLogger - DEBUG - Updated stats values: {'num_server_health_readings': 202, 'num_player_telemetry_events': 202, 'max_players': 499, 'min_players': 1, 'avg_players': 230.02970297029702, 'avg_cpu_usage': 52.33168316831683, 'avg_player_ping': 123.26732673267327, 'last_updated': '2026-02-11T02:06:32.266339Z'}
2026-02-10 18:23:06,547 - basicLogger - INFO - Periodic processing ended
2026-02-10 18:23:11,321 - basicLogger - INFO - populate_stats() executed
2026-02-10 18:23:11,321 - basicLogger - INFO - Scheduler interval = 5 seconds
2026-02-10 18:23:11,321 - basicLogger - INFO - Periodic processing started
2026-02-10 18:23:11,372 - basicLogger - INFO - populate_stats() executed
2026-02-10 18:23:11,372 - basicLogger - INFO - Scheduler interval = 5 seconds
2026-02-10 18:23:11,372 - basicLogger - INFO - Periodic processing started
2026-02-10 18:23:11,380 - basicLogger - INFO - GET http://localhost:8089/events/server-health?start_timestamp=2026-02-11T02%3A06%3A32.266339Z&end_timestamp=2026-02-11T02%3A23%3A11Z ok: type=<class 'list'> len=400
2026-02-10 18:23:11,447 - basicLogger - INFO - GET http://localhost:8089/events/server-health?start_timestamp=2026-02-11T02%3A06%3A32.266339Z&end_timestamp=2026-02-11T02%3A23%3A11Z ok: type=<class 'list'> len=400
2026-02-10 18:23:11,483 - basicLogger - INFO - GET http://localhost:8089/events/player-telemetry?start_timestamp=2026-02-11T02%3A06%3A32.266339Z&end_timestamp=2026-02-11T02%3A23%3A11Z ok: type=<class 'list'> len=400
2026-02-10 18:23:11,483 - basicLogger - INFO - Events received: server_health=400 player_telemetry=400
2026-02-10 18:23:11,490 - basicLogger - DEBUG - Updated stats values: {'num_server_health_readings': 202, 'num_player_telemetry_events': 202, 'max_players': 499, 'min_players': 1, 'avg_players': 230.02970297029702, 'avg_cpu_usage': 52.33168316831683, 'avg_player_ping': 123.26732673267327, 'last_updated': '2026-02-11T02:06:32.266339Z'}
2026-02-10 18:23:11,490 - basicLogger - INFO - Periodic processing ended
2026-02-10 18:23:11,548 - basicLogger - INFO - GET http://localhost:8089/events/player-telemetry?start_timestamp=2026-02-11T02%3A06%3A32.266339Z&end_timestamp=2026-02-11T02%3A23%3A11Z ok: type=<class 'list'> len=400
2026-02-10 18:23:11,548 - basicLogger - INFO - Events received: server_health=400 player_telemetry=400
2026-02-10 18:23:11,550 - basicLogger - DEBUG - Updated stats values: {'num_server_health_readings': 202, 'num_player_telemetry_events': 202, 'max_players': 499, 'min_players': 1, 'avg_players': 230.02970297029702, 'avg_cpu_usage': 52.33168316831683, 'avg_player_ping': 123.26732673267327, 'last_updated': '2026-02-11T02:06:32.266339Z'}
2026-02-10 18:23:11,550 - basicLogger - INFO - Periodic processing ended
2026-02-10 18:23:16,321 - basicLogger - INFO - populate_stats() executed
2026-02-10 18:23:16,321 - basicLogger - INFO - Scheduler interval = 5 seconds
2026-02-10 18:23:16,321 - basicLogger - INFO - Periodic processing started
2026-02-10 18:23:16,372 - basicLogger - INFO - GET http://localhost:8089/events/server-health?start_timestamp=2026-02-11T02%3A06%3A32.266339Z&end_timestamp=2026-02-11T02%3A23%3A16Z ok: type=<class 'list'> len=400
2026-02-10 18:23:16,372 - basicLogger - INFO - populate_stats() executed
2026-02-10 18:23:16,374 - basicLogger - INFO - Scheduler interval = 5 seconds
2026-02-10 18:23:16,374 - basicLogger - INFO - Periodic processing started
2026-02-10 18:23:16,440 - basicLogger - INFO - GET http://localhost:8089/events/player-telemetry?start_timestamp=2026-02-11T02%3A06%3A32.266339Z&end_timestamp=2026-02-11T02%3A23%3A16Z ok: type=<class 'list'> len=400
2026-02-10 18:23:16,440 - basicLogger - INFO - Events received: server_health=400 player_telemetry=400
2026-02-10 18:23:16,442 - basicLogger - DEBUG - Updated stats values: {'num_server_health_readings': 202, 'num_player_telemetry_events': 202, 'max_players': 499, 'min_players': 1, 'avg_players': 230.02970297029702, 'avg_cpu_usage': 52.33168316831683, 'avg_player_ping': 123.26732673267327, 'last_updated': '2026-02-11T02:06:32.266339Z'}
2026-02-10 18:23:16,442 - basicLogger - INFO - Periodic processing ended
2026-02-10 18:23:16,470 - basicLogger - INFO - GET http://localhost:8089/events/server-health?start_timestamp=2026-02-11T02%3A06%3A32.266339Z&end_timestamp=2026-02-11T02%3A23%3A16Z ok: type=<class 'list'> len=400
2026-02-10 18:23:16,521 - basicLogger - INFO - GET http://localhost:8089/events/player-telemetry?start_timestamp=2026-02-11T02%3A06%3A32.266339Z&end_timestamp=2026-02-11T02%3A23%3A16Z ok: type=<class 'list'> len=400
2026-02-10 18:23:16,521 - basicLogger - INFO - Events received: server_health=400 player_telemetry=400
2026-02-10 18:23:16,523 - basicLogger - DEBUG - Updated stats values: {'num_server_health_readings': 202, 'num_player_telemetry_events': 202, 'max_players': 499, 'min_players': 1, 'avg_players': 230.02970297029702, 'avg_cpu_usage': 52.33168316831683, 'avg_player_ping': 123.26732673267327, 'last_updated': '2026-02-11T02:06:32.266339Z'}
2026-02-10 18:23:16,523 - basicLogger - INFO - Periodic processing ended
2026-02-10 18:23:21,321 - basicLogger - INFO - populate_stats() executed
2026-02-10 18:23:21,321 - basicLogger - INFO - Scheduler interval = 5 seconds
2026-02-10 18:23:21,321 - basicLogger - INFO - Periodic processing started
2026-02-10 18:23:21,369 - basicLogger - INFO - GET http://localhost:8089/events/server-health?start_timestamp=2026-02-11T02%3A06%3A32.266339Z&end_timestamp=2026-02-11T02%3A23%3A21Z ok: type=<class 'list'> len=400
2026-02-10 18:23:21,372 - basicLogger - INFO - populate_stats() executed
2026-02-10 18:23:21,372 - basicLogger - INFO - Scheduler interval = 5 seconds
2026-02-10 18:23:21,372 - basicLogger - INFO - Periodic processing started
2026-02-10 18:23:21,441 - basicLogger - INFO - GET http://localhost:8089/events/player-telemetry?start_timestamp=2026-02-11T02%3A06%3A32.266339Z&end_timestamp=2026-02-11T02%3A23%3A21Z ok: type=<class 'list'> len=400
2026-02-10 18:23:21,441 - basicLogger - INFO - Events received: server_health=400 player_telemetry=400
2026-02-10 18:23:21,448 - basicLogger - DEBUG - Updated stats values: {'num_server_health_readings': 202, 'num_player_telemetry_events': 202, 'max_players': 499, 'min_players': 1, 'avg_players': 230.02970297029702, 'avg_cpu_usage': 52.33168316831683, 'avg_player_ping': 123.26732673267327, 'last_updated': '2026-02-11T02:06:32.266339Z'}
2026-02-10 18:23:21,448 - basicLogger - INFO - Periodic processing ended
2026-02-10 18:23:21,474 - basicLogger - INFO - GET http://localhost:8089/events/server-health?start_timestamp=2026-02-11T02%3A06%3A32.266339Z&end_timestamp=2026-02-11T02%3A23%3A21Z ok: type=<class 'list'> len=400
2026-02-10 18:23:21,528 - basicLogger - INFO - GET http://localhost:8089/events/player-telemetry?start_timestamp=2026-02-11T02%3A06%3A32.266339Z&end_timestamp=2026-02-11T02%3A23%3A21Z ok: type=<class 'list'> len=400
2026-02-10 18:23:21,528 - basicLogger - INFO - Events received: server_health=400 player_telemetry=400
2026-02-10 18:23:21,530 - basicLogger - DEBUG - Updated stats values: {'num_server_health_readings': 202, 'num_player_telemetry_events': 202, 'max_players': 499, 'min_players': 1, 'avg_players': 230.02970297029702, 'avg_cpu_usage': 52.33168316831683, 'avg_player_ping': 123.26732673267327, 'last_updated': '2026-02-11T02:06:32.266339Z'}
2026-02-10 18:23:21,530 - basicLogger - INFO - Periodic processing ended
2026-02-10 18:23:26,321 - basicLogger - INFO - populate_stats() executed
2026-02-10 18:23:26,321 - basicLogger - INFO - Scheduler interval = 5 seconds
2026-02-10 18:23:26,321 - basicLogger - INFO - Periodic processing started
2026-02-10 18:23:26,369 - basicLogger - INFO - GET http://localhost:8089/events/server-health?start_timestamp=2026-02-11T02%3A06%3A32.266339Z&end_timestamp=2026-02-11T02%3A23%3A26Z ok: type=<class 'list'> len=400
2026-02-10 18:23:26,372 - basicLogger - INFO - populate_stats() executed
2026-02-10 18:23:26,372 - basicLogger - INFO - Scheduler interval = 5 seconds
2026-02-10 18:23:26,372 - basicLogger - INFO - Periodic processing started
2026-02-10 18:23:26,439 - basicLogger - INFO - GET http://localhost:8089/events/player-telemetry?start_timestamp=2026-02-11T02%3A06%3A32.266339Z&end_timestamp=2026-02-11T02%3A23%3A26Z ok: type=<class 'list'> len=400
2026-02-10 18:23:26,439 - basicLogger - INFO - Events received: server_health=400 player_telemetry=400
2026-02-10 18:23:26,446 - basicLogger - DEBUG - Updated stats values: {'num_server_health_readings': 202, 'num_player_telemetry_events': 202, 'max_players': 499, 'min_players': 1, 'avg_players': 230.02970297029702, 'avg_cpu_usage': 52.33168316831683, 'avg_player_ping': 123.26732673267327, 'last_updated': '2026-02-11T02:06:32.266339Z'}
2026-02-10 18:23:26,446 - basicLogger - INFO - Periodic processing ended
2026-02-10 18:23:26,471 - basicLogger - INFO - GET http://localhost:8089/events/server-health?start_timestamp=2026-02-11T02%3A06%3A32.266339Z&end_timestamp=2026-02-11T02%3A23%3A26Z ok: type=<class 'list'> len=400
2026-02-10 18:23:26,523 - basicLogger - INFO - GET http://localhost:8089/events/player-telemetry?start_timestamp=2026-02-11T02%3A06%3A32.266339Z&end_timestamp=2026-02-11T02%3A23%3A26Z ok: type=<class 'list'> len=400
2026-02-10 18:23:26,523 - basicLogger - INFO - Events received: server_health=400 player_telemetry=400
2026-02-10 18:23:26,524 - basicLogger - DEBUG - Updated stats values: {'num_server_health_readings': 202, 'num_player_telemetry_events': 202, 'max_players': 499, 'min_players': 1, 'avg_players': 230.02970297029702, 'avg_cpu_usage': 52.33168316831683, 'avg_player_ping': 123.26732673267327, 'last_updated': '2026-02-11T02:06:32.266339Z'}
2026-02-10 18:23:26,525 - basicLogger - INFO - Periodic processing ended
2026-02-10 18:23:31,321 - basicLogger - INFO - populate_stats() executed
2026-02-10 18:23:31,321 - basicLogger - INFO - Scheduler interval = 5 seconds
2026-02-10 18:23:31,321 - basicLogger - INFO - Periodic processing started
2026-02-10 18:23:31,370 - basicLogger - INFO - GET http://localhost:8089/events/server-health?start_timestamp=2026-02-11T02%3A06%3A32.266339Z&end_timestamp=2026-02-11T02%3A23%3A31Z ok: type=<class 'list'> len=400
2026-02-10 18:23:31,372 - basicLogger - INFO - populate_stats() executed
2026-02-10 18:23:31,372 - basicLogger - INFO - Scheduler interval = 5 seconds
2026-02-10 18:23:31,372 - basicLogger - INFO - Periodic processing started
2026-02-10 18:23:31,468 - basicLogger - INFO - GET http://localhost:8089/events/player-telemetry?start_timestamp=2026-02-11T02%3A06%3A32.266339Z&end_timestamp=2026-02-11T02%3A23%3A31Z ok: type=<class 'list'> len=400
2026-02-10 18:23:31,469 - basicLogger - INFO - Events received: server_health=400 player_telemetry=400
2026-02-10 18:23:31,475 - basicLogger - DEBUG - Updated stats values: {'num_server_health_readings': 202, 'num_player_telemetry_events': 202, 'max_players': 499, 'min_players': 1, 'avg_players': 230.02970297029702, 'avg_cpu_usage': 52.33168316831683, 'avg_player_ping': 123.26732673267327, 'last_updated': '2026-02-11T02:06:32.266339Z'}
2026-02-10 18:23:31,475 - basicLogger - INFO - Periodic processing ended
2026-02-10 18:23:31,500 - basicLogger - INFO - GET http://localhost:8089/events/server-health?start_timestamp=2026-02-11T02%3A06%3A32.266339Z&end_timestamp=2026-02-11T02%3A23%3A31Z ok: type=<class 'list'> len=400
2026-02-10 18:23:31,551 - basicLogger - INFO - GET http://localhost:8089/events/player-telemetry?start_timestamp=2026-02-11T02%3A06%3A32.266339Z&end_timestamp=2026-02-11T02%3A23%3A31Z ok: type=<class 'list'> len=400
2026-02-10 18:23:31,552 - basicLogger - INFO - Events received: server_health=400 player_telemetry=400
2026-02-10 18:23:31,554 - basicLogger - DEBUG - Updated stats values: {'num_server_health_readings': 202, 'num_player_telemetry_events': 202, 'max_players': 499, 'min_players': 1, 'avg_players': 230.02970297029702, 'avg_cpu_usage': 52.33168316831683, 'avg_player_ping': 123.26732673267327, 'last_updated': '2026-02-11T02:06:32.266339Z'}
2026-02-10 18:23:31,554 - basicLogger - INFO - Periodic processing ended
2026-02-10 18:23:36,322 - basicLogger - INFO - populate_stats() executed
2026-02-10 18:23:36,322 - basicLogger - INFO - Scheduler interval = 5 seconds
2026-02-10 18:23:36,323 - basicLogger - INFO - Periodic processing started
2026-02-10 18:23:36,372 - basicLogger - INFO - populate_stats() executed
2026-02-10 18:23:36,372 - basicLogger - INFO - Scheduler interval = 5 seconds
2026-02-10 18:23:36,372 - basicLogger - INFO - Periodic processing started
2026-02-10 18:23:36,400 - basicLogger - INFO - GET http://localhost:8089/events/server-health?start_timestamp=2026-02-11T02%3A06%3A32.266339Z&end_timestamp=2026-02-11T02%3A23%3A36Z ok: type=<class 'list'> len=400
2026-02-10 18:23:36,456 - basicLogger - INFO - GET http://localhost:8089/events/server-health?start_timestamp=2026-02-11T02%3A06%3A32.266339Z&end_timestamp=2026-02-11T02%3A23%3A36Z ok: type=<class 'list'> len=400
2026-02-10 18:23:36,489 - basicLogger - INFO - GET http://localhost:8089/events/player-telemetry?start_timestamp=2026-02-11T02%3A06%3A32.266339Z&end_timestamp=2026-02-11T02%3A23%3A36Z ok: type=<class 'list'> len=400
2026-02-10 18:23:36,489 - basicLogger - INFO - Events received: server_health=400 player_telemetry=400
2026-02-10 18:23:36,495 - basicLogger - DEBUG - Updated stats values: {'num_server_health_readings': 202, 'num_player_telemetry_events': 202, 'max_players': 499, 'min_players': 1, 'avg_players': 230.02970297029702, 'avg_cpu_usage': 52.33168316831683, 'avg_player_ping': 123.26732673267327, 'last_updated': '2026-02-11T02:06:32.266339Z'}
2026-02-10 18:23:36,495 - basicLogger - INFO - Periodic processing ended
2026-02-10 18:23:36,537 - basicLogger - INFO - GET http://localhost:8089/events/player-telemetry?start_timestamp=2026-02-11T02%3A06%3A32.266339Z&end_timestamp=2026-02-11T02%3A23%3A36Z ok: type=<class 'list'> len=400
2026-02-10 18:23:36,537 - basicLogger - INFO - Events received: server_health=400 player_telemetry=400
2026-02-10 18:23:36,539 - basicLogger - DEBUG - Updated stats values: {'num_server_health_readings': 202, 'num_player_telemetry_events': 202, 'max_players': 499, 'min_players': 1, 'avg_players': 230.02970297029702, 'avg_cpu_usage': 52.33168316831683, 'avg_player_ping': 123.26732673267327, 'last_updated': '2026-02-11T02:06:32.266339Z'}
2026-02-10 18:23:36,539 - basicLogger - INFO - Periodic processing ended
2026-02-10 18:23:41,321 - basicLogger - INFO - populate_stats() executed
2026-02-10 18:23:41,322 - basicLogger - INFO - Scheduler interval = 5 seconds
2026-02-10 18:23:41,322 - basicLogger - INFO - Periodic processing started
2026-02-10 18:23:41,372 - basicLogger - INFO - GET http://localhost:8089/events/server-health?start_timestamp=2026-02-11T02%3A06%3A32.266339Z&end_timestamp=2026-02-11T02%3A23%3A41Z ok: type=<class 'list'> len=400
2026-02-10 18:23:41,373 - basicLogger - INFO - populate_stats() executed
2026-02-10 18:23:41,374 - basicLogger - INFO - Scheduler interval = 5 seconds
2026-02-10 18:23:41,374 - basicLogger - INFO - Periodic processing started
2026-02-10 18:23:41,433 - basicLogger - INFO - GET http://localhost:8089/events/player-telemetry?start_timestamp=2026-02-11T02%3A06%3A32.266339Z&end_timestamp=2026-02-11T02%3A23%3A41Z ok: type=<class 'list'> len=400
2026-02-10 18:23:41,433 - basicLogger - INFO - Events received: server_health=400 player_telemetry=400
2026-02-10 18:23:41,441 - basicLogger - DEBUG - Updated stats values: {'num_server_health_readings': 202, 'num_player_telemetry_events': 202, 'max_players': 499, 'min_players': 1, 'avg_players': 230.02970297029702, 'avg_cpu_usage': 52.33168316831683, 'avg_player_ping': 123.26732673267327, 'last_updated': '2026-02-11T02:06:32.266339Z'}
2026-02-10 18:23:41,441 - basicLogger - INFO - Periodic processing ended
2026-02-10 18:23:41,464 - basicLogger - INFO - GET http://localhost:8089/events/server-health?start_timestamp=2026-02-11T02%3A06%3A32.266339Z&end_timestamp=2026-02-11T02%3A23%3A41Z ok: type=<class 'list'> len=400
2026-02-10 18:23:41,513 - basicLogger - INFO - GET http://localhost:8089/events/player-telemetry?start_timestamp=2026-02-11T02%3A06%3A32.266339Z&end_timestamp=2026-02-11T02%3A23%3A41Z ok: type=<class 'list'> len=400
2026-02-10 18:23:41,514 - basicLogger - INFO - Events received: server_health=400 player_telemetry=400
2026-02-10 18:23:41,516 - basicLogger - DEBUG - Updated stats values: {'num_server_health_readings': 202, 'num_player_telemetry_events': 202, 'max_players': 499, 'min_players': 1, 'avg_players': 230.02970297029702, 'avg_cpu_usage': 52.33168316831683, 'avg_player_ping': 123.26732673267327, 'last_updated': '2026-02-11T02:06:32.266339Z'}
2026-02-10 18:23:41,516 - basicLogger - INFO - Periodic processing ended
2026-02-10 18:23:46,322 - basicLogger - INFO - populate_stats() executed
2026-02-10 18:23:46,323 - basicLogger - INFO - Scheduler interval = 5 seconds
2026-02-10 18:23:46,323 - basicLogger - INFO - Periodic processing started
2026-02-10 18:23:46,373 - basicLogger - INFO - populate_stats() executed
2026-02-10 18:23:46,373 - basicLogger - INFO - Scheduler interval = 5 seconds
2026-02-10 18:23:46,373 - basicLogger - INFO - Periodic processing started
2026-02-10 18:23:46,423 - basicLogger - INFO - GET http://localhost:8089/events/server-health?start_timestamp=2026-02-11T02%3A06%3A32.266339Z&end_timestamp=2026-02-11T02%3A23%3A46Z ok: type=<class 'list'> len=400
2026-02-10 18:23:46,482 - basicLogger - INFO - GET http://localhost:8089/events/server-health?start_timestamp=2026-02-11T02%3A06%3A32.266339Z&end_timestamp=2026-02-11T02%3A23%3A46Z ok: type=<class 'list'> len=400
2026-02-10 18:23:46,519 - basicLogger - INFO - GET http://localhost:8089/events/player-telemetry?start_timestamp=2026-02-11T02%3A06%3A32.266339Z&end_timestamp=2026-02-11T02%3A23%3A46Z ok: type=<class 'list'> len=400
2026-02-10 18:23:46,519 - basicLogger - INFO - Events received: server_health=400 player_telemetry=400
2026-02-10 18:23:46,526 - basicLogger - DEBUG - Updated stats values: {'num_server_health_readings': 202, 'num_player_telemetry_events': 202, 'max_players': 499, 'min_players': 1, 'avg_players': 230.02970297029702, 'avg_cpu_usage': 52.33168316831683, 'avg_player_ping': 123.26732673267327, 'last_updated': '2026-02-11T02:06:32.266339Z'}
2026-02-10 18:23:46,526 - basicLogger - INFO - Periodic processing ended
2026-02-10 18:23:46,570 - basicLogger - INFO - GET http://localhost:8089/events/player-telemetry?start_timestamp=2026-02-11T02%3A06%3A32.266339Z&end_timestamp=2026-02-11T02%3A23%3A46Z ok: type=<class 'list'> len=400
2026-02-10 18:23:46,571 - basicLogger - INFO - Events received: server_health=400 player_telemetry=400
2026-02-10 18:23:46,572 - basicLogger - DEBUG - Updated stats values: {'num_server_health_readings': 202, 'num_player_telemetry_events': 202, 'max_players': 499, 'min_players': 1, 'avg_players': 230.02970297029702, 'avg_cpu_usage': 52.33168316831683, 'avg_player_ping': 123.26732673267327, 'last_updated': '2026-02-11T02:06:32.266339Z'}
2026-02-10 18:23:46,572 - basicLogger - INFO - Periodic processing ended
2026-02-10 18:23:51,323 - basicLogger - INFO - populate_stats() executed
2026-02-10 18:23:51,324 - basicLogger - INFO - Scheduler interval = 5 seconds
2026-02-10 18:23:51,324 - basicLogger - INFO - Periodic processing started
2026-02-10 18:23:51,372 - basicLogger - INFO - populate_stats() executed
2026-02-10 18:23:51,372 - basicLogger - INFO - Scheduler interval = 5 seconds
2026-02-10 18:23:51,372 - basicLogger - INFO - Periodic processing started
2026-02-10 18:23:51,400 - basicLogger - INFO - GET http://localhost:8089/events/server-health?start_timestamp=2026-02-11T02%3A06%3A32.266339Z&end_timestamp=2026-02-11T02%3A23%3A51Z ok: type=<class 'list'> len=400
2026-02-10 18:23:51,459 - basicLogger - INFO - GET http://localhost:8089/events/server-health?start_timestamp=2026-02-11T02%3A06%3A32.266339Z&end_timestamp=2026-02-11T02%3A23%3A51Z ok: type=<class 'list'> len=400
2026-02-10 18:23:51,493 - basicLogger - INFO - GET http://localhost:8089/events/player-telemetry?start_timestamp=2026-02-11T02%3A06%3A32.266339Z&end_timestamp=2026-02-11T02%3A23%3A51Z ok: type=<class 'list'> len=400
2026-02-10 18:23:51,494 - basicLogger - INFO - Events received: server_health=400 player_telemetry=400
2026-02-10 18:23:51,498 - basicLogger - DEBUG - Updated stats values: {'num_server_health_readings': 202, 'num_player_telemetry_events': 202, 'max_players': 499, 'min_players': 1, 'avg_players': 230.02970297029702, 'avg_cpu_usage': 52.33168316831683, 'avg_player_ping': 123.26732673267327, 'last_updated': '2026-02-11T02:06:32.266339Z'}
2026-02-10 18:23:51,498 - basicLogger - INFO - Periodic processing ended
2026-02-10 18:23:51,572 - basicLogger - INFO - GET http://localhost:8089/events/player-telemetry?start_timestamp=2026-02-11T02%3A06%3A32.266339Z&end_timestamp=2026-02-11T02%3A23%3A51Z ok: type=<class 'list'> len=400
2026-02-10 18:23:51,572 - basicLogger - INFO - Events received: server_health=400 player_telemetry=400
2026-02-10 18:23:51,574 - basicLogger - DEBUG - Updated stats values: {'num_server_health_readings': 202, 'num_player_telemetry_events': 202, 'max_players': 499, 'min_players': 1, 'avg_players': 230.02970297029702, 'avg_cpu_usage': 52.33168316831683, 'avg_player_ping': 123.26732673267327, 'last_updated': '2026-02-11T02:06:32.266339Z'}
2026-02-10 18:23:51,575 - basicLogger - INFO - Periodic processing ended
2026-02-10 18:23:56,323 - basicLogger - INFO - populate_stats() executed
2026-02-10 18:23:56,323 - basicLogger - INFO - Scheduler interval = 5 seconds
2026-02-10 18:23:56,323 - basicLogger - INFO - Periodic processing started
2026-02-10 18:23:56,372 - basicLogger - INFO - populate_stats() executed
2026-02-10 18:23:56,372 - basicLogger - INFO - Scheduler interval = 5 seconds
2026-02-10 18:23:56,372 - basicLogger - INFO - Periodic processing started
2026-02-10 18:23:56,400 - basicLogger - INFO - GET http://localhost:8089/events/server-health?start_timestamp=2026-02-11T02%3A06%3A32.266339Z&end_timestamp=2026-02-11T02%3A23%3A56Z ok: type=<class 'list'> len=400
2026-02-10 18:23:56,456 - basicLogger - INFO - GET http://localhost:8089/events/server-health?start_timestamp=2026-02-11T02%3A06%3A32.266339Z&end_timestamp=2026-02-11T02%3A23%3A56Z ok: type=<class 'list'> len=400
2026-02-10 18:23:56,489 - basicLogger - INFO - GET http://localhost:8089/events/player-telemetry?start_timestamp=2026-02-11T02%3A06%3A32.266339Z&end_timestamp=2026-02-11T02%3A23%3A56Z ok: type=<class 'list'> len=400
2026-02-10 18:23:56,490 - basicLogger - INFO - Events received: server_health=400 player_telemetry=400
2026-02-10 18:23:56,496 - basicLogger - DEBUG - Updated stats values: {'num_server_health_readings': 202, 'num_player_telemetry_events': 202, 'max_players': 499, 'min_players': 1, 'avg_players': 230.02970297029702, 'avg_cpu_usage': 52.33168316831683, 'avg_player_ping': 123.26732673267327, 'last_updated': '2026-02-11T02:06:32.266339Z'}
2026-02-10 18:23:56,496 - basicLogger - INFO - Periodic processing ended
2026-02-10 18:23:56,539 - basicLogger - INFO - GET http://localhost:8089/events/player-telemetry?start_timestamp=2026-02-11T02%3A06%3A32.266339Z&end_timestamp=2026-02-11T02%3A23%3A56Z ok: type=<class 'list'> len=400
2026-02-10 18:23:56,539 - basicLogger - INFO - Events received: server_health=400 player_telemetry=400
2026-02-10 18:23:56,540 - basicLogger - DEBUG - Updated stats values: {'num_server_health_readings': 202, 'num_player_telemetry_events': 202, 'max_players': 499, 'min_players': 1, 'avg_players': 230.02970297029702, 'avg_cpu_usage': 52.33168316831683, 'avg_player_ping': 123.26732673267327, 'last_updated': '2026-02-11T02:06:32.266339Z'}
2026-02-10 18:23:56,541 - basicLogger - INFO - Periodic processing ended
2026-02-10 18:24:01,322 - basicLogger - INFO - populate_stats() executed
2026-02-10 18:24:01,322 - basicLogger - INFO - Scheduler interval = 5 seconds
2026-02-10 18:24:01,322 - basicLogger - INFO - Periodic processing started
2026-02-10 18:24:01,376 - basicLogger - INFO - populate_stats() executed
2026-02-10 18:24:01,376 - basicLogger - INFO - Scheduler interval = 5 seconds
2026-02-10 18:24:01,376 - basicLogger - INFO - Periodic processing started
2026-02-10 18:24:01,420 - basicLogger - INFO - GET http://localhost:8089/events/server-health?start_timestamp=2026-02-11T02%3A06%3A32.266339Z&end_timestamp=2026-02-11T02%3A24%3A01Z ok: type=<class 'list'> len=400
2026-02-10 18:24:01,496 - basicLogger - INFO - GET http://localhost:8089/events/player-telemetry?start_timestamp=2026-02-11T02%3A06%3A32.266339Z&end_timestamp=2026-02-11T02%3A24%3A01Z ok: type=<class 'list'> len=400
2026-02-10 18:24:01,496 - basicLogger - INFO - Events received: server_health=400 player_telemetry=400
2026-02-10 18:24:01,503 - basicLogger - DEBUG - Updated stats values: {'num_server_health_readings': 202, 'num_player_telemetry_events': 202, 'max_players': 499, 'min_players': 1, 'avg_players': 230.02970297029702, 'avg_cpu_usage': 52.33168316831683, 'avg_player_ping': 123.26732673267327, 'last_updated': '2026-02-11T02:06:32.266339Z'}
2026-02-10 18:24:01,503 - basicLogger - INFO - Periodic processing ended
2026-02-10 18:24:01,529 - basicLogger - INFO - GET http://localhost:8089/events/server-health?start_timestamp=2026-02-11T02%3A06%3A32.266339Z&end_timestamp=2026-02-11T02%3A24%3A01Z ok: type=<class 'list'> len=400
2026-02-10 18:24:01,584 - basicLogger - INFO - GET http://localhost:8089/events/player-telemetry?start_timestamp=2026-02-11T02%3A06%3A32.266339Z&end_timestamp=2026-02-11T02%3A24%3A01Z ok: type=<class 'list'> len=400
2026-02-10 18:24:01,585 - basicLogger - INFO - Events received: server_health=400 player_telemetry=400
2026-02-10 18:24:01,586 - basicLogger - DEBUG - Updated stats values: {'num_server_health_readings': 202, 'num_player_telemetry_events': 202, 'max_players': 499, 'min_players': 1, 'avg_players': 230.02970297029702, 'avg_cpu_usage': 52.33168316831683, 'avg_player_ping': 123.26732673267327, 'last_updated': '2026-02-11T02:06:32.266339Z'}
2026-02-10 18:24:01,586 - basicLogger - INFO - Periodic processing ended
2026-02-10 18:24:06,321 - basicLogger - INFO - populate_stats() executed
2026-02-10 18:24:06,321 - basicLogger - INFO - Scheduler interval = 5 seconds
2026-02-10 18:24:06,321 - basicLogger - INFO - Periodic processing started
2026-02-10 18:24:06,372 - basicLogger - INFO - populate_stats() executed
2026-02-10 18:24:06,372 - basicLogger - INFO - Scheduler interval = 5 seconds
2026-02-10 18:24:06,372 - basicLogger - INFO - Periodic processing started
2026-02-10 18:24:06,376 - basicLogger - INFO - GET http://localhost:8089/events/server-health?start_timestamp=2026-02-11T02%3A06%3A32.266339Z&end_timestamp=2026-02-11T02%3A24%3A06Z ok: type=<class 'list'> len=400
2026-02-10 18:24:06,440 - basicLogger - INFO - GET http://localhost:8089/events/server-health?start_timestamp=2026-02-11T02%3A06%3A32.266339Z&end_timestamp=2026-02-11T02%3A24%3A06Z ok: type=<class 'list'> len=400
2026-02-10 18:24:06,476 - basicLogger - INFO - GET http://localhost:8089/events/player-telemetry?start_timestamp=2026-02-11T02%3A06%3A32.266339Z&end_timestamp=2026-02-11T02%3A24%3A06Z ok: type=<class 'list'> len=400
2026-02-10 18:24:06,477 - basicLogger - INFO - Events received: server_health=400 player_telemetry=400
2026-02-10 18:24:06,483 - basicLogger - DEBUG - Updated stats values: {'num_server_health_readings': 202, 'num_player_telemetry_events': 202, 'max_players': 499, 'min_players': 1, 'avg_players': 230.02970297029702, 'avg_cpu_usage': 52.33168316831683, 'avg_player_ping': 123.26732673267327, 'last_updated': '2026-02-11T02:06:32.266339Z'}
2026-02-10 18:24:06,483 - basicLogger - INFO - Periodic processing ended
2026-02-10 18:24:06,528 - basicLogger - INFO - GET http://localhost:8089/events/player-telemetry?start_timestamp=2026-02-11T02%3A06%3A32.266339Z&end_timestamp=2026-02-11T02%3A24%3A06Z ok: type=<class 'list'> len=400
2026-02-10 18:24:06,528 - basicLogger - INFO - Events received: server_health=400 player_telemetry=400
2026-02-10 18:24:06,530 - basicLogger - DEBUG - Updated stats values: {'num_server_health_readings': 202, 'num_player_telemetry_events': 202, 'max_players': 499, 'min_players': 1, 'avg_players': 230.02970297029702, 'avg_cpu_usage': 52.33168316831683, 'avg_player_ping': 123.26732673267327, 'last_updated': '2026-02-11T02:06:32.266339Z'}
2026-02-10 18:24:06,530 - basicLogger - INFO - Periodic processing ended
2026-02-10 18:24:11,321 - basicLogger - INFO - populate_stats() executed
2026-02-10 18:24:11,321 - basicLogger - INFO - Scheduler interval = 5 seconds
2026-02-10 18:24:11,321 - basicLogger - INFO - Periodic processing started
2026-02-10 18:24:11,372 - basicLogger - INFO - populate_stats() executed
2026-02-10 18:24:11,372 - basicLogger - INFO - Scheduler interval = 5 seconds
2026-02-10 18:24:11,372 - basicLogger - INFO - Periodic processing started
2026-02-10 18:24:11,381 - basicLogger - INFO - GET http://localhost:8089/events/server-health?start_timestamp=2026-02-11T02%3A06%3A32.266339Z&end_timestamp=2026-02-11T02%3A24%3A11Z ok: type=<class 'list'> len=400
2026-02-10 18:24:11,502 - basicLogger - INFO - GET http://localhost:8089/events/server-health?start_timestamp=2026-02-11T02%3A06%3A32.266339Z&end_timestamp=2026-02-11T02%3A24%3A11Z ok: type=<class 'list'> len=400
2026-02-10 18:24:11,545 - basicLogger - INFO - GET http://localhost:8089/events/player-telemetry?start_timestamp=2026-02-11T02%3A06%3A32.266339Z&end_timestamp=2026-02-11T02%3A24%3A11Z ok: type=<class 'list'> len=400
2026-02-10 18:24:11,545 - basicLogger - INFO - Events received: server_health=400 player_telemetry=400
2026-02-10 18:24:11,547 - basicLogger - DEBUG - Updated stats values: {'num_server_health_readings': 202, 'num_player_telemetry_events': 202, 'max_players': 499, 'min_players': 1, 'avg_players': 230.02970297029702, 'avg_cpu_usage': 52.33168316831683, 'avg_player_ping': 123.26732673267327, 'last_updated': '2026-02-11T02:06:32.266339Z'}
2026-02-10 18:24:11,547 - basicLogger - INFO - Periodic processing ended
2026-02-10 18:24:11,601 - basicLogger - INFO - GET http://localhost:8089/events/player-telemetry?start_timestamp=2026-02-11T02%3A06%3A32.266339Z&end_timestamp=2026-02-11T02%3A24%3A11Z ok: type=<class 'list'> len=400
2026-02-10 18:24:11,601 - basicLogger - INFO - Events received: server_health=400 player_telemetry=400
2026-02-10 18:24:11,603 - basicLogger - DEBUG - Updated stats values: {'num_server_health_readings': 202, 'num_player_telemetry_events': 202, 'max_players': 499, 'min_players': 1, 'avg_players': 230.02970297029702, 'avg_cpu_usage': 52.33168316831683, 'avg_player_ping': 123.26732673267327, 'last_updated': '2026-02-11T02:06:32.266339Z'}
2026-02-10 18:24:11,603 - basicLogger - INFO - Periodic processing ended
2026-02-10 18:24:16,321 - basicLogger - INFO - populate_stats() executed
2026-02-10 18:24:16,321 - basicLogger - INFO - Scheduler interval = 5 seconds
2026-02-10 18:24:16,322 - basicLogger - INFO - Periodic processing started
2026-02-10 18:24:16,373 - basicLogger - INFO - populate_stats() executed
2026-02-10 18:24:16,373 - basicLogger - INFO - Scheduler interval = 5 seconds
2026-02-10 18:24:16,373 - basicLogger - INFO - Periodic processing started
2026-02-10 18:24:16,376 - basicLogger - INFO - GET http://localhost:8089/events/server-health?start_timestamp=2026-02-11T02%3A06%3A32.266339Z&end_timestamp=2026-02-11T02%3A24%3A16Z ok: type=<class 'list'> len=400
2026-02-10 18:24:16,443 - basicLogger - INFO - GET http://localhost:8089/events/player-telemetry?start_timestamp=2026-02-11T02%3A06%3A32.266339Z&end_timestamp=2026-02-11T02%3A24%3A16Z ok: type=<class 'list'> len=400
2026-02-10 18:24:16,444 - basicLogger - INFO - Events received: server_health=400 player_telemetry=400
2026-02-10 18:24:16,450 - basicLogger - DEBUG - Updated stats values: {'num_server_health_readings': 202, 'num_player_telemetry_events': 202, 'max_players': 499, 'min_players': 1, 'avg_players': 230.02970297029702, 'avg_cpu_usage': 52.33168316831683, 'avg_player_ping': 123.26732673267327, 'last_updated': '2026-02-11T02:06:32.266339Z'}
2026-02-10 18:24:16,450 - basicLogger - INFO - Periodic processing ended
2026-02-10 18:24:16,479 - basicLogger - INFO - GET http://localhost:8089/events/server-health?start_timestamp=2026-02-11T02%3A06%3A32.266339Z&end_timestamp=2026-02-11T02%3A24%3A16Z ok: type=<class 'list'> len=400
2026-02-10 18:24:16,543 - basicLogger - INFO - GET http://localhost:8089/events/player-telemetry?start_timestamp=2026-02-11T02%3A06%3A32.266339Z&end_timestamp=2026-02-11T02%3A24%3A16Z ok: type=<class 'list'> len=400
2026-02-10 18:24:16,543 - basicLogger - INFO - Events received: server_health=400 player_telemetry=400
2026-02-10 18:24:16,545 - basicLogger - DEBUG - Updated stats values: {'num_server_health_readings': 202, 'num_player_telemetry_events': 202, 'max_players': 499, 'min_players': 1, 'avg_players': 230.02970297029702, 'avg_cpu_usage': 52.33168316831683, 'avg_player_ping': 123.26732673267327, 'last_updated': '2026-02-11T02:06:32.266339Z'}
2026-02-10 18:24:16,545 - basicLogger - INFO - Periodic processing ended
2026-02-10 18:24:21,321 - basicLogger - INFO - populate_stats() executed
2026-02-10 18:24:21,321 - basicLogger - INFO - Scheduler interval = 5 seconds
2026-02-10 18:24:21,321 - basicLogger - INFO - Periodic processing started
2026-02-10 18:24:21,370 - basicLogger - INFO - GET http://localhost:8089/events/server-health?start_timestamp=2026-02-11T02%3A06%3A32.266339Z&end_timestamp=2026-02-11T02%3A24%3A21Z ok: type=<class 'list'> len=400
2026-02-10 18:24:21,372 - basicLogger - INFO - populate_stats() executed
2026-02-10 18:24:21,372 - basicLogger - INFO - Scheduler interval = 5 seconds
2026-02-10 18:24:21,372 - basicLogger - INFO - Periodic processing started
2026-02-10 18:24:21,447 - basicLogger - INFO - GET http://localhost:8089/events/player-telemetry?start_timestamp=2026-02-11T02%3A06%3A32.266339Z&end_timestamp=2026-02-11T02%3A24%3A21Z ok: type=<class 'list'> len=400
2026-02-10 18:24:21,447 - basicLogger - INFO - Events received: server_health=400 player_telemetry=400
2026-02-10 18:24:21,454 - basicLogger - DEBUG - Updated stats values: {'num_server_health_readings': 202, 'num_player_telemetry_events': 202, 'max_players': 499, 'min_players': 1, 'avg_players': 230.02970297029702, 'avg_cpu_usage': 52.33168316831683, 'avg_player_ping': 123.26732673267327, 'last_updated': '2026-02-11T02:06:32.266339Z'}
2026-02-10 18:24:21,454 - basicLogger - INFO - Periodic processing ended
2026-02-10 18:24:21,480 - basicLogger - INFO - GET http://localhost:8089/events/server-health?start_timestamp=2026-02-11T02%3A06%3A32.266339Z&end_timestamp=2026-02-11T02%3A24%3A21Z ok: type=<class 'list'> len=400
2026-02-10 18:24:21,535 - basicLogger - INFO - GET http://localhost:8089/events/player-telemetry?start_timestamp=2026-02-11T02%3A06%3A32.266339Z&end_timestamp=2026-02-11T02%3A24%3A21Z ok: type=<class 'list'> len=400
2026-02-10 18:24:21,535 - basicLogger - INFO - Events received: server_health=400 player_telemetry=400
2026-02-10 18:24:21,537 - basicLogger - DEBUG - Updated stats values: {'num_server_health_readings': 202, 'num_player_telemetry_events': 202, 'max_players': 499, 'min_players': 1, 'avg_players': 230.02970297029702, 'avg_cpu_usage': 52.33168316831683, 'avg_player_ping': 123.26732673267327, 'last_updated': '2026-02-11T02:06:32.266339Z'}
2026-02-10 18:24:21,537 - basicLogger - INFO - Periodic processing ended
2026-02-10 18:24:26,321 - basicLogger - INFO - populate_stats() executed
2026-02-10 18:24:26,321 - basicLogger - INFO - Scheduler interval = 5 seconds
2026-02-10 18:24:26,321 - basicLogger - INFO - Periodic processing started
2026-02-10 18:24:26,372 - basicLogger - INFO - GET http://localhost:8089/events/server-health?start_timestamp=2026-02-11T02%3A06%3A32.266339Z&end_timestamp=2026-02-11T02%3A24%3A26Z ok: type=<class 'list'> len=400
2026-02-10 18:24:26,373 - basicLogger - INFO - populate_stats() executed
2026-02-10 18:24:26,373 - basicLogger - INFO - Scheduler interval = 5 seconds
2026-02-10 18:24:26,373 - basicLogger - INFO - Periodic processing started
2026-02-10 18:24:26,441 - basicLogger - INFO - GET http://localhost:8089/events/player-telemetry?start_timestamp=2026-02-11T02%3A06%3A32.266339Z&end_timestamp=2026-02-11T02%3A24%3A26Z ok: type=<class 'list'> len=400
2026-02-10 18:24:26,441 - basicLogger - INFO - Events received: server_health=400 player_telemetry=400
2026-02-10 18:24:26,448 - basicLogger - DEBUG - Updated stats values: {'num_server_health_readings': 202, 'num_player_telemetry_events': 202, 'max_players': 499, 'min_players': 1, 'avg_players': 230.02970297029702, 'avg_cpu_usage': 52.33168316831683, 'avg_player_ping': 123.26732673267327, 'last_updated': '2026-02-11T02:06:32.266339Z'}
2026-02-10 18:24:26,448 - basicLogger - INFO - Periodic processing ended
2026-02-10 18:24:26,476 - basicLogger - INFO - GET http://localhost:8089/events/server-health?start_timestamp=2026-02-11T02%3A06%3A32.266339Z&end_timestamp=2026-02-11T02%3A24%3A26Z ok: type=<class 'list'> len=400
2026-02-10 18:24:26,531 - basicLogger - INFO - GET http://localhost:8089/events/player-telemetry?start_timestamp=2026-02-11T02%3A06%3A32.266339Z&end_timestamp=2026-02-11T02%3A24%3A26Z ok: type=<class 'list'> len=400
2026-02-10 18:24:26,532 - basicLogger - INFO - Events received: server_health=400 player_telemetry=400
2026-02-10 18:24:26,533 - basicLogger - DEBUG - Updated stats values: {'num_server_health_readings': 202, 'num_player_telemetry_events': 202, 'max_players': 499, 'min_players': 1, 'avg_players': 230.02970297029702, 'avg_cpu_usage': 52.33168316831683, 'avg_player_ping': 123.26732673267327, 'last_updated': '2026-02-11T02:06:32.266339Z'}
2026-02-10 18:24:26,533 - basicLogger - INFO - Periodic processing ended
2026-02-10 18:24:31,321 - basicLogger - INFO - populate_stats() executed
2026-02-10 18:24:31,321 - basicLogger - INFO - Scheduler interval = 5 seconds
2026-02-10 18:24:31,321 - basicLogger - INFO - Periodic processing started
2026-02-10 18:24:31,372 - basicLogger - INFO - populate_stats() executed
2026-02-10 18:24:31,372 - basicLogger - INFO - Scheduler interval = 5 seconds
2026-02-10 18:24:31,372 - basicLogger - INFO - Periodic processing started
2026-02-10 18:24:31,375 - basicLogger - INFO - GET http://localhost:8089/events/server-health?start_timestamp=2026-02-11T02%3A06%3A32.266339Z&end_timestamp=2026-02-11T02%3A24%3A31Z ok: type=<class 'list'> len=400
2026-02-10 18:24:31,442 - basicLogger - INFO - GET http://localhost:8089/events/server-health?start_timestamp=2026-02-11T02%3A06%3A32.266339Z&end_timestamp=2026-02-11T02%3A24%3A31Z ok: type=<class 'list'> len=400
2026-02-10 18:24:31,482 - basicLogger - INFO - GET http://localhost:8089/events/player-telemetry?start_timestamp=2026-02-11T02%3A06%3A32.266339Z&end_timestamp=2026-02-11T02%3A24%3A31Z ok: type=<class 'list'> len=400
2026-02-10 18:24:31,482 - basicLogger - INFO - Events received: server_health=400 player_telemetry=400
2026-02-10 18:24:31,484 - basicLogger - DEBUG - Updated stats values: {'num_server_health_readings': 202, 'num_player_telemetry_events': 202, 'max_players': 499, 'min_players': 1, 'avg_players': 230.02970297029702, 'avg_cpu_usage': 52.33168316831683, 'avg_player_ping': 123.26732673267327, 'last_updated': '2026-02-11T02:06:32.266339Z'}
2026-02-10 18:24:31,484 - basicLogger - INFO - Periodic processing ended
2026-02-10 18:24:31,534 - basicLogger - INFO - GET http://localhost:8089/events/player-telemetry?start_timestamp=2026-02-11T02%3A06%3A32.266339Z&end_timestamp=2026-02-11T02%3A24%3A31Z ok: type=<class 'list'> len=400
2026-02-10 18:24:31,534 - basicLogger - INFO - Events received: server_health=400 player_telemetry=400
2026-02-10 18:24:31,536 - basicLogger - DEBUG - Updated stats values: {'num_server_health_readings': 202, 'num_player_telemetry_events': 202, 'max_players': 499, 'min_players': 1, 'avg_players': 230.02970297029702, 'avg_cpu_usage': 52.33168316831683, 'avg_player_ping': 123.26732673267327, 'last_updated': '2026-02-11T02:06:32.266339Z'}
2026-02-10 18:24:31,536 - basicLogger - INFO - Periodic processing ended
2026-02-10 18:24:36,321 - basicLogger - INFO - populate_stats() executed
2026-02-10 18:24:36,321 - basicLogger - INFO - Scheduler interval = 5 seconds
2026-02-10 18:24:36,321 - basicLogger - INFO - Periodic processing started
2026-02-10 18:24:36,372 - basicLogger - INFO - populate_stats() executed
2026-02-10 18:24:36,372 - basicLogger - INFO - Scheduler interval = 5 seconds
2026-02-10 18:24:36,372 - basicLogger - INFO - Periodic processing started
2026-02-10 18:24:36,410 - basicLogger - INFO - GET http://localhost:8089/events/server-health?start_timestamp=2026-02-11T02%3A06%3A32.266339Z&end_timestamp=2026-02-11T02%3A24%3A36Z ok: type=<class 'list'> len=400
2026-02-10 18:24:36,491 - basicLogger - INFO - GET http://localhost:8089/events/server-health?start_timestamp=2026-02-11T02%3A06%3A32.266339Z&end_timestamp=2026-02-11T02%3A24%3A36Z ok: type=<class 'list'> len=400
2026-02-10 18:24:36,531 - basicLogger - INFO - GET http://localhost:8089/events/player-telemetry?start_timestamp=2026-02-11T02%3A06%3A32.266339Z&end_timestamp=2026-02-11T02%3A24%3A36Z ok: type=<class 'list'> len=400
2026-02-10 18:24:36,532 - basicLogger - INFO - Events received: server_health=400 player_telemetry=400
2026-02-10 18:24:36,538 - basicLogger - DEBUG - Updated stats values: {'num_server_health_readings': 202, 'num_player_telemetry_events': 202, 'max_players': 499, 'min_players': 1, 'avg_players': 230.02970297029702, 'avg_cpu_usage': 52.33168316831683, 'avg_player_ping': 123.26732673267327, 'last_updated': '2026-02-11T02:06:32.266339Z'}
2026-02-10 18:24:36,538 - basicLogger - INFO - Periodic processing ended
2026-02-10 18:24:36,597 - basicLogger - INFO - GET http://localhost:8089/events/player-telemetry?start_timestamp=2026-02-11T02%3A06%3A32.266339Z&end_timestamp=2026-02-11T02%3A24%3A36Z ok: type=<class 'list'> len=400
2026-02-10 18:24:36,597 - basicLogger - INFO - Events received: server_health=400 player_telemetry=400
2026-02-10 18:24:36,599 - basicLogger - DEBUG - Updated stats values: {'num_server_health_readings': 202, 'num_player_telemetry_events': 202, 'max_players': 499, 'min_players': 1, 'avg_players': 230.02970297029702, 'avg_cpu_usage': 52.33168316831683, 'avg_player_ping': 123.26732673267327, 'last_updated': '2026-02-11T02:06:32.266339Z'}
2026-02-10 18:24:36,599 - basicLogger - INFO - Periodic processing ended
2026-02-10 18:24:41,322 - basicLogger - INFO - populate_stats() executed
2026-02-10 18:24:41,323 - basicLogger - INFO - Scheduler interval = 5 seconds
2026-02-10 18:24:41,323 - basicLogger - INFO - Periodic processing started
2026-02-10 18:24:41,372 - basicLogger - INFO - populate_stats() executed
2026-02-10 18:24:41,372 - basicLogger - INFO - Scheduler interval = 5 seconds
2026-02-10 18:24:41,372 - basicLogger - INFO - Periodic processing started
2026-02-10 18:24:41,415 - basicLogger - INFO - GET http://localhost:8089/events/server-health?start_timestamp=2026-02-11T02%3A06%3A32.266339Z&end_timestamp=2026-02-11T02%3A24%3A41Z ok: type=<class 'list'> len=400
2026-02-10 18:24:41,471 - basicLogger - INFO - GET http://localhost:8089/events/server-health?start_timestamp=2026-02-11T02%3A06%3A32.266339Z&end_timestamp=2026-02-11T02%3A24%3A41Z ok: type=<class 'list'> len=400
2026-02-10 18:24:41,504 - basicLogger - INFO - GET http://localhost:8089/events/player-telemetry?start_timestamp=2026-02-11T02%3A06%3A32.266339Z&end_timestamp=2026-02-11T02%3A24%3A41Z ok: type=<class 'list'> len=400
2026-02-10 18:24:41,505 - basicLogger - INFO - Events received: server_health=400 player_telemetry=400
2026-02-10 18:24:41,511 - basicLogger - DEBUG - Updated stats values: {'num_server_health_readings': 202, 'num_player_telemetry_events': 202, 'max_players': 499, 'min_players': 1, 'avg_players': 230.02970297029702, 'avg_cpu_usage': 52.33168316831683, 'avg_player_ping': 123.26732673267327, 'last_updated': '2026-02-11T02:06:32.266339Z'}
2026-02-10 18:24:41,511 - basicLogger - INFO - Periodic processing ended
2026-02-10 18:24:41,552 - basicLogger - INFO - GET http://localhost:8089/events/player-telemetry?start_timestamp=2026-02-11T02%3A06%3A32.266339Z&end_timestamp=2026-02-11T02%3A24%3A41Z ok: type=<class 'list'> len=400
2026-02-10 18:24:41,552 - basicLogger - INFO - Events received: server_health=400 player_telemetry=400
2026-02-10 18:24:41,555 - basicLogger - DEBUG - Updated stats values: {'num_server_health_readings': 202, 'num_player_telemetry_events': 202, 'max_players': 499, 'min_players': 1, 'avg_players': 230.02970297029702, 'avg_cpu_usage': 52.33168316831683, 'avg_player_ping': 123.26732673267327, 'last_updated': '2026-02-11T02:06:32.266339Z'}
2026-02-10 18:24:41,555 - basicLogger - INFO - Periodic processing ended
2026-02-10 18:24:46,323 - basicLogger - INFO - populate_stats() executed
2026-02-10 18:24:46,323 - basicLogger - INFO - Scheduler interval = 5 seconds
2026-02-10 18:24:46,324 - basicLogger - INFO - Periodic processing started
2026-02-10 18:24:46,372 - basicLogger - INFO - populate_stats() executed
2026-02-10 18:24:46,373 - basicLogger - INFO - Scheduler interval = 5 seconds
2026-02-10 18:24:46,373 - basicLogger - INFO - Periodic processing started
2026-02-10 18:24:46,416 - basicLogger - INFO - GET http://localhost:8089/events/server-health?start_timestamp=2026-02-11T02%3A06%3A32.266339Z&end_timestamp=2026-02-11T02%3A24%3A46Z ok: type=<class 'list'> len=400
2026-02-10 18:24:46,471 - basicLogger - INFO - GET http://localhost:8089/events/server-health?start_timestamp=2026-02-11T02%3A06%3A32.266339Z&end_timestamp=2026-02-11T02%3A24%3A46Z ok: type=<class 'list'> len=400
2026-02-10 18:24:46,504 - basicLogger - INFO - GET http://localhost:8089/events/player-telemetry?start_timestamp=2026-02-11T02%3A06%3A32.266339Z&end_timestamp=2026-02-11T02%3A24%3A46Z ok: type=<class 'list'> len=400
2026-02-10 18:24:46,505 - basicLogger - INFO - Events received: server_health=400 player_telemetry=400
2026-02-10 18:24:46,512 - basicLogger - DEBUG - Updated stats values: {'num_server_health_readings': 202, 'num_player_telemetry_events': 202, 'max_players': 499, 'min_players': 1, 'avg_players': 230.02970297029702, 'avg_cpu_usage': 52.33168316831683, 'avg_player_ping': 123.26732673267327, 'last_updated': '2026-02-11T02:06:32.266339Z'}
2026-02-10 18:24:46,512 - basicLogger - INFO - Periodic processing ended
2026-02-10 18:24:46,552 - basicLogger - INFO - GET http://localhost:8089/events/player-telemetry?start_timestamp=2026-02-11T02%3A06%3A32.266339Z&end_timestamp=2026-02-11T02%3A24%3A46Z ok: type=<class 'list'> len=400
2026-02-10 18:24:46,552 - basicLogger - INFO - Events received: server_health=400 player_telemetry=400
2026-02-10 18:24:46,555 - basicLogger - DEBUG - Updated stats values: {'num_server_health_readings': 202, 'num_player_telemetry_events': 202, 'max_players': 499, 'min_players': 1, 'avg_players': 230.02970297029702, 'avg_cpu_usage': 52.33168316831683, 'avg_player_ping': 123.26732673267327, 'last_updated': '2026-02-11T02:06:32.266339Z'}
2026-02-10 18:24:46,555 - basicLogger - INFO - Periodic processing ended
2026-02-10 18:24:51,323 - basicLogger - INFO - populate_stats() executed
2026-02-10 18:24:51,323 - basicLogger - INFO - Scheduler interval = 5 seconds
2026-02-10 18:24:51,324 - basicLogger - INFO - Periodic processing started
2026-02-10 18:24:51,373 - basicLogger - INFO - populate_stats() executed
2026-02-10 18:24:51,373 - basicLogger - INFO - Scheduler interval = 5 seconds
2026-02-10 18:24:51,373 - basicLogger - INFO - Periodic processing started
2026-02-10 18:24:51,420 - basicLogger - INFO - GET http://localhost:8089/events/server-health?start_timestamp=2026-02-11T02%3A06%3A32.266339Z&end_timestamp=2026-02-11T02%3A24%3A51Z ok: type=<class 'list'> len=400
2026-02-10 18:24:51,475 - basicLogger - INFO - GET http://localhost:8089/events/server-health?start_timestamp=2026-02-11T02%3A06%3A32.266339Z&end_timestamp=2026-02-11T02%3A24%3A51Z ok: type=<class 'list'> len=400
2026-02-10 18:24:51,507 - basicLogger - INFO - GET http://localhost:8089/events/player-telemetry?start_timestamp=2026-02-11T02%3A06%3A32.266339Z&end_timestamp=2026-02-11T02%3A24%3A51Z ok: type=<class 'list'> len=400
2026-02-10 18:24:51,507 - basicLogger - INFO - Events received: server_health=400 player_telemetry=400
2026-02-10 18:24:51,514 - basicLogger - DEBUG - Updated stats values: {'num_server_health_readings': 202, 'num_player_telemetry_events': 202, 'max_players': 499, 'min_players': 1, 'avg_players': 230.02970297029702, 'avg_cpu_usage': 52.33168316831683, 'avg_player_ping': 123.26732673267327, 'last_updated': '2026-02-11T02:06:32.266339Z'}
2026-02-10 18:24:51,514 - basicLogger - INFO - Periodic processing ended
2026-02-10 18:24:51,554 - basicLogger - INFO - GET http://localhost:8089/events/player-telemetry?start_timestamp=2026-02-11T02%3A06%3A32.266339Z&end_timestamp=2026-02-11T02%3A24%3A51Z ok: type=<class 'list'> len=400
2026-02-10 18:24:51,554 - basicLogger - INFO - Events received: server_health=400 player_telemetry=400
2026-02-10 18:24:51,556 - basicLogger - DEBUG - Updated stats values: {'num_server_health_readings': 202, 'num_player_telemetry_events': 202, 'max_players': 499, 'min_players': 1, 'avg_players': 230.02970297029702, 'avg_cpu_usage': 52.33168316831683, 'avg_player_ping': 123.26732673267327, 'last_updated': '2026-02-11T02:06:32.266339Z'}
2026-02-10 18:24:51,556 - basicLogger - INFO - Periodic processing ended
2026-02-10 18:25:50,846 - basicLogger - INFO - Periodic processing started
2026-02-10 18:25:50,947 - basicLogger - INFO - GET http://localhost:8089/events/server-health?start_timestamp=2026-02-11T02%3A06%3A32.266339Z&end_timestamp=2026-02-11T02%3A25%3A50Z ok: type=<class 'list'> len=400
2026-02-10 18:25:50,997 - basicLogger - INFO - GET http://localhost:8089/events/player-telemetry?start_timestamp=2026-02-11T02%3A06%3A32.266339Z&end_timestamp=2026-02-11T02%3A25%3A50Z ok: type=<class 'list'> len=400
2026-02-10 18:25:50,997 - basicLogger - INFO - Events received: server_health=400 player_telemetry=400 (window 2026-02-11T02:06:32.266339Z -> 2026-02-11T02:25:50Z)
2026-02-10 18:25:51,006 - basicLogger - DEBUG - Updated stats values: {'num_server_health_readings': 602, 'num_player_telemetry_events': 602, 'max_players': 500, 'min_players': 1, 'avg_players': 239.88538205980066, 'avg_cpu_usage': 51.28737541528239, 'avg_player_ping': 125.8172757475083, 'last_updated': '2026-02-11T02:06:32Z'}
2026-02-10 18:25:51,006 - basicLogger - INFO - Periodic processing ended
2026-02-10 18:25:55,845 - basicLogger - INFO - Periodic processing started
2026-02-10 18:25:55,912 - basicLogger - INFO - GET http://localhost:8089/events/server-health?start_timestamp=2026-02-11T02%3A06%3A32Z&end_timestamp=2026-02-11T02%3A25%3A55Z ok: type=<class 'list'> len=400
2026-02-10 18:25:55,963 - basicLogger - INFO - GET http://localhost:8089/events/player-telemetry?start_timestamp=2026-02-11T02%3A06%3A32Z&end_timestamp=2026-02-11T02%3A25%3A55Z ok: type=<class 'list'> len=400
2026-02-10 18:25:55,963 - basicLogger - INFO - Events received: server_health=400 player_telemetry=400 (window 2026-02-11T02:06:32Z -> 2026-02-11T02:25:55Z)
2026-02-10 18:25:55,966 - basicLogger - DEBUG - Updated stats values: {'num_server_health_readings': 1002, 'num_player_telemetry_events': 1002, 'max_players': 500, 'min_players': 1, 'avg_players': 241.87225548902197, 'avg_cpu_usage': 51.07684630738523, 'avg_player_ping': 126.3313373253493, 'last_updated': '2026-02-11T02:06:32Z'}
2026-02-10 18:25:55,966 - basicLogger - INFO - Periodic processing ended
2026-02-10 18:26:00,845 - basicLogger - INFO - Periodic processing started
2026-02-10 18:26:00,930 - basicLogger - INFO - GET http://localhost:8089/events/server-health?start_timestamp=2026-02-11T02%3A06%3A32Z&end_timestamp=2026-02-11T02%3A26%3A00Z ok: type=<class 'list'> len=400
2026-02-10 18:26:00,980 - basicLogger - INFO - GET http://localhost:8089/events/player-telemetry?start_timestamp=2026-02-11T02%3A06%3A32Z&end_timestamp=2026-02-11T02%3A26%3A00Z ok: type=<class 'list'> len=400
2026-02-10 18:26:00,980 - basicLogger - INFO - Events received: server_health=400 player_telemetry=400 (window 2026-02-11T02:06:32Z -> 2026-02-11T02:26:00Z)
2026-02-10 18:26:00,988 - basicLogger - DEBUG - Updated stats values: {'num_server_health_readings': 1402, 'num_player_telemetry_events': 1402, 'max_players': 500, 'min_players': 1, 'avg_players': 242.72539229671898, 'avg_cpu_usage': 50.98644793152639, 'avg_player_ping': 126.55206847360913, 'last_updated': '2026-02-11T02:06:32Z'}
2026-02-10 18:26:00,988 - basicLogger - INFO - Periodic processing ended
2026-02-10 18:26:05,845 - basicLogger - INFO - Periodic processing started
2026-02-10 18:26:05,920 - basicLogger - INFO - GET http://localhost:8089/events/server-health?start_timestamp=2026-02-11T02%3A06%3A32Z&end_timestamp=2026-02-11T02%3A26%3A05Z ok: type=<class 'list'> len=400
2026-02-10 18:26:05,972 - basicLogger - INFO - GET http://localhost:8089/events/player-telemetry?start_timestamp=2026-02-11T02%3A06%3A32Z&end_timestamp=2026-02-11T02%3A26%3A05Z ok: type=<class 'list'> len=400
2026-02-10 18:26:05,972 - basicLogger - INFO - Events received: server_health=400 player_telemetry=400 (window 2026-02-11T02:06:32Z -> 2026-02-11T02:26:05Z)
2026-02-10 18:26:05,980 - basicLogger - DEBUG - Updated stats values: {'num_server_health_readings': 1802, 'num_player_telemetry_events': 1802, 'max_players': 500, 'min_players': 1, 'avg_players': 243.19977802441733, 'avg_cpu_usage': 50.9361820199778, 'avg_player_ping': 126.67480577136514, 'last_updated': '2026-02-11T02:06:32Z'}
2026-02-10 18:26:05,981 - basicLogger - INFO - Periodic processing ended
2026-02-10 18:26:10,845 - basicLogger - INFO - Periodic processing started
2026-02-10 18:26:10,936 - basicLogger - INFO - GET http://localhost:8089/events/server-health?start_timestamp=2026-02-11T02%3A06%3A32Z&end_timestamp=2026-02-11T02%3A26%3A10Z ok: type=<class 'list'> len=400
2026-02-10 18:26:11,003 - basicLogger - INFO - GET http://localhost:8089/events/player-telemetry?start_timestamp=2026-02-11T02%3A06%3A32Z&end_timestamp=2026-02-11T02%3A26%3A10Z ok: type=<class 'list'> len=400
2026-02-10 18:26:11,004 - basicLogger - INFO - Events received: server_health=400 player_telemetry=400 (window 2026-02-11T02:06:32Z -> 2026-02-11T02:26:10Z)
2026-02-10 18:26:11,008 - basicLogger - DEBUG - Updated stats values: {'num_server_health_readings': 2202, 'num_player_telemetry_events': 2202, 'max_players': 500, 'min_players': 1, 'avg_players': 243.50181653042688, 'avg_cpu_usage': 50.904178019981835, 'avg_player_ping': 126.75295186194369, 'last_updated': '2026-02-11T02:06:32Z'}
2026-02-10 18:26:11,008 - basicLogger - INFO - Periodic processing ended
2026-02-10 18:26:15,847 - basicLogger - INFO - Periodic processing started
2026-02-10 18:26:15,935 - basicLogger - INFO - GET http://localhost:8089/events/server-health?start_timestamp=2026-02-11T02%3A06%3A32Z&end_timestamp=2026-02-11T02%3A26%3A15Z ok: type=<class 'list'> len=400
2026-02-10 18:26:15,987 - basicLogger - INFO - GET http://localhost:8089/events/player-telemetry?start_timestamp=2026-02-11T02%3A06%3A32Z&end_timestamp=2026-02-11T02%3A26%3A15Z ok: type=<class 'list'> len=400
2026-02-10 18:26:15,987 - basicLogger - INFO - Events received: server_health=400 player_telemetry=400 (window 2026-02-11T02:06:32Z -> 2026-02-11T02:26:15Z)
2026-02-10 18:26:15,990 - basicLogger - DEBUG - Updated stats values: {'num_server_health_readings': 2602, 'num_player_telemetry_events': 2602, 'max_players': 500, 'min_players': 1, 'avg_players': 243.71099154496542, 'avg_cpu_usage': 50.882013835511145, 'avg_player_ping': 126.80707148347425, 'last_updated': '2026-02-11T02:06:32Z'}
2026-02-10 18:26:15,990 - basicLogger - INFO - Periodic processing ended
2026-02-10 18:26:20,845 - basicLogger - INFO - Periodic processing started
2026-02-10 18:26:20,904 - basicLogger - INFO - GET http://localhost:8089/events/server-health?start_timestamp=2026-02-11T02%3A06%3A32Z&end_timestamp=2026-02-11T02%3A26%3A20Z ok: type=<class 'list'> len=400
2026-02-10 18:26:20,955 - basicLogger - INFO - GET http://localhost:8089/events/player-telemetry?start_timestamp=2026-02-11T02%3A06%3A32Z&end_timestamp=2026-02-11T02%3A26%3A20Z ok: type=<class 'list'> len=400
2026-02-10 18:26:20,955 - basicLogger - INFO - Events received: server_health=400 player_telemetry=400 (window 2026-02-11T02:06:32Z -> 2026-02-11T02:26:20Z)
2026-02-10 18:26:20,963 - basicLogger - DEBUG - Updated stats values: {'num_server_health_readings': 3002, 'num_player_telemetry_events': 3002, 'max_players': 500, 'min_players': 1, 'avg_players': 243.86442371752165, 'avg_cpu_usage': 50.86575616255829, 'avg_player_ping': 126.84676882078614, 'last_updated': '2026-02-11T02:06:32Z'}
2026-02-10 18:26:20,963 - basicLogger - INFO - Periodic processing ended
2026-02-10 18:26:25,847 - basicLogger - INFO - Periodic processing started
2026-02-10 18:26:25,936 - basicLogger - INFO - GET http://localhost:8089/events/server-health?start_timestamp=2026-02-11T02%3A06%3A32Z&end_timestamp=2026-02-11T02%3A26%3A25Z ok: type=<class 'list'> len=400
2026-02-10 18:26:25,994 - basicLogger - INFO - GET http://localhost:8089/events/player-telemetry?start_timestamp=2026-02-11T02%3A06%3A32Z&end_timestamp=2026-02-11T02%3A26%3A25Z ok: type=<class 'list'> len=400
2026-02-10 18:26:25,994 - basicLogger - INFO - Events received: server_health=400 player_telemetry=400 (window 2026-02-11T02:06:32Z -> 2026-02-11T02:26:25Z)
2026-02-10 18:26:26,002 - basicLogger - DEBUG - Updated stats values: {'num_server_health_readings': 3402, 'num_player_telemetry_events': 3402, 'max_players': 500, 'min_players': 1, 'avg_players': 243.98177542621988, 'avg_cpu_usage': 50.853321575543795, 'avg_player_ping': 126.87713109935332, 'last_updated': '2026-02-11T02:06:32Z'}
2026-02-10 18:26:26,002 - basicLogger - INFO - Periodic processing ended
2026-02-10 18:26:30,846 - basicLogger - INFO - Periodic processing started
2026-02-10 18:26:30,937 - basicLogger - INFO - GET http://localhost:8089/events/server-health?start_timestamp=2026-02-11T02%3A06%3A32Z&end_timestamp=2026-02-11T02%3A26%3A30Z ok: type=<class 'list'> len=400
2026-02-10 18:26:30,993 - basicLogger - INFO - GET http://localhost:8089/events/player-telemetry?start_timestamp=2026-02-11T02%3A06%3A32Z&end_timestamp=2026-02-11T02%3A26%3A30Z ok: type=<class 'list'> len=400
2026-02-10 18:26:30,993 - basicLogger - INFO - Events received: server_health=400 player_telemetry=400 (window 2026-02-11T02:06:32Z -> 2026-02-11T02:26:30Z)
2026-02-10 18:26:30,995 - basicLogger - DEBUG - Updated stats values: {'num_server_health_readings': 3802, 'num_player_telemetry_events': 3802, 'max_players': 500, 'min_players': 1, 'avg_players': 244.07443450815362, 'avg_cpu_usage': 50.843503419253025, 'avg_player_ping': 126.90110468174645, 'last_updated': '2026-02-11T02:06:32Z'}
2026-02-10 18:26:30,996 - basicLogger - INFO - Periodic processing ended
2026-02-10 18:26:35,845 - basicLogger - INFO - Periodic processing started
2026-02-10 18:26:35,929 - basicLogger - INFO - GET http://localhost:8089/events/server-health?start_timestamp=2026-02-11T02%3A06%3A32Z&end_timestamp=2026-02-11T02%3A26%3A35Z ok: type=<class 'list'> len=400
2026-02-10 18:26:35,979 - basicLogger - INFO - GET http://localhost:8089/events/player-telemetry?start_timestamp=2026-02-11T02%3A06%3A32Z&end_timestamp=2026-02-11T02%3A26%3A35Z ok: type=<class 'list'> len=400
2026-02-10 18:26:35,979 - basicLogger - INFO - Events received: server_health=400 player_telemetry=400 (window 2026-02-11T02:06:32Z -> 2026-02-11T02:26:35Z)
2026-02-10 18:26:35,986 - basicLogger - DEBUG - Updated stats values: {'num_server_health_readings': 4202, 'num_player_telemetry_events': 4202, 'max_players': 500, 'min_players': 1, 'avg_players': 244.14945264159923, 'avg_cpu_usage': 50.83555449785816, 'avg_player_ping': 126.92051404093289, 'last_updated': '2026-02-11T02:06:32Z'}
2026-02-10 18:26:35,987 - basicLogger - INFO - Periodic processing ended
2026-02-10 18:26:40,845 - basicLogger - INFO - Periodic processing started
2026-02-10 18:26:40,898 - basicLogger - INFO - GET http://localhost:8089/events/server-health?start_timestamp=2026-02-11T02%3A06%3A32Z&end_timestamp=2026-02-11T02%3A26%3A40Z ok: type=<class 'list'> len=400
2026-02-10 18:26:40,945 - basicLogger - INFO - GET http://localhost:8089/events/player-telemetry?start_timestamp=2026-02-11T02%3A06%3A32Z&end_timestamp=2026-02-11T02%3A26%3A40Z ok: type=<class 'list'> len=400
2026-02-10 18:26:40,946 - basicLogger - INFO - Events received: server_health=400 player_telemetry=400 (window 2026-02-11T02:06:32Z -> 2026-02-11T02:26:40Z)
2026-02-10 18:26:40,954 - basicLogger - DEBUG - Updated stats values: {'num_server_health_readings': 4602, 'num_player_telemetry_events': 4602, 'max_players': 500, 'min_players': 1, 'avg_players': 244.21142981312474, 'avg_cpu_usage': 50.82898739678401, 'avg_player_ping': 126.93654932637983, 'last_updated': '2026-02-11T02:06:32Z'}
2026-02-10 18:26:40,954 - basicLogger - INFO - Periodic processing ended
2026-02-10 18:26:45,845 - basicLogger - INFO - Periodic processing started
2026-02-10 18:26:45,949 - basicLogger - INFO - GET http://localhost:8089/events/server-health?start_timestamp=2026-02-11T02%3A06%3A32Z&end_timestamp=2026-02-11T02%3A26%3A45Z ok: type=<class 'list'> len=400
2026-02-10 18:26:46,000 - basicLogger - INFO - GET http://localhost:8089/events/player-telemetry?start_timestamp=2026-02-11T02%3A06%3A32Z&end_timestamp=2026-02-11T02%3A26%3A45Z ok: type=<class 'list'> len=400
2026-02-10 18:26:46,000 - basicLogger - INFO - Events received: server_health=400 player_telemetry=400 (window 2026-02-11T02:06:32Z -> 2026-02-11T02:26:45Z)
2026-02-10 18:26:46,008 - basicLogger - DEBUG - Updated stats values: {'num_server_health_readings': 5002, 'num_player_telemetry_events': 5002, 'max_players': 500, 'min_players': 1, 'avg_players': 244.26349460215914, 'avg_cpu_usage': 50.8234706117553, 'avg_player_ping': 126.95001999200319, 'last_updated': '2026-02-11T02:06:32Z'}
2026-02-10 18:26:46,008 - basicLogger - INFO - Periodic processing ended
2026-02-10 18:26:50,846 - basicLogger - INFO - Periodic processing started
2026-02-10 18:26:50,936 - basicLogger - INFO - GET http://localhost:8089/events/server-health?start_timestamp=2026-02-11T02%3A06%3A32Z&end_timestamp=2026-02-11T02%3A26%3A50Z ok: type=<class 'list'> len=400
2026-02-10 18:26:50,988 - basicLogger - INFO - GET http://localhost:8089/events/player-telemetry?start_timestamp=2026-02-11T02%3A06%3A32Z&end_timestamp=2026-02-11T02%3A26%3A50Z ok: type=<class 'list'> len=400
2026-02-10 18:26:50,988 - basicLogger - INFO - Events received: server_health=400 player_telemetry=400 (window 2026-02-11T02:06:32Z -> 2026-02-11T02:26:50Z)
2026-02-10 18:26:50,996 - basicLogger - DEBUG - Updated stats values: {'num_server_health_readings': 5402, 'num_player_telemetry_events': 5402, 'max_players': 500, 'min_players': 1, 'avg_players': 244.30784894483526, 'avg_cpu_usage': 50.81877082562014, 'avg_player_ping': 126.96149574231767, 'last_updated': '2026-02-11T02:06:32Z'}
2026-02-10 18:26:50,996 - basicLogger - INFO - Periodic processing ended
2026-02-10 18:26:55,845 - basicLogger - INFO - Periodic processing started
2026-02-10 18:26:55,902 - basicLogger - INFO - GET http://localhost:8089/events/server-health?start_timestamp=2026-02-11T02%3A06%3A32Z&end_timestamp=2026-02-11T02%3A26%3A55Z ok: type=<class 'list'> len=400
2026-02-10 18:26:55,953 - basicLogger - INFO - GET http://localhost:8089/events/player-telemetry?start_timestamp=2026-02-11T02%3A06%3A32Z&end_timestamp=2026-02-11T02%3A26%3A55Z ok: type=<class 'list'> len=400
2026-02-10 18:26:55,953 - basicLogger - INFO - Events received: server_health=400 player_telemetry=400 (window 2026-02-11T02:06:32Z -> 2026-02-11T02:26:55Z)
2026-02-10 18:26:55,960 - basicLogger - DEBUG - Updated stats values: {'num_server_health_readings': 5802, 'num_player_telemetry_events': 5802, 'max_players': 500, 'min_players': 1, 'avg_players': 244.34608755601516, 'avg_cpu_usage': 50.81471906239228, 'avg_player_ping': 126.97138917614616, 'last_updated': '2026-02-11T02:06:32Z'}
2026-02-10 18:26:55,960 - basicLogger - INFO - Periodic processing ended
2026-02-10 18:27:00,845 - basicLogger - INFO - Periodic processing started
2026-02-10 18:27:00,935 - basicLogger - INFO - GET http://localhost:8089/events/server-health?start_timestamp=2026-02-11T02%3A06%3A32Z&end_timestamp=2026-02-11T02%3A27%3A00Z ok: type=<class 'list'> len=400
2026-02-10 18:27:00,987 - basicLogger - INFO - GET http://localhost:8089/events/player-telemetry?start_timestamp=2026-02-11T02%3A06%3A32Z&end_timestamp=2026-02-11T02%3A27%3A00Z ok: type=<class 'list'> len=400
2026-02-10 18:27:00,988 - basicLogger - INFO - Events received: server_health=400 player_telemetry=400 (window 2026-02-11T02:06:32Z -> 2026-02-11T02:27:00Z)
2026-02-10 18:27:00,995 - basicLogger - DEBUG - Updated stats values: {'num_server_health_readings': 6202, 'num_player_telemetry_events': 6202, 'max_players': 500, 'min_players': 1, 'avg_players': 244.37939374395356, 'avg_cpu_usage': 50.81118993872944, 'avg_player_ping': 126.98000644953241, 'last_updated': '2026-02-11T02:06:32Z'}
2026-02-10 18:27:00,995 - basicLogger - INFO - Periodic processing ended
2026-02-10 18:27:05,846 - basicLogger - INFO - Periodic processing started
2026-02-10 18:27:05,905 - basicLogger - INFO - GET http://localhost:8089/events/server-health?start_timestamp=2026-02-11T02%3A06%3A32Z&end_timestamp=2026-02-11T02%3A27%3A05Z ok: type=<class 'list'> len=400
2026-02-10 18:27:05,957 - basicLogger - INFO - GET http://localhost:8089/events/player-telemetry?start_timestamp=2026-02-11T02%3A06%3A32Z&end_timestamp=2026-02-11T02%3A27%3A05Z ok: type=<class 'list'> len=400
2026-02-10 18:27:05,958 - basicLogger - INFO - Events received: server_health=400 player_telemetry=400 (window 2026-02-11T02:06:32Z -> 2026-02-11T02:27:05Z)
2026-02-10 18:27:05,965 - basicLogger - DEBUG - Updated stats values: {'num_server_health_readings': 6602, 'num_player_telemetry_events': 6602, 'max_players': 500, 'min_players': 1, 'avg_players': 244.40866404119964, 'avg_cpu_usage': 50.80808845804302, 'avg_player_ping': 126.98757952135716, 'last_updated': '2026-02-11T02:06:32Z'}
2026-02-10 18:27:05,966 - basicLogger - INFO - Periodic processing ended
2026-02-10 18:27:10,846 - basicLogger - INFO - Periodic processing started
2026-02-10 18:27:10,934 - basicLogger - INFO - GET http://localhost:8089/events/server-health?start_timestamp=2026-02-11T02%3A06%3A32Z&end_timestamp=2026-02-11T02%3A27%3A10Z ok: type=<class 'list'> len=400
2026-02-10 18:27:10,985 - basicLogger - INFO - GET http://localhost:8089/events/player-telemetry?start_timestamp=2026-02-11T02%3A06%3A32Z&end_timestamp=2026-02-11T02%3A27%3A10Z ok: type=<class 'list'> len=400
2026-02-10 18:27:10,985 - basicLogger - INFO - Events received: server_health=400 player_telemetry=400 (window 2026-02-11T02:06:32Z -> 2026-02-11T02:27:10Z)
2026-02-10 18:27:10,992 - basicLogger - DEBUG - Updated stats values: {'num_server_health_readings': 7002, 'num_player_telemetry_events': 7002, 'max_players': 500, 'min_players': 1, 'avg_players': 244.4345901171094, 'avg_cpu_usage': 50.805341331048275, 'avg_player_ping': 126.99428734647243, 'last_updated': '2026-02-11T02:06:32Z'}
2026-02-10 18:27:10,992 - basicLogger - INFO - Periodic processing ended
2026-02-10 18:27:15,845 - basicLogger - INFO - Periodic processing started
2026-02-10 18:27:15,927 - basicLogger - INFO - GET http://localhost:8089/events/server-health?start_timestamp=2026-02-11T02%3A06%3A32Z&end_timestamp=2026-02-11T02%3A27%3A15Z ok: type=<class 'list'> len=400
2026-02-10 18:27:15,977 - basicLogger - INFO - GET http://localhost:8089/events/player-telemetry?start_timestamp=2026-02-11T02%3A06%3A32Z&end_timestamp=2026-02-11T02%3A27%3A15Z ok: type=<class 'list'> len=400
2026-02-10 18:27:15,978 - basicLogger - INFO - Events received: server_health=400 player_telemetry=400 (window 2026-02-11T02:06:32Z -> 2026-02-11T02:27:15Z)
2026-02-10 18:27:15,985 - basicLogger - DEBUG - Updated stats values: {'num_server_health_readings': 7402, 'num_player_telemetry_events': 7402, 'max_players': 500, 'min_players': 1, 'avg_players': 244.45771413131587, 'avg_cpu_usage': 50.80289111051067, 'avg_player_ping': 127.00027019724399, 'last_updated': '2026-02-11T02:06:32Z'}
2026-02-10 18:27:15,986 - basicLogger - INFO - Periodic processing ended
2026-02-10 18:27:20,846 - basicLogger - INFO - Periodic processing started
2026-02-10 18:27:20,909 - basicLogger - INFO - GET http://localhost:8089/events/server-health?start_timestamp=2026-02-11T02%3A06%3A32Z&end_timestamp=2026-02-11T02%3A27%3A20Z ok: type=<class 'list'> len=400
2026-02-10 18:27:20,993 - basicLogger - INFO - GET http://localhost:8089/events/player-telemetry?start_timestamp=2026-02-11T02%3A06%3A32Z&end_timestamp=2026-02-11T02%3A27%3A20Z ok: type=<class 'list'> len=400
2026-02-10 18:27:20,993 - basicLogger - INFO - Events received: server_health=400 player_telemetry=400 (window 2026-02-11T02:06:32Z -> 2026-02-11T02:27:20Z)
2026-02-10 18:27:21,000 - basicLogger - DEBUG - Updated stats values: {'num_server_health_readings': 7802, 'num_player_telemetry_events': 7802, 'max_players': 500, 'min_players': 1, 'avg_players': 244.47846705972827, 'avg_cpu_usage': 50.80069213022302, 'avg_player_ping': 127.00563957959497, 'last_updated': '2026-02-11T02:06:32Z'}
2026-02-10 18:27:21,000 - basicLogger - INFO - Periodic processing ended
2026-02-10 18:27:25,845 - basicLogger - INFO - Periodic processing started
2026-02-10 18:27:25,904 - basicLogger - INFO - GET http://localhost:8089/events/server-health?start_timestamp=2026-02-11T02%3A06%3A32Z&end_timestamp=2026-02-11T02%3A27%3A25Z ok: type=<class 'list'> len=400
2026-02-10 18:27:25,956 - basicLogger - INFO - GET http://localhost:8089/events/player-telemetry?start_timestamp=2026-02-11T02%3A06%3A32Z&end_timestamp=2026-02-11T02%3A27%3A25Z ok: type=<class 'list'> len=400
2026-02-10 18:27:25,956 - basicLogger - INFO - Events received: server_health=400 player_telemetry=400 (window 2026-02-11T02:06:32Z -> 2026-02-11T02:27:25Z)
2026-02-10 18:27:25,964 - basicLogger - DEBUG - Updated stats values: {'num_server_health_readings': 8202, 'num_player_telemetry_events': 8202, 'max_players': 500, 'min_players': 1, 'avg_players': 244.497195805901, 'avg_cpu_usage': 50.79870763228481, 'avg_player_ping': 127.01048524750061, 'last_updated': '2026-02-11T02:06:32Z'}
2026-02-10 18:27:25,964 - basicLogger - INFO - Periodic processing ended
2026-02-10 18:27:30,844 - basicLogger - INFO - Periodic processing started
2026-02-10 18:27:30,899 - basicLogger - INFO - GET http://localhost:8089/events/server-health?start_timestamp=2026-02-11T02%3A06%3A32Z&end_timestamp=2026-02-11T02%3A27%3A30Z ok: type=<class 'list'> len=400
2026-02-10 18:27:30,951 - basicLogger - INFO - GET http://localhost:8089/events/player-telemetry?start_timestamp=2026-02-11T02%3A06%3A32Z&end_timestamp=2026-02-11T02%3A27%3A30Z ok: type=<class 'list'> len=400
2026-02-10 18:27:30,951 - basicLogger - INFO - Events received: server_health=400 player_telemetry=400 (window 2026-02-11T02:06:32Z -> 2026-02-11T02:27:30Z)
2026-02-10 18:27:30,959 - basicLogger - DEBUG - Updated stats values: {'num_server_health_readings': 8602, 'num_player_telemetry_events': 8602, 'max_players': 500, 'min_players': 1, 'avg_players': 244.5141827481981, 'avg_cpu_usage': 50.79690769588468, 'avg_player_ping': 127.01488026040455, 'last_updated': '2026-02-11T02:06:32Z'}
2026-02-10 18:27:30,959 - basicLogger - INFO - Periodic processing ended
2026-02-10 18:27:35,844 - basicLogger - INFO - Periodic processing started
2026-02-10 18:27:35,895 - basicLogger - INFO - GET http://localhost:8089/events/server-health?start_timestamp=2026-02-11T02%3A06%3A32Z&end_timestamp=2026-02-11T02%3A27%3A35Z ok: type=<class 'list'> len=400
2026-02-10 18:27:35,947 - basicLogger - INFO - GET http://localhost:8089/events/player-telemetry?start_timestamp=2026-02-11T02%3A06%3A32Z&end_timestamp=2026-02-11T02%3A27%3A35Z ok: type=<class 'list'> len=400
2026-02-10 18:27:35,947 - basicLogger - INFO - Events received: server_health=400 player_telemetry=400 (window 2026-02-11T02:06:32Z -> 2026-02-11T02:27:35Z)
2026-02-10 18:27:35,954 - basicLogger - DEBUG - Updated stats values: {'num_server_health_readings': 9002, 'num_player_telemetry_events': 9002, 'max_players': 500, 'min_players': 1, 'avg_players': 244.52966007553877, 'avg_cpu_usage': 50.795267718284826, 'avg_player_ping': 127.0188846922906, 'last_updated': '2026-02-11T02:06:32Z'}
2026-02-10 18:27:35,955 - basicLogger - INFO - Periodic processing ended
2026-02-10 18:27:40,844 - basicLogger - INFO - Periodic processing started
2026-02-10 18:27:40,898 - basicLogger - INFO - GET http://localhost:8089/events/server-health?start_timestamp=2026-02-11T02%3A06%3A32Z&end_timestamp=2026-02-11T02%3A27%3A40Z ok: type=<class 'list'> len=400
2026-02-10 18:27:40,962 - basicLogger - INFO - GET http://localhost:8089/events/player-telemetry?start_timestamp=2026-02-11T02%3A06%3A32Z&end_timestamp=2026-02-11T02%3A27%3A40Z ok: type=<class 'list'> len=400
2026-02-10 18:27:40,962 - basicLogger - INFO - Events received: server_health=400 player_telemetry=400 (window 2026-02-11T02:06:32Z -> 2026-02-11T02:27:40Z)
2026-02-10 18:27:40,965 - basicLogger - DEBUG - Updated stats values: {'num_server_health_readings': 9402, 'num_player_telemetry_events': 9402, 'max_players': 500, 'min_players': 1, 'avg_players': 244.54382046373112, 'avg_cpu_usage': 50.79376728355669, 'avg_player_ping': 127.02254839395873, 'last_updated': '2026-02-11T02:06:32Z'}
2026-02-10 18:27:40,965 - basicLogger - INFO - Periodic processing ended
2026-02-10 18:27:45,848 - basicLogger - INFO - Periodic processing started
2026-02-10 18:27:45,930 - basicLogger - INFO - GET http://localhost:8089/events/server-health?start_timestamp=2026-02-11T02%3A06%3A32Z&end_timestamp=2026-02-11T02%3A27%3A45Z ok: type=<class 'list'> len=400
2026-02-10 18:27:45,990 - basicLogger - INFO - GET http://localhost:8089/events/player-telemetry?start_timestamp=2026-02-11T02%3A06%3A32Z&end_timestamp=2026-02-11T02%3A27%3A45Z ok: type=<class 'list'> len=400
2026-02-10 18:27:45,990 - basicLogger - INFO - Events received: server_health=400 player_telemetry=400 (window 2026-02-11T02:06:32Z -> 2026-02-11T02:27:45Z)
2026-02-10 18:27:45,994 - basicLogger - DEBUG - Updated stats values: {'num_server_health_readings': 9802, 'num_player_telemetry_events': 9802, 'max_players': 500, 'min_players': 1, 'avg_players': 244.556825137727, 'avg_cpu_usage': 50.79238930830443, 'avg_player_ping': 127.02591307896348, 'last_updated': '2026-02-11T02:06:32Z'}
2026-02-10 18:27:45,994 - basicLogger - INFO - Periodic processing ended
2026-02-10 18:27:50,844 - basicLogger - INFO - Periodic processing started
2026-02-10 18:27:50,901 - basicLogger - INFO - GET http://localhost:8089/events/server-health?start_timestamp=2026-02-11T02%3A06%3A32Z&end_timestamp=2026-02-11T02%3A27%3A50Z ok: type=<class 'list'> len=400
2026-02-10 18:27:50,951 - basicLogger - INFO - GET http://localhost:8089/events/player-telemetry?start_timestamp=2026-02-11T02%3A06%3A32Z&end_timestamp=2026-02-11T02%3A27%3A50Z ok: type=<class 'list'> len=400
2026-02-10 18:27:50,951 - basicLogger - INFO - Events received: server_health=400 player_telemetry=400 (window 2026-02-11T02:06:32Z -> 2026-02-11T02:27:50Z)
2026-02-10 18:27:50,959 - basicLogger - DEBUG - Updated stats values: {'num_server_health_readings': 10202, 'num_player_telemetry_events': 10202, 'max_players': 500, 'min_players': 1, 'avg_players': 244.5688100372476, 'avg_cpu_usage': 50.79111938835523, 'avg_player_ping': 127.02901391883944, 'last_updated': '2026-02-11T02:06:32Z'}
2026-02-10 18:27:50,959 - basicLogger - INFO - Periodic processing ended
2026-02-10 18:27:55,844 - basicLogger - INFO - Periodic processing started
2026-02-10 18:27:55,897 - basicLogger - INFO - GET http://localhost:8089/events/server-health?start_timestamp=2026-02-11T02%3A06%3A32Z&end_timestamp=2026-02-11T02%3A27%3A55Z ok: type=<class 'list'> len=400
2026-02-10 18:27:55,950 - basicLogger - INFO - GET http://localhost:8089/events/player-telemetry?start_timestamp=2026-02-11T02%3A06%3A32Z&end_timestamp=2026-02-11T02%3A27%3A55Z ok: type=<class 'list'> len=400
2026-02-10 18:27:55,950 - basicLogger - INFO - Events received: server_health=400 player_telemetry=400 (window 2026-02-11T02:06:32Z -> 2026-02-11T02:27:55Z)
2026-02-10 18:27:55,958 - basicLogger - DEBUG - Updated stats values: {'num_server_health_readings': 10602, 'num_player_telemetry_events': 10602, 'max_players': 500, 'min_players': 1, 'avg_players': 244.57989058668176, 'avg_cpu_usage': 50.78994529334088, 'avg_player_ping': 127.03188077721185, 'last_updated': '2026-02-11T02:06:32Z'}
2026-02-10 18:27:55,958 - basicLogger - INFO - Periodic processing ended
2026-02-10 18:28:00,844 - basicLogger - INFO - Periodic processing started
2026-02-10 18:28:00,902 - basicLogger - INFO - GET http://localhost:8089/events/server-health?start_timestamp=2026-02-11T02%3A06%3A32Z&end_timestamp=2026-02-11T02%3A28%3A00Z ok: type=<class 'list'> len=400
2026-02-10 18:28:00,964 - basicLogger - INFO - GET http://localhost:8089/events/player-telemetry?start_timestamp=2026-02-11T02%3A06%3A32Z&end_timestamp=2026-02-11T02%3A28%3A00Z ok: type=<class 'list'> len=400
2026-02-10 18:28:00,964 - basicLogger - INFO - Events received: server_health=400 player_telemetry=400 (window 2026-02-11T02:06:32Z -> 2026-02-11T02:28:00Z)
2026-02-10 18:28:00,971 - basicLogger - DEBUG - Updated stats values: {'num_server_health_readings': 11002, 'num_player_telemetry_events': 11002, 'max_players': 500, 'min_players': 1, 'avg_players': 244.59016542446827, 'avg_cpu_usage': 50.78885657153245, 'avg_player_ping': 127.03453917469551, 'last_updated': '2026-02-11T02:06:32Z'}
2026-02-10 18:28:00,971 - basicLogger - INFO - Periodic processing ended
2026-02-10 18:28:05,844 - basicLogger - INFO - Periodic processing started
2026-02-10 18:28:05,895 - basicLogger - INFO - GET http://localhost:8089/events/server-health?start_timestamp=2026-02-11T02%3A06%3A32Z&end_timestamp=2026-02-11T02%3A28%3A05Z ok: type=<class 'list'> len=400
2026-02-10 18:28:05,949 - basicLogger - INFO - GET http://localhost:8089/events/player-telemetry?start_timestamp=2026-02-11T02%3A06%3A32Z&end_timestamp=2026-02-11T02%3A28%3A05Z ok: type=<class 'list'> len=400
2026-02-10 18:28:05,950 - basicLogger - INFO - Events received: server_health=400 player_telemetry=400 (window 2026-02-11T02:06:32Z -> 2026-02-11T02:28:05Z)
2026-02-10 18:28:05,957 - basicLogger - DEBUG - Updated stats values: {'num_server_health_readings': 11402, 'num_player_telemetry_events': 11402, 'max_players': 500, 'min_players': 1, 'avg_players': 244.5997193474829, 'avg_cpu_usage': 50.78784423785301, 'avg_player_ping': 127.03701105069285, 'last_updated': '2026-02-11T02:06:32Z'}
2026-02-10 18:28:05,957 - basicLogger - INFO - Periodic processing ended
2026-02-10 18:28:10,844 - basicLogger - INFO - Periodic processing started
2026-02-10 18:28:10,914 - basicLogger - INFO - GET http://localhost:8089/events/server-health?start_timestamp=2026-02-11T02%3A06%3A32Z&end_timestamp=2026-02-11T02%3A28%3A10Z ok: type=<class 'list'> len=400
2026-02-10 18:28:10,971 - basicLogger - INFO - GET http://localhost:8089/events/player-telemetry?start_timestamp=2026-02-11T02%3A06%3A32Z&end_timestamp=2026-02-11T02%3A28%3A10Z ok: type=<class 'list'> len=400
2026-02-10 18:28:10,971 - basicLogger - INFO - Events received: server_health=400 player_telemetry=400 (window 2026-02-11T02:06:32Z -> 2026-02-11T02:28:10Z)
2026-02-10 18:28:10,974 - basicLogger - DEBUG - Updated stats values: {'num_server_health_readings': 11802, 'num_player_telemetry_events': 11802, 'max_players': 500, 'min_players': 1, 'avg_players': 244.60862565666835, 'avg_cpu_usage': 50.78690052533469, 'avg_player_ping': 127.03931537027623, 'last_updated': '2026-02-11T02:06:32Z'}
2026-02-10 18:28:10,974 - basicLogger - INFO - Periodic processing ended
2026-02-10 18:28:15,845 - basicLogger - INFO - Periodic processing started
2026-02-10 18:28:15,923 - basicLogger - INFO - GET http://localhost:8089/events/server-health?start_timestamp=2026-02-11T02%3A06%3A32Z&end_timestamp=2026-02-11T02%3A28%3A15Z ok: type=<class 'list'> len=400
2026-02-10 18:28:15,974 - basicLogger - INFO - GET http://localhost:8089/events/player-telemetry?start_timestamp=2026-02-11T02%3A06%3A32Z&end_timestamp=2026-02-11T02%3A28%3A15Z ok: type=<class 'list'> len=400
2026-02-10 18:28:15,974 - basicLogger - INFO - Events received: server_health=400 player_telemetry=400 (window 2026-02-11T02:06:32Z -> 2026-02-11T02:28:15Z)
2026-02-10 18:28:15,982 - basicLogger - DEBUG - Updated stats values: {'num_server_health_readings': 12202, 'num_player_telemetry_events': 12202, 'max_players': 500, 'min_players': 1, 'avg_players': 244.6169480413047, 'avg_cpu_usage': 50.7860186854614, 'avg_player_ping': 127.041468611703, 'last_updated': '2026-02-11T02:06:32Z'}
2026-02-10 18:28:15,982 - basicLogger - INFO - Periodic processing ended
2026-02-10 18:28:20,845 - basicLogger - INFO - Periodic processing started
2026-02-10 18:28:20,907 - basicLogger - INFO - GET http://localhost:8089/events/server-health?start_timestamp=2026-02-11T02%3A06%3A32Z&end_timestamp=2026-02-11T02%3A28%3A20Z ok: type=<class 'list'> len=400
2026-02-10 18:28:20,967 - basicLogger - INFO - GET http://localhost:8089/events/player-telemetry?start_timestamp=2026-02-11T02%3A06%3A32Z&end_timestamp=2026-02-11T02%3A28%3A20Z ok: type=<class 'list'> len=400
2026-02-10 18:28:20,967 - basicLogger - INFO - Events received: server_health=400 player_telemetry=400 (window 2026-02-11T02:06:32Z -> 2026-02-11T02:28:20Z)
2026-02-10 18:28:20,975 - basicLogger - DEBUG - Updated stats values: {'num_server_health_readings': 12602, 'num_player_telemetry_events': 12602, 'max_players': 500, 'min_players': 1, 'avg_players': 244.62474210442787, 'avg_cpu_usage': 50.78519282653547, 'avg_player_ping': 127.04348516108554, 'last_updated': '2026-02-11T02:06:32Z'}
2026-02-10 18:28:20,975 - basicLogger - INFO - Periodic processing ended
2026-02-10 18:28:25,846 - basicLogger - INFO - Periodic processing started
2026-02-10 18:28:25,935 - basicLogger - INFO - GET http://localhost:8089/events/server-health?start_timestamp=2026-02-11T02%3A06%3A32Z&end_timestamp=2026-02-11T02%3A28%3A25Z ok: type=<class 'list'> len=400
2026-02-10 18:28:25,991 - basicLogger - INFO - GET http://localhost:8089/events/player-telemetry?start_timestamp=2026-02-11T02%3A06%3A32Z&end_timestamp=2026-02-11T02%3A28%3A25Z ok: type=<class 'list'> len=400
2026-02-10 18:28:25,991 - basicLogger - INFO - Events received: server_health=400 player_telemetry=400 (window 2026-02-11T02:06:32Z -> 2026-02-11T02:28:25Z)
2026-02-10 18:28:25,999 - basicLogger - DEBUG - Updated stats values: {'num_server_health_readings': 13002, 'num_player_telemetry_events': 13002, 'max_players': 500, 'min_players': 1, 'avg_players': 244.6320566066759, 'avg_cpu_usage': 50.78441778187971, 'avg_player_ping': 127.04537763421013, 'last_updated': '2026-02-11T02:06:32Z'}
2026-02-10 18:28:25,999 - basicLogger - INFO - Periodic processing ended
2026-02-10 18:28:30,845 - basicLogger - INFO - Periodic processing started
2026-02-10 18:28:30,900 - basicLogger - INFO - GET http://localhost:8089/events/server-health?start_timestamp=2026-02-11T02%3A06%3A32Z&end_timestamp=2026-02-11T02%3A28%3A30Z ok: type=<class 'list'> len=400
2026-02-10 18:28:30,950 - basicLogger - INFO - GET http://localhost:8089/events/player-telemetry?start_timestamp=2026-02-11T02%3A06%3A32Z&end_timestamp=2026-02-11T02%3A28%3A30Z ok: type=<class 'list'> len=400
2026-02-10 18:28:30,951 - basicLogger - INFO - Events received: server_health=400 player_telemetry=400 (window 2026-02-11T02:06:32Z -> 2026-02-11T02:28:30Z)
2026-02-10 18:28:30,958 - basicLogger - DEBUG - Updated stats values: {'num_server_health_readings': 13402, 'num_player_telemetry_events': 13402, 'max_players': 500, 'min_players': 1, 'avg_players': 244.63893448738995, 'avg_cpu_usage': 50.78368900164155, 'avg_player_ping': 127.04715714072526, 'last_updated': '2026-02-11T02:06:32Z'}
2026-02-10 18:28:30,959 - basicLogger - INFO - Periodic processing ended
2026-02-10 18:28:35,845 - basicLogger - INFO - Periodic processing started
2026-02-10 18:28:35,906 - basicLogger - INFO - GET http://localhost:8089/events/server-health?start_timestamp=2026-02-11T02%3A06%3A32Z&end_timestamp=2026-02-11T02%3A28%3A35Z ok: type=<class 'list'> len=400
2026-02-10 18:28:35,959 - basicLogger - INFO - GET http://localhost:8089/events/player-telemetry?start_timestamp=2026-02-11T02%3A06%3A32Z&end_timestamp=2026-02-11T02%3A28%3A35Z ok: type=<class 'list'> len=400
2026-02-10 18:28:35,959 - basicLogger - INFO - Events received: server_health=400 player_telemetry=400 (window 2026-02-11T02:06:32Z -> 2026-02-11T02:28:35Z)
2026-02-10 18:28:35,966 - basicLogger - DEBUG - Updated stats values: {'num_server_health_readings': 13802, 'num_player_telemetry_events': 13802, 'max_players': 500, 'min_players': 1, 'avg_players': 244.64541370815823, 'avg_cpu_usage': 50.7830024634111, 'avg_player_ping': 127.04883350239096, 'last_updated': '2026-02-11T02:06:32Z'}
2026-02-10 18:28:35,966 - basicLogger - INFO - Periodic processing ended
2026-02-10 18:28:40,845 - basicLogger - INFO - Periodic processing started
2026-02-10 18:28:40,901 - basicLogger - INFO - GET http://localhost:8089/events/server-health?start_timestamp=2026-02-11T02%3A06%3A32Z&end_timestamp=2026-02-11T02%3A28%3A40Z ok: type=<class 'list'> len=400
2026-02-10 18:28:40,952 - basicLogger - INFO - GET http://localhost:8089/events/player-telemetry?start_timestamp=2026-02-11T02%3A06%3A32Z&end_timestamp=2026-02-11T02%3A28%3A40Z ok: type=<class 'list'> len=400
2026-02-10 18:28:40,952 - basicLogger - INFO - Events received: server_health=400 player_telemetry=400 (window 2026-02-11T02:06:32Z -> 2026-02-11T02:28:40Z)
2026-02-10 18:28:40,960 - basicLogger - DEBUG - Updated stats values: {'num_server_health_readings': 14202, 'num_player_telemetry_events': 14202, 'max_players': 500, 'min_players': 1, 'avg_players': 244.65152795380934, 'avg_cpu_usage': 50.78235459794395, 'avg_player_ping': 127.05041543444585, 'last_updated': '2026-02-11T02:06:32Z'}
2026-02-10 18:28:40,960 - basicLogger - INFO - Periodic processing ended
2026-02-10 18:28:45,845 - basicLogger - INFO - Periodic processing started
2026-02-10 18:28:45,907 - basicLogger - INFO - GET http://localhost:8089/events/server-health?start_timestamp=2026-02-11T02%3A06%3A32Z&end_timestamp=2026-02-11T02%3A28%3A45Z ok: type=<class 'list'> len=400
2026-02-10 18:28:45,958 - basicLogger - INFO - GET http://localhost:8089/events/player-telemetry?start_timestamp=2026-02-11T02%3A06%3A32Z&end_timestamp=2026-02-11T02%3A28%3A45Z ok: type=<class 'list'> len=400
2026-02-10 18:28:45,958 - basicLogger - INFO - Events received: server_health=400 player_telemetry=400 (window 2026-02-11T02:06:32Z -> 2026-02-11T02:28:45Z)
2026-02-10 18:28:45,966 - basicLogger - DEBUG - Updated stats values: {'num_server_health_readings': 14602, 'num_player_telemetry_events': 14602, 'max_players': 500, 'min_players': 1, 'avg_players': 244.6573072181893, 'avg_cpu_usage': 50.78174222709218, 'avg_player_ping': 127.05191069716477, 'last_updated': '2026-02-11T02:06:32Z'}
2026-02-10 18:28:45,966 - basicLogger - INFO - Periodic processing ended
2026-02-10 18:28:50,844 - basicLogger - INFO - Periodic processing started
2026-02-10 18:28:50,894 - basicLogger - INFO - GET http://localhost:8089/events/server-health?start_timestamp=2026-02-11T02%3A06%3A32Z&end_timestamp=2026-02-11T02%3A28%3A50Z ok: type=<class 'list'> len=400
2026-02-10 18:28:50,947 - basicLogger - INFO - GET http://localhost:8089/events/player-telemetry?start_timestamp=2026-02-11T02%3A06%3A32Z&end_timestamp=2026-02-11T02%3A28%3A50Z ok: type=<class 'list'> len=400
2026-02-10 18:28:50,947 - basicLogger - INFO - Events received: server_health=400 player_telemetry=400 (window 2026-02-11T02:06:32Z -> 2026-02-11T02:28:50Z)
2026-02-10 18:28:50,955 - basicLogger - DEBUG - Updated stats values: {'num_server_health_readings': 15002, 'num_player_telemetry_events': 15002, 'max_players': 500, 'min_players': 1, 'avg_players': 244.66277829622717, 'avg_cpu_usage': 50.78116251166511, 'avg_player_ping': 127.05332622317025, 'last_updated': '2026-02-11T02:06:32Z'}
2026-02-10 18:28:50,955 - basicLogger - INFO - Periodic processing ended
2026-02-10 18:28:55,845 - basicLogger - INFO - Periodic processing started
2026-02-10 18:28:55,895 - basicLogger - INFO - GET http://localhost:8089/events/server-health?start_timestamp=2026-02-11T02%3A06%3A32Z&end_timestamp=2026-02-11T02%3A28%3A55Z ok: type=<class 'list'> len=400
2026-02-10 18:28:55,948 - basicLogger - INFO - GET http://localhost:8089/events/player-telemetry?start_timestamp=2026-02-11T02%3A06%3A32Z&end_timestamp=2026-02-11T02%3A28%3A55Z ok: type=<class 'list'> len=400
2026-02-10 18:28:55,948 - basicLogger - INFO - Events received: server_health=400 player_telemetry=400 (window 2026-02-11T02:06:32Z -> 2026-02-11T02:28:55Z)
2026-02-10 18:28:55,956 - basicLogger - DEBUG - Updated stats values: {'num_server_health_readings': 15402, 'num_player_telemetry_events': 15402, 'max_players': 500, 'min_players': 1, 'avg_players': 244.66796519932475, 'avg_cpu_usage': 50.78061290741462, 'avg_player_ping': 127.05466822490585, 'last_updated': '2026-02-11T02:06:32Z'}
2026-02-10 18:28:55,956 - basicLogger - INFO - Periodic processing ended
2026-02-10 18:29:00,844 - basicLogger - INFO - Periodic processing started
2026-02-10 18:29:00,913 - basicLogger - INFO - GET http://localhost:8089/events/server-health?start_timestamp=2026-02-11T02%3A06%3A32Z&end_timestamp=2026-02-11T02%3A29%3A00Z ok: type=<class 'list'> len=400
2026-02-10 18:29:00,966 - basicLogger - INFO - GET http://localhost:8089/events/player-telemetry?start_timestamp=2026-02-11T02%3A06%3A32Z&end_timestamp=2026-02-11T02%3A29%3A00Z ok: type=<class 'list'> len=400
2026-02-10 18:29:00,967 - basicLogger - INFO - Events received: server_health=400 player_telemetry=400 (window 2026-02-11T02:06:32Z -> 2026-02-11T02:29:00Z)
2026-02-10 18:29:00,974 - basicLogger - DEBUG - Updated stats values: {'num_server_health_readings': 15802, 'num_player_telemetry_events': 15802, 'max_players': 500, 'min_players': 1, 'avg_players': 244.67288950765726, 'avg_cpu_usage': 50.780091127705354, 'avg_player_ping': 127.05594228578661, 'last_updated': '2026-02-11T02:06:32Z'}
2026-02-10 18:29:00,975 - basicLogger - INFO - Periodic processing ended
2026-02-10 18:29:05,844 - basicLogger - INFO - Periodic processing started
2026-02-10 18:29:05,902 - basicLogger - INFO - GET http://localhost:8089/events/server-health?start_timestamp=2026-02-11T02%3A06%3A32Z&end_timestamp=2026-02-11T02%3A29%3A05Z ok: type=<class 'list'> len=400
2026-02-10 18:29:05,962 - basicLogger - INFO - GET http://localhost:8089/events/player-telemetry?start_timestamp=2026-02-11T02%3A06%3A32Z&end_timestamp=2026-02-11T02%3A29%3A05Z ok: type=<class 'list'> len=400
2026-02-10 18:29:05,962 - basicLogger - INFO - Events received: server_health=400 player_telemetry=400 (window 2026-02-11T02:06:32Z -> 2026-02-11T02:29:05Z)
2026-02-10 18:29:05,970 - basicLogger - DEBUG - Updated stats values: {'num_server_health_readings': 16202, 'num_player_telemetry_events': 16202, 'max_players': 500, 'min_players': 1, 'avg_players': 244.67757067028762, 'avg_cpu_usage': 50.779595111714606, 'avg_player_ping': 127.05715343784718, 'last_updated': '2026-02-11T02:06:32Z'}
2026-02-10 18:29:05,970 - basicLogger - INFO - Periodic processing ended
2026-02-10 18:29:10,844 - basicLogger - INFO - Periodic processing started
2026-02-10 18:29:10,899 - basicLogger - INFO - GET http://localhost:8089/events/server-health?start_timestamp=2026-02-11T02%3A06%3A32Z&end_timestamp=2026-02-11T02%3A29%3A10Z ok: type=<class 'list'> len=400
2026-02-10 18:29:10,961 - basicLogger - INFO - GET http://localhost:8089/events/player-telemetry?start_timestamp=2026-02-11T02%3A06%3A32Z&end_timestamp=2026-02-11T02%3A29%3A10Z ok: type=<class 'list'> len=400
2026-02-10 18:29:10,961 - basicLogger - INFO - Events received: server_health=400 player_telemetry=400 (window 2026-02-11T02:06:32Z -> 2026-02-11T02:29:10Z)
2026-02-10 18:29:10,969 - basicLogger - DEBUG - Updated stats values: {'num_server_health_readings': 16602, 'num_player_telemetry_events': 16602, 'max_players': 500, 'min_players': 1, 'avg_players': 244.68202626189617, 'avg_cpu_usage': 50.77912299722925, 'avg_player_ping': 127.05830622816528, 'last_updated': '2026-02-11T02:06:32Z'}
2026-02-10 18:29:10,969 - basicLogger - INFO - Periodic processing ended
2026-02-10 18:29:15,844 - basicLogger - INFO - Periodic processing started
2026-02-10 18:29:15,909 - basicLogger - INFO - GET http://localhost:8089/events/server-health?start_timestamp=2026-02-11T02%3A06%3A32Z&end_timestamp=2026-02-11T02%3A29%3A15Z ok: type=<class 'list'> len=400
2026-02-10 18:29:15,960 - basicLogger - INFO - GET http://localhost:8089/events/player-telemetry?start_timestamp=2026-02-11T02%3A06%3A32Z&end_timestamp=2026-02-11T02%3A29%3A15Z ok: type=<class 'list'> len=400
2026-02-10 18:29:15,960 - basicLogger - INFO - Events received: server_health=400 player_telemetry=400 (window 2026-02-11T02:06:32Z -> 2026-02-11T02:29:15Z)
2026-02-10 18:29:15,963 - basicLogger - DEBUG - Updated stats values: {'num_server_health_readings': 17002, 'num_player_telemetry_events': 17002, 'max_players': 500, 'min_players': 1, 'avg_players': 244.6862722032702, 'avg_cpu_usage': 50.77867309728267, 'avg_player_ping': 127.05940477590872, 'last_updated': '2026-02-11T02:06:32Z'}
2026-02-10 18:29:15,964 - basicLogger - INFO - Periodic processing ended
2026-02-10 18:29:20,845 - basicLogger - INFO - Periodic processing started
2026-02-10 18:29:20,928 - basicLogger - INFO - GET http://localhost:8089/events/server-health?start_timestamp=2026-02-11T02%3A06%3A32Z&end_timestamp=2026-02-11T02%3A29%3A20Z ok: type=<class 'list'> len=400
2026-02-10 18:29:20,978 - basicLogger - INFO - GET http://localhost:8089/events/player-telemetry?start_timestamp=2026-02-11T02%3A06%3A32Z&end_timestamp=2026-02-11T02%3A29%3A20Z ok: type=<class 'list'> len=400
2026-02-10 18:29:20,979 - basicLogger - INFO - Events received: server_health=400 player_telemetry=400 (window 2026-02-11T02:06:32Z -> 2026-02-11T02:29:20Z)
2026-02-10 18:29:20,982 - basicLogger - DEBUG - Updated stats values: {'num_server_health_readings': 17402, 'num_player_telemetry_events': 17402, 'max_players': 500, 'min_players': 1, 'avg_players': 244.6903229513849, 'avg_cpu_usage': 50.77824388001379, 'avg_player_ping': 127.06045282151477, 'last_updated': '2026-02-11T02:06:32Z'}
2026-02-10 18:29:20,982 - basicLogger - INFO - Periodic processing ended
2026-02-10 18:29:25,847 - basicLogger - INFO - Periodic processing started
2026-02-10 18:29:25,939 - basicLogger - INFO - GET http://localhost:8089/events/server-health?start_timestamp=2026-02-11T02%3A06%3A32Z&end_timestamp=2026-02-11T02%3A29%3A25Z ok: type=<class 'list'> len=400
2026-02-10 18:29:25,988 - basicLogger - INFO - GET http://localhost:8089/events/player-telemetry?start_timestamp=2026-02-11T02%3A06%3A32Z&end_timestamp=2026-02-11T02%3A29%3A25Z ok: type=<class 'list'> len=400
2026-02-10 18:29:25,988 - basicLogger - INFO - Events received: server_health=400 player_telemetry=400 (window 2026-02-11T02:06:32Z -> 2026-02-11T02:29:25Z)
2026-02-10 18:29:25,997 - basicLogger - DEBUG - Updated stats values: {'num_server_health_readings': 17802, 'num_player_telemetry_events': 17802, 'max_players': 500, 'min_players': 1, 'avg_players': 244.694191663858, 'avg_cpu_usage': 50.77783395124143, 'avg_player_ping': 127.0614537692394, 'last_updated': '2026-02-11T02:06:32Z'}
2026-02-10 18:29:25,997 - basicLogger - INFO - Periodic processing ended
2026-02-10 18:29:30,846 - basicLogger - INFO - Periodic processing started
2026-02-10 18:29:30,934 - basicLogger - INFO - GET http://localhost:8089/events/server-health?start_timestamp=2026-02-11T02%3A06%3A32Z&end_timestamp=2026-02-11T02%3A29%3A30Z ok: type=<class 'list'> len=400
2026-02-10 18:29:30,987 - basicLogger - INFO - GET http://localhost:8089/events/player-telemetry?start_timestamp=2026-02-11T02%3A06%3A32Z&end_timestamp=2026-02-11T02%3A29%3A30Z ok: type=<class 'list'> len=400
2026-02-10 18:29:30,988 - basicLogger - INFO - Events received: server_health=400 player_telemetry=400 (window 2026-02-11T02:06:32Z -> 2026-02-11T02:29:30Z)
2026-02-10 18:29:30,995 - basicLogger - DEBUG - Updated stats values: {'num_server_health_readings': 18202, 'num_player_telemetry_events': 18202, 'max_players': 500, 'min_players': 1, 'avg_players': 244.6978903417207, 'avg_cpu_usage': 50.777442039336336, 'avg_player_ping': 127.06241072409625, 'last_updated': '2026-02-11T02:06:32Z'}
2026-02-10 18:29:30,996 - basicLogger - INFO - Periodic processing ended
2026-02-10 18:29:35,845 - basicLogger - INFO - Periodic processing started
2026-02-10 18:29:35,928 - basicLogger - INFO - GET http://localhost:8089/events/server-health?start_timestamp=2026-02-11T02%3A06%3A32Z&end_timestamp=2026-02-11T02%3A29%3A35Z ok: type=<class 'list'> len=400
2026-02-10 18:29:35,985 - basicLogger - INFO - GET http://localhost:8089/events/player-telemetry?start_timestamp=2026-02-11T02%3A06%3A32Z&end_timestamp=2026-02-11T02%3A29%3A35Z ok: type=<class 'list'> len=400
2026-02-10 18:29:35,985 - basicLogger - INFO - Events received: server_health=400 player_telemetry=400 (window 2026-02-11T02:06:32Z -> 2026-02-11T02:29:35Z)
2026-02-10 18:29:35,993 - basicLogger - DEBUG - Updated stats values: {'num_server_health_readings': 18602, 'num_player_telemetry_events': 18602, 'max_players': 500, 'min_players': 1, 'avg_players': 244.7014299537684, 'avg_cpu_usage': 50.77706698204494, 'avg_player_ping': 127.06332652402968, 'last_updated': '2026-02-11T02:06:32Z'}
2026-02-10 18:29:35,993 - basicLogger - INFO - Periodic processing ended
2026-02-10 18:29:40,847 - basicLogger - INFO - Periodic processing started
2026-02-10 18:29:40,924 - basicLogger - INFO - GET http://localhost:8089/events/server-health?start_timestamp=2026-02-11T02%3A06%3A32Z&end_timestamp=2026-02-11T02%3A29%3A40Z ok: type=<class 'list'> len=400
2026-02-10 18:29:40,974 - basicLogger - INFO - GET http://localhost:8089/events/player-telemetry?start_timestamp=2026-02-11T02%3A06%3A32Z&end_timestamp=2026-02-11T02%3A29%3A40Z ok: type=<class 'list'> len=400
2026-02-10 18:29:40,974 - basicLogger - INFO - Events received: server_health=400 player_telemetry=400 (window 2026-02-11T02:06:32Z -> 2026-02-11T02:29:40Z)
2026-02-10 18:29:40,983 - basicLogger - DEBUG - Updated stats values: {'num_server_health_readings': 19002, 'num_player_telemetry_events': 19002, 'max_players': 500, 'min_players': 1, 'avg_players': 244.70482054520576, 'avg_cpu_usage': 50.77670771497737, 'avg_player_ping': 127.06420376802441, 'last_updated': '2026-02-11T02:06:32Z'}
2026-02-10 18:29:40,983 - basicLogger - INFO - Periodic processing ended
2026-02-10 18:29:45,845 - basicLogger - INFO - Periodic processing started
2026-02-10 18:29:45,902 - basicLogger - INFO - GET http://localhost:8089/events/server-health?start_timestamp=2026-02-11T02%3A06%3A32Z&end_timestamp=2026-02-11T02%3A29%3A45Z ok: type=<class 'list'> len=400
2026-02-10 18:29:45,955 - basicLogger - INFO - GET http://localhost:8089/events/player-telemetry?start_timestamp=2026-02-11T02%3A06%3A32Z&end_timestamp=2026-02-11T02%3A29%3A45Z ok: type=<class 'list'> len=400
2026-02-10 18:29:45,955 - basicLogger - INFO - Events received: server_health=400 player_telemetry=400 (window 2026-02-11T02:06:32Z -> 2026-02-11T02:29:45Z)
2026-02-10 18:29:45,964 - basicLogger - DEBUG - Updated stats values: {'num_server_health_readings': 19402, 'num_player_telemetry_events': 19402, 'max_players': 500, 'min_players': 1, 'avg_players': 244.70807133285228, 'avg_cpu_usage': 50.77636326151943, 'avg_player_ping': 127.06504484073807, 'last_updated': '2026-02-11T02:06:32Z'}
2026-02-10 18:29:45,964 - basicLogger - INFO - Periodic processing ended
2026-02-10 18:29:50,844 - basicLogger - INFO - Periodic processing started
2026-02-10 18:29:50,898 - basicLogger - INFO - GET http://localhost:8089/events/server-health?start_timestamp=2026-02-11T02%3A06%3A32Z&end_timestamp=2026-02-11T02%3A29%3A50Z ok: type=<class 'list'> len=400
2026-02-10 18:29:50,947 - basicLogger - INFO - GET http://localhost:8089/events/player-telemetry?start_timestamp=2026-02-11T02%3A06%3A32Z&end_timestamp=2026-02-11T02%3A29%3A50Z ok: type=<class 'list'> len=400
2026-02-10 18:29:50,948 - basicLogger - INFO - Events received: server_health=400 player_telemetry=400 (window 2026-02-11T02:06:32Z -> 2026-02-11T02:29:50Z)
2026-02-10 18:29:50,950 - basicLogger - DEBUG - Updated stats values: {'num_server_health_readings': 19802, 'num_player_telemetry_events': 19802, 'max_players': 500, 'min_players': 1, 'avg_players': 244.7111907888092, 'avg_cpu_usage': 50.776032723967276, 'avg_player_ping': 127.06585193414807, 'last_updated': '2026-02-11T02:06:32Z'}
2026-02-10 18:29:50,950 - basicLogger - INFO - Periodic processing ended
2026-02-10 18:29:55,844 - basicLogger - INFO - Periodic processing started
2026-02-10 18:29:55,898 - basicLogger - INFO - GET http://localhost:8089/events/server-health?start_timestamp=2026-02-11T02%3A06%3A32Z&end_timestamp=2026-02-11T02%3A29%3A55Z ok: type=<class 'list'> len=400
2026-02-10 18:29:55,954 - basicLogger - INFO - GET http://localhost:8089/events/player-telemetry?start_timestamp=2026-02-11T02%3A06%3A32Z&end_timestamp=2026-02-11T02%3A29%3A55Z ok: type=<class 'list'> len=400
2026-02-10 18:29:55,954 - basicLogger - INFO - Events received: server_health=400 player_telemetry=400 (window 2026-02-11T02:06:32Z -> 2026-02-11T02:29:55Z)
2026-02-10 18:29:55,962 - basicLogger - DEBUG - Updated stats values: {'num_server_health_readings': 20202, 'num_player_telemetry_events': 20202, 'max_players': 500, 'min_players': 1, 'avg_players': 244.71418671418672, 'avg_cpu_usage': 50.77571527571528, 'avg_player_ping': 127.06662706662706, 'last_updated': '2026-02-11T02:06:32Z'}
2026-02-10 18:29:55,962 - basicLogger - INFO - Periodic processing ended
2026-02-10 18:30:00,844 - basicLogger - INFO - Periodic processing started
2026-02-10 18:30:00,902 - basicLogger - INFO - GET http://localhost:8089/events/server-health?start_timestamp=2026-02-11T02%3A06%3A32Z&end_timestamp=2026-02-11T02%3A30%3A00Z ok: type=<class 'list'> len=400
2026-02-10 18:30:00,963 - basicLogger - INFO - GET http://localhost:8089/events/player-telemetry?start_timestamp=2026-02-11T02%3A06%3A32Z&end_timestamp=2026-02-11T02%3A30%3A00Z ok: type=<class 'list'> len=400
2026-02-10 18:30:00,963 - basicLogger - INFO - Events received: server_health=400 player_telemetry=400 (window 2026-02-11T02:06:32Z -> 2026-02-11T02:30:00Z)
2026-02-10 18:30:00,971 - basicLogger - DEBUG - Updated stats values: {'num_server_health_readings': 20602, 'num_player_telemetry_events': 20602, 'max_players': 500, 'min_players': 1, 'avg_players': 244.7170663042423, 'avg_cpu_usage': 50.77541015435395, 'avg_player_ping': 127.06737209979613, 'last_updated': '2026-02-11T02:06:32Z'}
2026-02-10 18:30:00,971 - basicLogger - INFO - Periodic processing ended
2026-02-10 18:30:05,844 - basicLogger - INFO - Periodic processing started
2026-02-10 18:30:05,893 - basicLogger - INFO - GET http://localhost:8089/events/server-health?start_timestamp=2026-02-11T02%3A06%3A32Z&end_timestamp=2026-02-11T02%3A30%3A05Z ok: type=<class 'list'> len=400
2026-02-10 18:30:05,946 - basicLogger - INFO - GET http://localhost:8089/events/player-telemetry?start_timestamp=2026-02-11T02%3A06%3A32Z&end_timestamp=2026-02-11T02%3A30%3A05Z ok: type=<class 'list'> len=400
2026-02-10 18:30:05,947 - basicLogger - INFO - Events received: server_health=400 player_telemetry=400 (window 2026-02-11T02:06:32Z -> 2026-02-11T02:30:05Z)
2026-02-10 18:30:05,954 - basicLogger - DEBUG - Updated stats values: {'num_server_health_readings': 21002, 'num_player_telemetry_events': 21002, 'max_players': 500, 'min_players': 1, 'avg_players': 244.7198362060756, 'avg_cpu_usage': 50.775116655556616, 'avg_player_ping': 127.06808875345205, 'last_updated': '2026-02-11T02:06:32Z'}
2026-02-10 18:30:05,954 - basicLogger - INFO - Periodic processing ended
2026-02-10 18:30:10,844 - basicLogger - INFO - Periodic processing started
2026-02-10 18:30:10,895 - basicLogger - INFO - GET http://localhost:8089/events/server-health?start_timestamp=2026-02-11T02%3A06%3A32Z&end_timestamp=2026-02-11T02%3A30%3A10Z ok: type=<class 'list'> len=400
2026-02-10 18:30:10,958 - basicLogger - INFO - GET http://localhost:8089/events/player-telemetry?start_timestamp=2026-02-11T02%3A06%3A32Z&end_timestamp=2026-02-11T02%3A30%3A10Z ok: type=<class 'list'> len=400
2026-02-10 18:30:10,959 - basicLogger - INFO - Events received: server_health=400 player_telemetry=400 (window 2026-02-11T02:06:32Z -> 2026-02-11T02:30:10Z)
2026-02-10 18:30:10,966 - basicLogger - DEBUG - Updated stats values: {'num_server_health_readings': 21402, 'num_player_telemetry_events': 21402, 'max_players': 500, 'min_players': 1, 'avg_players': 244.72250256985328, 'avg_cpu_usage': 50.77483412765162, 'avg_player_ping': 127.06877861882067, 'last_updated': '2026-02-11T02:06:32Z'}
2026-02-10 18:30:10,967 - basicLogger - INFO - Periodic processing ended
2026-02-10 18:30:15,844 - basicLogger - INFO - Periodic processing started
2026-02-10 18:30:15,893 - basicLogger - INFO - GET http://localhost:8089/events/server-health?start_timestamp=2026-02-11T02%3A06%3A32Z&end_timestamp=2026-02-11T02%3A30%3A15Z ok: type=<class 'list'> len=400
2026-02-10 18:30:15,948 - basicLogger - INFO - GET http://localhost:8089/events/player-telemetry?start_timestamp=2026-02-11T02%3A06%3A32Z&end_timestamp=2026-02-11T02%3A30%3A15Z ok: type=<class 'list'> len=400
2026-02-10 18:30:15,948 - basicLogger - INFO - Events received: server_health=400 player_telemetry=400 (window 2026-02-11T02:06:32Z -> 2026-02-11T02:30:15Z)
2026-02-10 18:30:15,956 - basicLogger - DEBUG - Updated stats values: {'num_server_health_readings': 21802, 'num_player_telemetry_events': 21802, 'max_players': 500, 'min_players': 1, 'avg_players': 244.72507109439502, 'avg_cpu_usage': 50.774561966792035, 'avg_player_ping': 127.06944317035135, 'last_updated': '2026-02-11T02:06:32Z'}
2026-02-10 18:30:15,956 - basicLogger - INFO - Periodic processing ended
2026-02-10 18:30:20,844 - basicLogger - INFO - Periodic processing started
2026-02-10 18:30:20,895 - basicLogger - INFO - GET http://localhost:8089/events/server-health?start_timestamp=2026-02-11T02%3A06%3A32Z&end_timestamp=2026-02-11T02%3A30%3A20Z ok: type=<class 'list'> len=400
2026-02-10 18:30:20,947 - basicLogger - INFO - GET http://localhost:8089/events/player-telemetry?start_timestamp=2026-02-11T02%3A06%3A32Z&end_timestamp=2026-02-11T02%3A30%3A20Z ok: type=<class 'list'> len=400
2026-02-10 18:30:20,948 - basicLogger - INFO - Events received: server_health=400 player_telemetry=400 (window 2026-02-11T02:06:32Z -> 2026-02-11T02:30:20Z)
2026-02-10 18:30:20,955 - basicLogger - DEBUG - Updated stats values: {'num_server_health_readings': 22202, 'num_player_telemetry_events': 22202, 'max_players': 500, 'min_players': 1, 'avg_players': 244.72754706783172, 'avg_cpu_usage': 50.77429961264751, 'avg_player_ping': 127.07008377623637, 'last_updated': '2026-02-11T02:06:32Z'}
2026-02-10 18:30:20,955 - basicLogger - INFO - Periodic processing ended
2026-02-10 18:30:25,845 - basicLogger - INFO - Periodic processing started
2026-02-10 18:30:25,927 - basicLogger - INFO - GET http://localhost:8089/events/server-health?start_timestamp=2026-02-11T02%3A06%3A32Z&end_timestamp=2026-02-11T02%3A30%3A25Z ok: type=<class 'list'> len=400
2026-02-10 18:30:26,028 - basicLogger - INFO - GET http://localhost:8089/events/player-telemetry?start_timestamp=2026-02-11T02%3A06%3A32Z&end_timestamp=2026-02-11T02%3A30%3A25Z ok: type=<class 'list'> len=400
2026-02-10 18:30:26,028 - basicLogger - INFO - Events received: server_health=400 player_telemetry=400 (window 2026-02-11T02:06:32Z -> 2026-02-11T02:30:25Z)
2026-02-10 18:30:26,037 - basicLogger - DEBUG - Updated stats values: {'num_server_health_readings': 22602, 'num_player_telemetry_events': 22602, 'max_players': 500, 'min_players': 1, 'avg_players': 244.72993540394654, 'avg_cpu_usage': 50.77404654455358, 'avg_player_ping': 127.07070170781347, 'last_updated': '2026-02-11T02:06:32Z'}
2026-02-10 18:30:26,037 - basicLogger - INFO - Periodic processing ended
2026-02-10 18:30:30,844 - basicLogger - INFO - Periodic processing started
2026-02-10 18:30:30,906 - basicLogger - INFO - GET http://localhost:8089/events/server-health?start_timestamp=2026-02-11T02%3A06%3A32Z&end_timestamp=2026-02-11T02%3A30%3A30Z ok: type=<class 'list'> len=400
2026-02-10 18:30:30,963 - basicLogger - INFO - GET http://localhost:8089/events/player-telemetry?start_timestamp=2026-02-11T02%3A06%3A32Z&end_timestamp=2026-02-11T02%3A30%3A30Z ok: type=<class 'list'> len=400
2026-02-10 18:30:30,964 - basicLogger - INFO - Events received: server_health=400 player_telemetry=400 (window 2026-02-11T02:06:32Z -> 2026-02-11T02:30:30Z)
2026-02-10 18:30:30,967 - basicLogger - DEBUG - Updated stats values: {'num_server_health_readings': 23002, 'num_player_telemetry_events': 23002, 'max_players': 500, 'min_players': 1, 'avg_players': 244.73224067472393, 'avg_cpu_usage': 50.773802278062774, 'avg_player_ping': 127.07129814798714, 'last_updated': '2026-02-11T02:06:32Z'}
2026-02-10 18:30:30,967 - basicLogger - INFO - Periodic processing ended
2026-02-10 18:30:35,845 - basicLogger - INFO - Periodic processing started
2026-02-10 18:30:35,915 - basicLogger - INFO - GET http://localhost:8089/events/server-health?start_timestamp=2026-02-11T02%3A06%3A32Z&end_timestamp=2026-02-11T02%3A30%3A35Z ok: type=<class 'list'> len=400
2026-02-10 18:30:35,969 - basicLogger - INFO - GET http://localhost:8089/events/player-telemetry?start_timestamp=2026-02-11T02%3A06%3A32Z&end_timestamp=2026-02-11T02%3A30%3A35Z ok: type=<class 'list'> len=400
2026-02-10 18:30:35,969 - basicLogger - INFO - Events received: server_health=400 player_telemetry=400 (window 2026-02-11T02:06:32Z -> 2026-02-11T02:30:35Z)
2026-02-10 18:30:35,977 - basicLogger - DEBUG - Updated stats values: {'num_server_health_readings': 23402, 'num_player_telemetry_events': 23402, 'max_players': 500, 'min_players': 1, 'avg_players': 244.73446713956073, 'avg_cpu_usage': 50.77356636184941, 'avg_player_ping': 127.07187419878643, 'last_updated': '2026-02-11T02:06:32Z'}
2026-02-10 18:30:35,977 - basicLogger - INFO - Periodic processing ended
2026-02-10 18:30:40,845 - basicLogger - INFO - Periodic processing started
2026-02-10 18:30:40,913 - basicLogger - INFO - GET http://localhost:8089/events/server-health?start_timestamp=2026-02-11T02%3A06%3A32Z&end_timestamp=2026-02-11T02%3A30%3A40Z ok: type=<class 'list'> len=400
2026-02-10 18:30:40,966 - basicLogger - INFO - GET http://localhost:8089/events/player-telemetry?start_timestamp=2026-02-11T02%3A06%3A32Z&end_timestamp=2026-02-11T02%3A30%3A40Z ok: type=<class 'list'> len=400
2026-02-10 18:30:40,967 - basicLogger - INFO - Events received: server_health=400 player_telemetry=400 (window 2026-02-11T02:06:32Z -> 2026-02-11T02:30:40Z)
2026-02-10 18:30:40,975 - basicLogger - DEBUG - Updated stats values: {'num_server_health_readings': 23802, 'num_player_telemetry_events': 23802, 'max_players': 500, 'min_players': 1, 'avg_players': 244.7366187715318, 'avg_cpu_usage': 50.773338374926475, 'avg_player_ping': 127.07243088816065, 'last_updated': '2026-02-11T02:06:32Z'}
2026-02-10 18:30:40,975 - basicLogger - INFO - Periodic processing ended
2026-02-10 18:30:45,845 - basicLogger - INFO - Periodic processing started
2026-02-10 18:30:45,929 - basicLogger - INFO - GET http://localhost:8089/events/server-health?start_timestamp=2026-02-11T02%3A06%3A32Z&end_timestamp=2026-02-11T02%3A30%3A45Z ok: type=<class 'list'> len=400
2026-02-10 18:30:45,981 - basicLogger - INFO - GET http://localhost:8089/events/player-telemetry?start_timestamp=2026-02-11T02%3A06%3A32Z&end_timestamp=2026-02-11T02%3A30%3A45Z ok: type=<class 'list'> len=400
2026-02-10 18:30:45,981 - basicLogger - INFO - Events received: server_health=400 player_telemetry=400 (window 2026-02-11T02:06:32Z -> 2026-02-11T02:30:45Z)
2026-02-10 18:30:45,989 - basicLogger - DEBUG - Updated stats values: {'num_server_health_readings': 24202, 'num_player_telemetry_events': 24202, 'max_players': 500, 'min_players': 1, 'avg_players': 244.73869928105114, 'avg_cpu_usage': 50.773117924138504, 'avg_player_ping': 127.07296917610115, 'last_updated': '2026-02-11T02:06:32Z'}
2026-02-10 18:30:45,989 - basicLogger - INFO - Periodic processing ended
2026-02-10 18:30:50,846 - basicLogger - INFO - Periodic processing started
2026-02-10 18:30:50,929 - basicLogger - INFO - GET http://localhost:8089/events/server-health?start_timestamp=2026-02-11T02%3A06%3A32Z&end_timestamp=2026-02-11T02%3A30%3A50Z ok: type=<class 'list'> len=400
2026-02-10 18:30:50,978 - basicLogger - INFO - GET http://localhost:8089/events/player-telemetry?start_timestamp=2026-02-11T02%3A06%3A32Z&end_timestamp=2026-02-11T02%3A30%3A50Z ok: type=<class 'list'> len=400
2026-02-10 18:30:50,978 - basicLogger - INFO - Events received: server_health=400 player_telemetry=400 (window 2026-02-11T02:06:32Z -> 2026-02-11T02:30:50Z)
2026-02-10 18:30:50,986 - basicLogger - DEBUG - Updated stats values: {'num_server_health_readings': 24602, 'num_player_telemetry_events': 24602, 'max_players': 500, 'min_players': 1, 'avg_players': 244.74071213722462, 'avg_cpu_usage': 50.77290464189903, 'avg_player_ping': 127.07348996016584, 'last_updated': '2026-02-11T02:06:32Z'}
2026-02-10 18:30:50,986 - basicLogger - INFO - Periodic processing ended
2026-02-10 18:30:55,847 - basicLogger - INFO - Periodic processing started
2026-02-10 18:30:55,928 - basicLogger - INFO - GET http://localhost:8089/events/server-health?start_timestamp=2026-02-11T02%3A06%3A32Z&end_timestamp=2026-02-11T02%3A30%3A55Z ok: type=<class 'list'> len=400
2026-02-10 18:30:55,976 - basicLogger - INFO - GET http://localhost:8089/events/player-telemetry?start_timestamp=2026-02-11T02%3A06%3A32Z&end_timestamp=2026-02-11T02%3A30%3A55Z ok: type=<class 'list'> len=400
2026-02-10 18:30:55,976 - basicLogger - INFO - Events received: server_health=400 player_telemetry=400 (window 2026-02-11T02:06:32Z -> 2026-02-11T02:30:55Z)
2026-02-10 18:30:55,985 - basicLogger - DEBUG - Updated stats values: {'num_server_health_readings': 25002, 'num_player_telemetry_events': 25002, 'max_players': 500, 'min_players': 1, 'avg_players': 244.74266058715304, 'avg_cpu_usage': 50.77269818414527, 'avg_player_ping': 127.07399408047357, 'last_updated': '2026-02-11T02:06:32Z'}
2026-02-10 18:30:55,985 - basicLogger - INFO - Periodic processing ended
2026-02-10 18:31:00,846 - basicLogger - INFO - Periodic processing started
2026-02-10 18:31:00,932 - basicLogger - INFO - GET http://localhost:8089/events/server-health?start_timestamp=2026-02-11T02%3A06%3A32Z&end_timestamp=2026-02-11T02%3A31%3A00Z ok: type=<class 'list'> len=400
2026-02-10 18:31:00,980 - basicLogger - INFO - GET http://localhost:8089/events/player-telemetry?start_timestamp=2026-02-11T02%3A06%3A32Z&end_timestamp=2026-02-11T02%3A31%3A00Z ok: type=<class 'list'> len=400
2026-02-10 18:31:00,980 - basicLogger - INFO - Events received: server_health=400 player_telemetry=400 (window 2026-02-11T02:06:32Z -> 2026-02-11T02:31:00Z)
2026-02-10 18:31:00,988 - basicLogger - DEBUG - Updated stats values: {'num_server_health_readings': 25402, 'num_player_telemetry_events': 25402, 'max_players': 500, 'min_players': 1, 'avg_players': 244.74454767341155, 'avg_cpu_usage': 50.772498228485944, 'avg_player_ping': 127.07448232422644, 'last_updated': '2026-02-11T02:06:32Z'}
2026-02-10 18:31:00,988 - basicLogger - INFO - Periodic processing ended
2026-02-10 18:31:05,847 - basicLogger - INFO - Periodic processing started
2026-02-10 18:31:05,943 - basicLogger - INFO - GET http://localhost:8089/events/server-health?start_timestamp=2026-02-11T02%3A06%3A32Z&end_timestamp=2026-02-11T02%3A31%3A05Z ok: type=<class 'list'> len=400
2026-02-10 18:31:05,991 - basicLogger - INFO - GET http://localhost:8089/events/player-telemetry?start_timestamp=2026-02-11T02%3A06%3A32Z&end_timestamp=2026-02-11T02%3A31%3A05Z ok: type=<class 'list'> len=400
2026-02-10 18:31:05,992 - basicLogger - INFO - Events received: server_health=400 player_telemetry=400 (window 2026-02-11T02:06:32Z -> 2026-02-11T02:31:05Z)
2026-02-10 18:31:05,999 - basicLogger - DEBUG - Updated stats values: {'num_server_health_readings': 25802, 'num_player_telemetry_events': 25802, 'max_players': 500, 'min_players': 1, 'avg_players': 244.7463762499031, 'avg_cpu_usage': 50.77230447252151, 'avg_player_ping': 127.07495542981164, 'last_updated': '2026-02-11T02:06:32Z'}
2026-02-10 18:31:06,000 - basicLogger - INFO - Periodic processing ended
2026-02-10 18:31:10,844 - basicLogger - INFO - Periodic processing started
2026-02-10 18:31:10,901 - basicLogger - INFO - GET http://localhost:8089/events/server-health?start_timestamp=2026-02-11T02%3A06%3A32Z&end_timestamp=2026-02-11T02%3A31%3A10Z ok: type=<class 'list'> len=400
2026-02-10 18:31:10,975 - basicLogger - INFO - GET http://localhost:8089/events/player-telemetry?start_timestamp=2026-02-11T02%3A06%3A32Z&end_timestamp=2026-02-11T02%3A31%3A10Z ok: type=<class 'list'> len=400
2026-02-10 18:31:10,976 - basicLogger - INFO - Events received: server_health=400 player_telemetry=400 (window 2026-02-11T02:06:32Z -> 2026-02-11T02:31:10Z)
2026-02-10 18:31:10,985 - basicLogger - DEBUG - Updated stats values: {'num_server_health_readings': 26202, 'num_player_telemetry_events': 26202, 'max_players': 500, 'min_players': 1, 'avg_players': 244.74814899625983, 'avg_cpu_usage': 50.772116632318145, 'avg_player_ping': 127.07541409052745, 'last_updated': '2026-02-11T02:06:32Z'}
2026-02-10 18:31:10,985 - basicLogger - INFO - Periodic processing ended
2026-02-10 18:31:15,846 - basicLogger - INFO - Periodic processing started
2026-02-10 18:31:15,942 - basicLogger - INFO - GET http://localhost:8089/events/server-health?start_timestamp=2026-02-11T02%3A06%3A32Z&end_timestamp=2026-02-11T02%3A31%3A15Z ok: type=<class 'list'> len=400
2026-02-10 18:31:15,995 - basicLogger - INFO - GET http://localhost:8089/events/player-telemetry?start_timestamp=2026-02-11T02%3A06%3A32Z&end_timestamp=2026-02-11T02%3A31%3A15Z ok: type=<class 'list'> len=400
2026-02-10 18:31:15,995 - basicLogger - INFO - Events received: server_health=400 player_telemetry=400 (window 2026-02-11T02:06:32Z -> 2026-02-11T02:31:15Z)
2026-02-10 18:31:16,003 - basicLogger - DEBUG - Updated stats values: {'num_server_health_readings': 26602, 'num_player_telemetry_events': 26602, 'max_players': 500, 'min_players': 1, 'avg_players': 244.74986843094504, 'avg_cpu_usage': 50.771934441019475, 'avg_player_ping': 127.07585895797308, 'last_updated': '2026-02-11T02:06:32Z'}
2026-02-10 18:31:16,003 - basicLogger - INFO - Periodic processing ended
2026-02-10 18:31:20,845 - basicLogger - INFO - Periodic processing started
2026-02-10 18:31:20,940 - basicLogger - INFO - GET http://localhost:8089/events/server-health?start_timestamp=2026-02-11T02%3A06%3A32Z&end_timestamp=2026-02-11T02%3A31%3A20Z ok: type=<class 'list'> len=400
2026-02-10 18:31:21,006 - basicLogger - INFO - GET http://localhost:8089/events/player-telemetry?start_timestamp=2026-02-11T02%3A06%3A32Z&end_timestamp=2026-02-11T02%3A31%3A20Z ok: type=<class 'list'> len=400
2026-02-10 18:31:21,007 - basicLogger - INFO - Events received: server_health=400 player_telemetry=400 (window 2026-02-11T02:06:32Z -> 2026-02-11T02:31:20Z)
2026-02-10 18:31:21,015 - basicLogger - DEBUG - Updated stats values: {'num_server_health_readings': 27002, 'num_player_telemetry_events': 27002, 'max_players': 500, 'min_players': 1, 'avg_players': 244.75153692319088, 'avg_cpu_usage': 50.77175764758166, 'avg_player_ping': 127.07629064513739, 'last_updated': '2026-02-11T02:06:32Z'}
2026-02-10 18:31:21,015 - basicLogger - INFO - Periodic processing ended
2026-02-10 18:31:25,845 - basicLogger - INFO - Periodic processing started
2026-02-10 18:31:25,946 - basicLogger - INFO - GET http://localhost:8089/events/server-health?start_timestamp=2026-02-11T02%3A06%3A32Z&end_timestamp=2026-02-11T02%3A31%3A25Z ok: type=<class 'list'> len=400
2026-02-10 18:31:26,000 - basicLogger - INFO - GET http://localhost:8089/events/player-telemetry?start_timestamp=2026-02-11T02%3A06%3A32Z&end_timestamp=2026-02-11T02%3A31%3A25Z ok: type=<class 'list'> len=400
2026-02-10 18:31:26,001 - basicLogger - INFO - Events received: server_health=400 player_telemetry=400 (window 2026-02-11T02:06:32Z -> 2026-02-11T02:31:25Z)
2026-02-10 18:31:26,008 - basicLogger - DEBUG - Updated stats values: {'num_server_health_readings': 27402, 'num_player_telemetry_events': 27402, 'max_players': 500, 'min_players': 1, 'avg_players': 244.75315670389023, 'avg_cpu_usage': 50.7715860156193, 'avg_player_ping': 127.07670972921684, 'last_updated': '2026-02-11T02:06:32Z'}
2026-02-10 18:31:26,009 - basicLogger - INFO - Periodic processing ended
2026-02-10 18:31:36,224 - basicLogger - INFO - Periodic processing started
2026-02-10 18:31:36,296 - basicLogger - INFO - GET http://localhost:8089/events/server-health?start_timestamp=2026-02-11T02%3A06%3A32Z&end_timestamp=2026-02-11T02%3A31%3A36Z ok: type=<class 'list'> len=400
2026-02-10 18:31:36,347 - basicLogger - INFO - GET http://localhost:8089/events/player-telemetry?start_timestamp=2026-02-11T02%3A06%3A32Z&end_timestamp=2026-02-11T02%3A31%3A36Z ok: type=<class 'list'> len=400
2026-02-10 18:31:36,347 - basicLogger - INFO - Events received: server_health=400 player_telemetry=400 (window 2026-02-11T02:06:32Z -> 2026-02-11T02:31:36Z)
2026-02-10 18:31:36,355 - basicLogger - DEBUG - Updated stats values: {'num_server_health_readings': 27802, 'num_player_telemetry_events': 27802, 'max_players': 500, 'min_players': 1, 'avg_players': 244.75472987554852, 'avg_cpu_usage': 50.77141932235091, 'avg_player_ping': 127.07711675419034, 'last_updated': '2026-02-11T02:06:32Z'}
2026-02-10 18:31:36,355 - basicLogger - INFO - Periodic processing ended
2026-02-10 18:31:41,224 - basicLogger - INFO - Periodic processing started
2026-02-10 18:31:41,291 - basicLogger - INFO - GET http://localhost:8089/events/server-health?start_timestamp=2026-02-11T02%3A06%3A32Z&end_timestamp=2026-02-11T02%3A31%3A41Z ok: type=<class 'list'> len=400
2026-02-10 18:31:41,343 - basicLogger - INFO - GET http://localhost:8089/events/player-telemetry?start_timestamp=2026-02-11T02%3A06%3A32Z&end_timestamp=2026-02-11T02%3A31%3A41Z ok: type=<class 'list'> len=400
2026-02-10 18:31:41,343 - basicLogger - INFO - Events received: server_health=400 player_telemetry=400 (window 2026-02-11T02:06:32Z -> 2026-02-11T02:31:41Z)
2026-02-10 18:31:41,346 - basicLogger - DEBUG - Updated stats values: {'num_server_health_readings': 28202, 'num_player_telemetry_events': 28202, 'max_players': 500, 'min_players': 1, 'avg_players': 244.75625842138857, 'avg_cpu_usage': 50.77125735763421, 'avg_player_ping': 127.07751223317496, 'last_updated': '2026-02-11T02:06:32Z'}
2026-02-10 18:31:41,346 - basicLogger - INFO - Periodic processing ended
2026-02-10 18:31:46,224 - basicLogger - INFO - Periodic processing started
2026-02-10 18:31:46,297 - basicLogger - INFO - GET http://localhost:8089/events/server-health?start_timestamp=2026-02-11T02%3A06%3A32Z&end_timestamp=2026-02-11T02%3A31%3A46Z ok: type=<class 'list'> len=400
2026-02-10 18:31:46,348 - basicLogger - INFO - GET http://localhost:8089/events/player-telemetry?start_timestamp=2026-02-11T02%3A06%3A32Z&end_timestamp=2026-02-11T02%3A31%3A46Z ok: type=<class 'list'> len=400
2026-02-10 18:31:46,348 - basicLogger - INFO - Events received: server_health=400 player_telemetry=400 (window 2026-02-11T02:06:32Z -> 2026-02-11T02:31:46Z)
2026-02-10 18:31:46,356 - basicLogger - DEBUG - Updated stats values: {'num_server_health_readings': 28602, 'num_player_telemetry_events': 28602, 'max_players': 500, 'min_players': 1, 'avg_players': 244.75774421369135, 'avg_cpu_usage': 50.7710999230823, 'avg_player_ping': 127.07789665058388, 'last_updated': '2026-02-11T02:06:32Z'}
2026-02-10 18:31:46,356 - basicLogger - INFO - Periodic processing ended
2026-02-10 18:31:51,224 - basicLogger - INFO - Periodic processing started
2026-02-10 18:31:51,312 - basicLogger - INFO - GET http://localhost:8089/events/server-health?start_timestamp=2026-02-11T02%3A06%3A32Z&end_timestamp=2026-02-11T02%3A31%3A51Z ok: type=<class 'list'> len=400
2026-02-10 18:31:51,364 - basicLogger - INFO - GET http://localhost:8089/events/player-telemetry?start_timestamp=2026-02-11T02%3A06%3A32Z&end_timestamp=2026-02-11T02%3A31%3A51Z ok: type=<class 'list'> len=400
2026-02-10 18:31:51,364 - basicLogger - INFO - Events received: server_health=400 player_telemetry=400 (window 2026-02-11T02:06:32Z -> 2026-02-11T02:31:51Z)
2026-02-10 18:31:51,372 - basicLogger - DEBUG - Updated stats values: {'num_server_health_readings': 29002, 'num_player_telemetry_events': 29002, 'max_players': 500, 'min_players': 1, 'avg_players': 244.7591890214468, 'avg_cpu_usage': 50.77094683125302, 'avg_player_ping': 127.07827046410593, 'last_updated': '2026-02-11T02:06:32Z'}
2026-02-10 18:31:51,372 - basicLogger - INFO - Periodic processing ended
2026-02-10 18:31:56,224 - basicLogger - INFO - Periodic processing started
2026-02-10 18:31:56,291 - basicLogger - INFO - GET http://localhost:8089/events/server-health?start_timestamp=2026-02-11T02%3A06%3A32Z&end_timestamp=2026-02-11T02%3A31%3A56Z ok: type=<class 'list'> len=400
2026-02-10 18:31:56,343 - basicLogger - INFO - GET http://localhost:8089/events/player-telemetry?start_timestamp=2026-02-11T02%3A06%3A32Z&end_timestamp=2026-02-11T02%3A31%3A56Z ok: type=<class 'list'> len=400
2026-02-10 18:31:56,343 - basicLogger - INFO - Events received: server_health=400 player_telemetry=400 (window 2026-02-11T02:06:32Z -> 2026-02-11T02:31:56Z)
2026-02-10 18:31:56,351 - basicLogger - DEBUG - Updated stats values: {'num_server_health_readings': 29402, 'num_player_telemetry_events': 29402, 'max_players': 500, 'min_players': 1, 'avg_players': 244.76059451737976, 'avg_cpu_usage': 50.77079790490443, 'avg_player_ping': 127.07863410652337, 'last_updated': '2026-02-11T02:06:32Z'}
2026-02-10 18:31:56,352 - basicLogger - INFO - Periodic processing ended
2026-02-10 18:32:01,224 - basicLogger - INFO - Periodic processing started
2026-02-10 18:32:01,314 - basicLogger - INFO - GET http://localhost:8089/events/server-health?start_timestamp=2026-02-11T02%3A06%3A32Z&end_timestamp=2026-02-11T02%3A32%3A01Z ok: type=<class 'list'> len=400
2026-02-10 18:32:01,365 - basicLogger - INFO - GET http://localhost:8089/events/player-telemetry?start_timestamp=2026-02-11T02%3A06%3A32Z&end_timestamp=2026-02-11T02%3A32%3A01Z ok: type=<class 'list'> len=400
2026-02-10 18:32:01,365 - basicLogger - INFO - Events received: server_health=400 player_telemetry=400 (window 2026-02-11T02:06:32Z -> 2026-02-11T02:32:01Z)
2026-02-10 18:32:01,373 - basicLogger - DEBUG - Updated stats values: {'num_server_health_readings': 29802, 'num_player_telemetry_events': 29802, 'max_players': 500, 'min_players': 1, 'avg_players': 244.76196228441043, 'avg_cpu_usage': 50.770652976310316, 'avg_player_ping': 127.0789879873834, 'last_updated': '2026-02-11T02:06:32Z'}
2026-02-10 18:32:01,373 - basicLogger - INFO - Periodic processing ended
2026-02-10 18:32:06,224 - basicLogger - INFO - Periodic processing started
2026-02-10 18:32:06,308 - basicLogger - INFO - GET http://localhost:8089/events/server-health?start_timestamp=2026-02-11T02%3A06%3A32Z&end_timestamp=2026-02-11T02%3A32%3A06Z ok: type=<class 'list'> len=400
2026-02-10 18:32:06,359 - basicLogger - INFO - GET http://localhost:8089/events/player-telemetry?start_timestamp=2026-02-11T02%3A06%3A32Z&end_timestamp=2026-02-11T02%3A32%3A06Z ok: type=<class 'list'> len=400
2026-02-10 18:32:06,359 - basicLogger - INFO - Events received: server_health=400 player_telemetry=400 (window 2026-02-11T02:06:32Z -> 2026-02-11T02:32:06Z)
2026-02-10 18:32:06,367 - basicLogger - DEBUG - Updated stats values: {'num_server_health_readings': 30202, 'num_player_telemetry_events': 30202, 'max_players': 500, 'min_players': 1, 'avg_players': 244.76329382160122, 'avg_cpu_usage': 50.770511886630025, 'avg_player_ping': 127.07933249453679, 'last_updated': '2026-02-11T02:06:32Z'}
2026-02-10 18:32:06,367 - basicLogger - INFO - Periodic processing ended
2026-02-10 18:32:11,224 - basicLogger - INFO - Periodic processing started
2026-02-10 18:32:11,289 - basicLogger - INFO - GET http://localhost:8089/events/server-health?start_timestamp=2026-02-11T02%3A06%3A32Z&end_timestamp=2026-02-11T02%3A32%3A11Z ok: type=<class 'list'> len=400
2026-02-10 18:32:11,342 - basicLogger - INFO - GET http://localhost:8089/events/player-telemetry?start_timestamp=2026-02-11T02%3A06%3A32Z&end_timestamp=2026-02-11T02%3A32%3A11Z ok: type=<class 'list'> len=400
2026-02-10 18:32:11,342 - basicLogger - INFO - Events received: server_health=400 player_telemetry=400 (window 2026-02-11T02:06:32Z -> 2026-02-11T02:32:11Z)
2026-02-10 18:32:11,350 - basicLogger - DEBUG - Updated stats values: {'num_server_health_readings': 30602, 'num_player_telemetry_events': 30602, 'max_players': 500, 'min_players': 1, 'avg_players': 244.7645905496373, 'avg_cpu_usage': 50.77037448532776, 'avg_player_ping': 127.07966799555585, 'last_updated': '2026-02-11T02:06:32Z'}
2026-02-10 18:32:11,350 - basicLogger - INFO - Periodic processing ended
2026-02-10 18:32:16,224 - basicLogger - INFO - Periodic processing started
2026-02-10 18:32:16,290 - basicLogger - INFO - GET http://localhost:8089/events/server-health?start_timestamp=2026-02-11T02%3A06%3A32Z&end_timestamp=2026-02-11T02%3A32%3A16Z ok: type=<class 'list'> len=400
2026-02-10 18:32:16,341 - basicLogger - INFO - GET http://localhost:8089/events/player-telemetry?start_timestamp=2026-02-11T02%3A06%3A32Z&end_timestamp=2026-02-11T02%3A32%3A16Z ok: type=<class 'list'> len=400
2026-02-10 18:32:16,341 - basicLogger - INFO - Events received: server_health=400 player_telemetry=400 (window 2026-02-11T02:06:32Z -> 2026-02-11T02:32:16Z)
2026-02-10 18:32:16,344 - basicLogger - DEBUG - Updated stats values: {'num_server_health_readings': 31002, 'num_player_telemetry_events': 31002, 'max_players': 500, 'min_players': 1, 'avg_players': 244.76585381588285, 'avg_cpu_usage': 50.770240629636795, 'avg_player_ping': 127.07999483904264, 'last_updated': '2026-02-11T02:06:32Z'}
2026-02-10 18:32:16,344 - basicLogger - INFO - Periodic processing ended
2026-02-10 18:32:21,224 - basicLogger - INFO - Periodic processing started
2026-02-10 18:32:21,287 - basicLogger - INFO - GET http://localhost:8089/events/server-health?start_timestamp=2026-02-11T02%3A06%3A32Z&end_timestamp=2026-02-11T02%3A32%3A21Z ok: type=<class 'list'> len=400
2026-02-10 18:32:21,339 - basicLogger - INFO - GET http://localhost:8089/events/player-telemetry?start_timestamp=2026-02-11T02%3A06%3A32Z&end_timestamp=2026-02-11T02%3A32%3A21Z ok: type=<class 'list'> len=400
2026-02-10 18:32:21,339 - basicLogger - INFO - Events received: server_health=400 player_telemetry=400 (window 2026-02-11T02:06:32Z -> 2026-02-11T02:32:21Z)
2026-02-10 18:32:21,346 - basicLogger - DEBUG - Updated stats values: {'num_server_health_readings': 31402, 'num_player_telemetry_events': 31402, 'max_players': 500, 'min_players': 1, 'avg_players': 244.767084899051, 'avg_cpu_usage': 50.77011018406471, 'avg_player_ping': 127.0803133558372, 'last_updated': '2026-02-11T02:06:32Z'}
2026-02-10 18:32:21,346 - basicLogger - INFO - Periodic processing ended
2026-02-10 18:32:26,224 - basicLogger - INFO - Periodic processing started
2026-02-10 18:32:26,291 - basicLogger - INFO - GET http://localhost:8089/events/server-health?start_timestamp=2026-02-11T02%3A06%3A32Z&end_timestamp=2026-02-11T02%3A32%3A26Z ok: type=<class 'list'> len=400
2026-02-10 18:32:26,343 - basicLogger - INFO - GET http://localhost:8089/events/player-telemetry?start_timestamp=2026-02-11T02%3A06%3A32Z&end_timestamp=2026-02-11T02%3A32%3A26Z ok: type=<class 'list'> len=400
2026-02-10 18:32:26,343 - basicLogger - INFO - Events received: server_health=400 player_telemetry=400 (window 2026-02-11T02:06:32Z -> 2026-02-11T02:32:26Z)
2026-02-10 18:32:26,352 - basicLogger - DEBUG - Updated stats values: {'num_server_health_readings': 31802, 'num_player_telemetry_events': 31802, 'max_players': 500, 'min_players': 1, 'avg_players': 244.76828501352117, 'avg_cpu_usage': 50.76998301993585, 'avg_player_ping': 127.08062386013458, 'last_updated': '2026-02-11T02:06:32Z'}
2026-02-10 18:32:26,352 - basicLogger - INFO - Periodic processing ended
2026-02-10 18:32:31,223 - basicLogger - INFO - Periodic processing started
2026-02-10 18:32:31,316 - basicLogger - INFO - GET http://localhost:8089/events/server-health?start_timestamp=2026-02-11T02%3A06%3A32Z&end_timestamp=2026-02-11T02%3A32%3A31Z ok: type=<class 'list'> len=400
2026-02-10 18:32:31,368 - basicLogger - INFO - GET http://localhost:8089/events/player-telemetry?start_timestamp=2026-02-11T02%3A06%3A32Z&end_timestamp=2026-02-11T02%3A32%3A31Z ok: type=<class 'list'> len=400
2026-02-10 18:32:31,369 - basicLogger - INFO - Events received: server_health=400 player_telemetry=400 (window 2026-02-11T02:06:32Z -> 2026-02-11T02:32:31Z)
2026-02-10 18:32:31,377 - basicLogger - DEBUG - Updated stats values: {'num_server_health_readings': 32202, 'num_player_telemetry_events': 32202, 'max_players': 500, 'min_players': 1, 'avg_players': 244.7694553133346, 'avg_cpu_usage': 50.76985901496801, 'avg_player_ping': 127.0809266505186, 'last_updated': '2026-02-11T02:06:32Z'}
2026-02-10 18:32:31,378 - basicLogger - INFO - Periodic processing ended
2026-02-10 18:32:36,224 - basicLogger - INFO - Periodic processing started
2026-02-10 18:32:36,301 - basicLogger - INFO - GET http://localhost:8089/events/server-health?start_timestamp=2026-02-11T02%3A06%3A32Z&end_timestamp=2026-02-11T02%3A32%3A36Z ok: type=<class 'list'> len=400
2026-02-10 18:32:36,351 - basicLogger - INFO - GET http://localhost:8089/events/player-telemetry?start_timestamp=2026-02-11T02%3A06%3A32Z&end_timestamp=2026-02-11T02%3A32%3A36Z ok: type=<class 'list'> len=400
2026-02-10 18:32:36,351 - basicLogger - INFO - Events received: server_health=400 player_telemetry=400 (window 2026-02-11T02:06:32Z -> 2026-02-11T02:32:36Z)
2026-02-10 18:32:36,354 - basicLogger - DEBUG - Updated stats values: {'num_server_health_readings': 32602, 'num_player_telemetry_events': 32602, 'max_players': 500, 'min_players': 1, 'avg_players': 244.77059689589595, 'avg_cpu_usage': 50.76973805288019, 'avg_player_ping': 127.08122201091957, 'last_updated': '2026-02-11T02:06:32Z'}
2026-02-10 18:32:36,354 - basicLogger - INFO - Periodic processing ended
2026-02-10 18:32:41,224 - basicLogger - INFO - Periodic processing started
2026-02-10 18:32:41,301 - basicLogger - INFO - GET http://localhost:8089/events/server-health?start_timestamp=2026-02-11T02%3A06%3A32Z&end_timestamp=2026-02-11T02%3A32%3A41Z ok: type=<class 'list'> len=400
2026-02-10 18:32:41,352 - basicLogger - INFO - GET http://localhost:8089/events/player-telemetry?start_timestamp=2026-02-11T02%3A06%3A32Z&end_timestamp=2026-02-11T02%3A32%3A41Z ok: type=<class 'list'> len=400
2026-02-10 18:32:41,353 - basicLogger - INFO - Events received: server_health=400 player_telemetry=400 (window 2026-02-11T02:06:32Z -> 2026-02-11T02:32:41Z)
2026-02-10 18:32:41,360 - basicLogger - DEBUG - Updated stats values: {'num_server_health_readings': 33002, 'num_player_telemetry_events': 33002, 'max_players': 500, 'min_players': 1, 'avg_players': 244.77171080540575, 'avg_cpu_usage': 50.76962002302891, 'avg_player_ping': 127.08151021150233, 'last_updated': '2026-02-11T02:06:32Z'}
2026-02-10 18:32:41,360 - basicLogger - INFO - Periodic processing ended
2026-02-10 18:32:46,223 - basicLogger - INFO - Periodic processing started
2026-02-10 18:32:46,343 - basicLogger - INFO - GET http://localhost:8089/events/server-health?start_timestamp=1970-01-01T00%3A00%3A00Z&end_timestamp=2026-02-11T02%3A32%3A46Z ok: type=<class 'list'> len=602
2026-02-10 18:32:46,438 - basicLogger - INFO - GET http://localhost:8089/events/player-telemetry?start_timestamp=1970-01-01T00%3A00%3A00Z&end_timestamp=2026-02-11T02%3A32%3A46Z ok: type=<class 'list'> len=602
2026-02-10 18:32:46,438 - basicLogger - INFO - Events received: server_health=602 player_telemetry=602 (window 1970-01-01T00:00:00Z -> 2026-02-11T02:32:46Z)
2026-02-10 18:32:46,446 - basicLogger - DEBUG - Updated stats values: {'num_server_health_readings': 602, 'num_player_telemetry_events': 602, 'max_players': 500, 'min_players': 1, 'avg_players': 239.88538205980066, 'avg_cpu_usage': 51.28737541528239, 'avg_player_ping': 125.8172757475083, 'last_updated': '2026-02-10T18:15:33Z'}
2026-02-10 18:32:46,446 - basicLogger - INFO - Periodic processing ended
2026-02-10 18:32:51,223 - basicLogger - INFO - Periodic processing started
2026-02-10 18:32:51,320 - basicLogger - INFO - GET http://localhost:8089/events/server-health?start_timestamp=2026-02-10T18%3A15%3A33Z&end_timestamp=2026-02-11T02%3A32%3A51Z ok: type=<class 'list'> len=602
2026-02-10 18:32:51,392 - basicLogger - INFO - GET http://localhost:8089/events/player-telemetry?start_timestamp=2026-02-10T18%3A15%3A33Z&end_timestamp=2026-02-11T02%3A32%3A51Z ok: type=<class 'list'> len=602
2026-02-10 18:32:51,392 - basicLogger - INFO - Events received: server_health=602 player_telemetry=602 (window 2026-02-10T18:15:33Z -> 2026-02-11T02:32:51Z)
2026-02-10 18:32:51,401 - basicLogger - DEBUG - Updated stats values: {'num_server_health_readings': 1204, 'num_player_telemetry_events': 1204, 'max_players': 500, 'min_players': 1, 'avg_players': 239.88538205980066, 'avg_cpu_usage': 51.28737541528239, 'avg_player_ping': 125.8172757475083, 'last_updated': '2026-02-10T18:15:33Z'}
2026-02-10 18:32:51,401 - basicLogger - INFO - Periodic processing ended
2026-02-10 18:32:56,224 - basicLogger - INFO - Periodic processing started
2026-02-10 18:32:56,317 - basicLogger - INFO - GET http://localhost:8089/events/server-health?start_timestamp=2026-02-10T18%3A15%3A33Z&end_timestamp=2026-02-11T02%3A32%3A56Z ok: type=<class 'list'> len=602
2026-02-10 18:32:56,387 - basicLogger - INFO - GET http://localhost:8089/events/player-telemetry?start_timestamp=2026-02-10T18%3A15%3A33Z&end_timestamp=2026-02-11T02%3A32%3A56Z ok: type=<class 'list'> len=602
2026-02-10 18:32:56,388 - basicLogger - INFO - Events received: server_health=602 player_telemetry=602 (window 2026-02-10T18:15:33Z -> 2026-02-11T02:32:56Z)
2026-02-10 18:32:56,396 - basicLogger - DEBUG - Updated stats values: {'num_server_health_readings': 1806, 'num_player_telemetry_events': 1806, 'max_players': 500, 'min_players': 1, 'avg_players': 239.88538205980066, 'avg_cpu_usage': 51.28737541528239, 'avg_player_ping': 125.8172757475083, 'last_updated': '2026-02-10T18:15:33Z'}
2026-02-10 18:32:56,396 - basicLogger - INFO - Periodic processing ended
2026-02-10 18:33:01,223 - basicLogger - INFO - Periodic processing started
2026-02-10 18:33:01,302 - basicLogger - INFO - GET http://localhost:8089/events/server-health?start_timestamp=2026-02-10T18%3A15%3A33Z&end_timestamp=2026-02-11T02%3A33%3A01Z ok: type=<class 'list'> len=602
2026-02-10 18:33:01,376 - basicLogger - INFO - GET http://localhost:8089/events/player-telemetry?start_timestamp=2026-02-10T18%3A15%3A33Z&end_timestamp=2026-02-11T02%3A33%3A01Z ok: type=<class 'list'> len=602
2026-02-10 18:33:01,377 - basicLogger - INFO - Events received: server_health=602 player_telemetry=602 (window 2026-02-10T18:15:33Z -> 2026-02-11T02:33:01Z)
2026-02-10 18:33:01,385 - basicLogger - DEBUG - Updated stats values: {'num_server_health_readings': 2408, 'num_player_telemetry_events': 2408, 'max_players': 500, 'min_players': 1, 'avg_players': 239.88538205980066, 'avg_cpu_usage': 51.28737541528239, 'avg_player_ping': 125.8172757475083, 'last_updated': '2026-02-10T18:15:33Z'}
2026-02-10 18:33:01,385 - basicLogger - INFO - Periodic processing ended
2026-02-10 18:33:06,223 - basicLogger - INFO - Periodic processing started
2026-02-10 18:33:06,318 - basicLogger - INFO - GET http://localhost:8089/events/server-health?start_timestamp=2026-02-10T18%3A15%3A33Z&end_timestamp=2026-02-11T02%3A33%3A06Z ok: type=<class 'list'> len=602
2026-02-10 18:33:06,393 - basicLogger - INFO - GET http://localhost:8089/events/player-telemetry?start_timestamp=2026-02-10T18%3A15%3A33Z&end_timestamp=2026-02-11T02%3A33%3A06Z ok: type=<class 'list'> len=602
2026-02-10 18:33:06,393 - basicLogger - INFO - Events received: server_health=602 player_telemetry=602 (window 2026-02-10T18:15:33Z -> 2026-02-11T02:33:06Z)
2026-02-10 18:33:06,400 - basicLogger - DEBUG - Updated stats values: {'num_server_health_readings': 3010, 'num_player_telemetry_events': 3010, 'max_players': 500, 'min_players': 1, 'avg_players': 239.88538205980066, 'avg_cpu_usage': 51.28737541528239, 'avg_player_ping': 125.8172757475083, 'last_updated': '2026-02-10T18:15:33Z'}
2026-02-10 18:33:06,401 - basicLogger - INFO - Periodic processing ended
2026-02-10 18:33:11,223 - basicLogger - INFO - Periodic processing started
2026-02-10 18:33:11,330 - basicLogger - INFO - GET http://localhost:8089/events/server-health?start_timestamp=2026-02-10T18%3A15%3A33Z&end_timestamp=2026-02-11T02%3A33%3A11Z ok: type=<class 'list'> len=602
2026-02-10 18:33:11,405 - basicLogger - INFO - GET http://localhost:8089/events/player-telemetry?start_timestamp=2026-02-10T18%3A15%3A33Z&end_timestamp=2026-02-11T02%3A33%3A11Z ok: type=<class 'list'> len=602
2026-02-10 18:33:11,405 - basicLogger - INFO - Events received: server_health=602 player_telemetry=602 (window 2026-02-10T18:15:33Z -> 2026-02-11T02:33:11Z)
2026-02-10 18:33:11,409 - basicLogger - DEBUG - Updated stats values: {'num_server_health_readings': 3612, 'num_player_telemetry_events': 3612, 'max_players': 500, 'min_players': 1, 'avg_players': 239.88538205980066, 'avg_cpu_usage': 51.28737541528239, 'avg_player_ping': 125.8172757475083, 'last_updated': '2026-02-10T18:15:33Z'}
2026-02-10 18:33:11,409 - basicLogger - INFO - Periodic processing ended
2026-02-10 18:33:16,223 - basicLogger - INFO - Periodic processing started
2026-02-10 18:33:16,335 - basicLogger - INFO - GET http://localhost:8089/events/server-health?start_timestamp=2026-02-10T18%3A15%3A33Z&end_timestamp=2026-02-11T02%3A33%3A16Z ok: type=<class 'list'> len=602
2026-02-10 18:33:16,411 - basicLogger - INFO - GET http://localhost:8089/events/player-telemetry?start_timestamp=2026-02-10T18%3A15%3A33Z&end_timestamp=2026-02-11T02%3A33%3A16Z ok: type=<class 'list'> len=602
2026-02-10 18:33:16,412 - basicLogger - INFO - Events received: server_health=602 player_telemetry=602 (window 2026-02-10T18:15:33Z -> 2026-02-11T02:33:16Z)
2026-02-10 18:33:16,420 - basicLogger - DEBUG - Updated stats values: {'num_server_health_readings': 4214, 'num_player_telemetry_events': 4214, 'max_players': 500, 'min_players': 1, 'avg_players': 239.88538205980066, 'avg_cpu_usage': 51.28737541528239, 'avg_player_ping': 125.8172757475083, 'last_updated': '2026-02-10T18:15:33Z'}
2026-02-10 18:33:16,420 - basicLogger - INFO - Periodic processing ended
2026-02-10 18:37:53,757 - basicLogger - INFO - Periodic processing has started
2026-02-10 18:37:53,934 - basicLogger - INFO - Events received: server_health=602 player_telemetry=602 (window 2026-02-10T18:15:33Z -> 2026-02-11T02:37:53Z)
2026-02-10 18:37:53,943 - basicLogger - DEBUG - Updated stats values: {'num_server_health_readings': 4816, 'num_player_telemetry_events': 4816, 'max_players': 500, 'min_players': 1, 'avg_players': 239.88538205980066, 'avg_cpu_usage': 51.28737541528239, 'avg_player_ping': 125.8172757475083, 'last_updated': '2026-02-11T02:15:33Z'}
2026-02-10 18:37:53,943 - basicLogger - INFO - Periodic processing has ended
2026-02-10 18:37:58,756 - basicLogger - INFO - Periodic processing has started
2026-02-10 18:37:58,836 - basicLogger - INFO - Events received: server_health=41 player_telemetry=47 (window 2026-02-11T02:15:33Z -> 2026-02-11T02:37:58Z)
2026-02-10 18:37:58,844 - basicLogger - DEBUG - Updated stats values: {'num_server_health_readings': 4857, 'num_player_telemetry_events': 4863, 'max_players': 500, 'min_players': 1, 'avg_players': 240.21988882025943, 'avg_cpu_usage': 51.301626518427014, 'avg_player_ping': 125.96278017684557, 'last_updated': '2026-02-11T02:15:33Z'}
2026-02-10 18:37:58,844 - basicLogger - INFO - Periodic processing has ended
2026-02-10 18:38:03,756 - basicLogger - INFO - Periodic processing has started
2026-02-10 18:38:03,789 - basicLogger - INFO - Events received: server_health=41 player_telemetry=47 (window 2026-02-11T02:15:33Z -> 2026-02-11T02:38:03Z)
2026-02-10 18:38:03,791 - basicLogger - DEBUG - Updated stats values: {'num_server_health_readings': 4898, 'num_player_telemetry_events': 4910, 'max_players': 500, 'min_players': 1, 'avg_players': 240.54879542670477, 'avg_cpu_usage': 51.315639036341366, 'avg_player_ping': 126.10549898167007, 'last_updated': '2026-02-11T02:15:33Z'}
2026-02-10 18:38:03,791 - basicLogger - INFO - Periodic processing has ended
2026-02-10 18:38:08,757 - basicLogger - INFO - Periodic processing has started
2026-02-10 18:38:08,822 - basicLogger - INFO - Events received: server_health=41 player_telemetry=47 (window 2026-02-11T02:15:33Z -> 2026-02-11T02:38:08Z)
2026-02-10 18:38:08,824 - basicLogger - DEBUG - Updated stats values: {'num_server_health_readings': 4939, 'num_player_telemetry_events': 4957, 'max_players': 500, 'min_players': 1, 'avg_players': 240.8722413444017, 'avg_cpu_usage': 51.32941891071067, 'avg_player_ping': 126.245511398023, 'last_updated': '2026-02-11T02:15:33Z'}
2026-02-10 18:38:08,824 - basicLogger - INFO - Periodic processing has ended
2026-02-10 18:38:13,757 - basicLogger - INFO - Periodic processing has started
2026-02-10 18:38:13,947 - basicLogger - INFO - Events received: server_health=602 player_telemetry=602 (window 1970-01-01T00:00:00Z -> 2026-02-11T02:38:13Z)
2026-02-10 18:38:13,956 - basicLogger - DEBUG - Updated stats values: {'num_server_health_readings': 602, 'num_player_telemetry_events': 602, 'max_players': 500, 'min_players': 1, 'avg_players': 239.88538205980066, 'avg_cpu_usage': 51.28737541528239, 'avg_player_ping': 125.8172757475083, 'last_updated': '2026-02-11T02:15:33Z'}
2026-02-10 18:38:13,956 - basicLogger - INFO - Periodic processing has ended
2026-02-10 18:38:18,755 - basicLogger - INFO - Periodic processing has started
2026-02-10 18:38:18,786 - basicLogger - INFO - Events received: server_health=41 player_telemetry=47 (window 2026-02-11T02:15:33Z -> 2026-02-11T02:38:18Z)
2026-02-10 18:38:18,794 - basicLogger - DEBUG - Updated stats values: {'num_server_health_readings': 643, 'num_player_telemetry_events': 649, 'max_players': 500, 'min_players': 1, 'avg_players': 242.41213063763607, 'avg_cpu_usage': 51.3950233281493, 'avg_player_ping': 126.9075500770416, 'last_updated': '2026-02-11T02:15:33Z'}
2026-02-10 18:38:18,794 - basicLogger - INFO - Periodic processing has ended
2026-02-10 18:38:23,757 - basicLogger - INFO - Periodic processing has started
2026-02-10 18:38:23,824 - basicLogger - INFO - Events received: server_health=41 player_telemetry=47 (window 2026-02-11T02:15:33Z -> 2026-02-11T02:38:23Z)
2026-02-10 18:38:23,831 - basicLogger - DEBUG - Updated stats values: {'num_server_health_readings': 684, 'num_player_telemetry_events': 696, 'max_players': 500, 'min_players': 1, 'avg_players': 244.6359649122807, 'avg_cpu_usage': 51.489766081871345, 'avg_player_ping': 127.85057471264368, 'last_updated': '2026-02-11T02:15:33Z'}
2026-02-10 18:38:23,831 - basicLogger - INFO - Periodic processing has ended
2026-02-10 18:38:28,757 - basicLogger - INFO - Periodic processing has started
2026-02-10 18:38:28,844 - basicLogger - INFO - Events received: server_health=41 player_telemetry=47 (window 2026-02-11T02:15:33Z -> 2026-02-11T02:38:28Z)
2026-02-10 18:38:28,846 - basicLogger - DEBUG - Updated stats values: {'num_server_health_readings': 725, 'num_player_telemetry_events': 743, 'max_players': 500, 'min_players': 1, 'avg_players': 246.60827586206898, 'avg_cpu_usage': 51.573793103448274, 'avg_player_ping': 128.6742934051144, 'last_updated': '2026-02-11T02:15:33Z'}
2026-02-10 18:38:28,846 - basicLogger - INFO - Periodic processing has ended
2026-02-10 18:38:33,757 - basicLogger - INFO - Periodic processing has started
2026-02-10 18:38:33,826 - basicLogger - INFO - Events received: server_health=41 player_telemetry=47 (window 2026-02-11T02:15:33Z -> 2026-02-11T02:38:33Z)
2026-02-10 18:38:33,833 - basicLogger - DEBUG - Updated stats values: {'num_server_health_readings': 766, 'num_player_telemetry_events': 790, 'max_players': 500, 'min_players': 1, 'avg_players': 248.36945169712794, 'avg_cpu_usage': 51.64882506527415, 'avg_player_ping': 129.4, 'last_updated': '2026-02-11T02:15:33Z'}
2026-02-10 18:38:33,833 - basicLogger - INFO - Periodic processing has ended
2026-02-10 18:38:38,756 - basicLogger - INFO - Periodic processing has started
2026-02-10 18:38:38,786 - basicLogger - INFO - Events received: server_health=41 player_telemetry=47 (window 2026-02-11T02:15:33Z -> 2026-02-11T02:38:38Z)
2026-02-10 18:38:38,793 - basicLogger - DEBUG - Updated stats values: {'num_server_health_readings': 807, 'num_player_telemetry_events': 837, 'max_players': 500, 'min_players': 1, 'avg_players': 249.95167286245353, 'avg_cpu_usage': 51.71623296158612, 'avg_player_ping': 130.0442054958184, 'last_updated': '2026-02-11T02:15:33Z'}
2026-02-10 18:38:38,793 - basicLogger - INFO - Periodic processing has ended
2026-02-10 18:38:43,756 - basicLogger - INFO - Periodic processing has started
2026-02-10 18:38:43,826 - basicLogger - INFO - Events received: server_health=41 player_telemetry=47 (window 2026-02-11T02:15:33Z -> 2026-02-11T02:38:43Z)
2026-02-10 18:38:43,828 - basicLogger - DEBUG - Updated stats values: {'num_server_health_readings': 848, 'num_player_telemetry_events': 884, 'max_players': 500, 'min_players': 1, 'avg_players': 251.3808962264151, 'avg_cpu_usage': 51.777122641509436, 'avg_player_ping': 130.61990950226243, 'last_updated': '2026-02-11T02:15:33Z'}
2026-02-10 18:38:43,828 - basicLogger - INFO - Periodic processing has ended
2026-02-10 18:38:48,757 - basicLogger - INFO - Periodic processing has started
2026-02-10 18:38:48,815 - basicLogger - INFO - Events received: server_health=41 player_telemetry=47 (window 2026-02-11T02:15:33Z -> 2026-02-11T02:38:48Z)
2026-02-10 18:38:48,816 - basicLogger - DEBUG - Updated stats values: {'num_server_health_readings': 889, 'num_player_telemetry_events': 931, 'max_players': 500, 'min_players': 1, 'avg_players': 252.67829021372327, 'avg_cpu_usage': 51.83239595050619, 'avg_player_ping': 131.1374865735768, 'last_updated': '2026-02-11T02:15:33Z'}
2026-02-10 18:38:48,817 - basicLogger - INFO - Periodic processing has ended
2026-02-10 18:38:53,755 - basicLogger - INFO - Periodic processing has started
2026-02-10 18:38:53,783 - basicLogger - INFO - Events received: server_health=41 player_telemetry=47 (window 2026-02-11T02:15:33Z -> 2026-02-11T02:38:53Z)
2026-02-10 18:38:53,790 - basicLogger - DEBUG - Updated stats values: {'num_server_health_readings': 930, 'num_player_telemetry_events': 978, 'max_players': 500, 'min_players': 1, 'avg_players': 253.86129032258066, 'avg_cpu_usage': 51.88279569892473, 'avg_player_ping': 131.60531697341514, 'last_updated': '2026-02-11T02:15:33Z'}
2026-02-10 18:38:53,790 - basicLogger - INFO - Periodic processing has ended
2026-02-10 18:38:58,755 - basicLogger - INFO - Periodic processing has started
2026-02-10 18:38:58,780 - basicLogger - INFO - Events received: server_health=41 player_telemetry=47 (window 2026-02-11T02:15:33Z -> 2026-02-11T02:38:58Z)
2026-02-10 18:38:58,787 - basicLogger - DEBUG - Updated stats values: {'num_server_health_readings': 971, 'num_player_telemetry_events': 1025, 'max_players': 500, 'min_players': 1, 'avg_players': 254.94438722966015, 'avg_cpu_usage': 51.92893923789907, 'avg_player_ping': 132.03024390243903, 'last_updated': '2026-02-11T02:15:33Z'}
2026-02-10 18:38:58,787 - basicLogger - INFO - Periodic processing has ended
2026-02-10 18:39:03,756 - basicLogger - INFO - Periodic processing has started
2026-02-10 18:39:03,820 - basicLogger - INFO - Events received: server_health=41 player_telemetry=47 (window 2026-02-11T02:15:33Z -> 2026-02-11T02:39:03Z)
2026-02-10 18:39:03,827 - basicLogger - DEBUG - Updated stats values: {'num_server_health_readings': 1012, 'num_player_telemetry_events': 1072, 'max_players': 500, 'min_players': 1, 'avg_players': 255.9397233201581, 'avg_cpu_usage': 51.97134387351779, 'avg_player_ping': 132.4179104477612, 'last_updated': '2026-02-11T02:15:33Z'}
2026-02-10 18:39:03,827 - basicLogger - INFO - Periodic processing has ended
2026-02-10 18:39:08,756 - basicLogger - INFO - Periodic processing has started
2026-02-10 18:39:08,827 - basicLogger - INFO - Events received: server_health=41 player_telemetry=47 (window 2026-02-11T02:15:33Z -> 2026-02-11T02:39:08Z)
2026-02-10 18:39:08,831 - basicLogger - DEBUG - Updated stats values: {'num_server_health_readings': 1053, 'num_player_telemetry_events': 1119, 'max_players': 500, 'min_players': 1, 'avg_players': 256.8575498575499, 'avg_cpu_usage': 52.01044634377968, 'avg_player_ping': 132.77301161751564, 'last_updated': '2026-02-11T02:15:33Z'}
2026-02-10 18:39:08,831 - basicLogger - INFO - Periodic processing has ended
2026-02-10 18:39:13,757 - basicLogger - INFO - Periodic processing has started
2026-02-10 18:39:13,831 - basicLogger - INFO - Events received: server_health=41 player_telemetry=47 (window 2026-02-11T02:15:33Z -> 2026-02-11T02:39:13Z)
2026-02-10 18:39:13,838 - basicLogger - DEBUG - Updated stats values: {'num_server_health_readings': 1094, 'num_player_telemetry_events': 1166, 'max_players': 500, 'min_players': 1, 'avg_players': 257.70658135283367, 'avg_cpu_usage': 52.04661791590494, 'avg_player_ping': 133.09948542024014, 'last_updated': '2026-02-11T02:15:33Z'}
2026-02-10 18:39:13,838 - basicLogger - INFO - Periodic processing has ended
2026-02-10 18:39:18,756 - basicLogger - INFO - Periodic processing has started
2026-02-10 18:39:18,829 - basicLogger - INFO - Events received: server_health=41 player_telemetry=47 (window 2026-02-11T02:15:33Z -> 2026-02-11T02:39:18Z)
2026-02-10 18:39:18,836 - basicLogger - DEBUG - Updated stats values: {'num_server_health_readings': 1135, 'num_player_telemetry_events': 1213, 'max_players': 500, 'min_players': 1, 'avg_players': 258.49427312775333, 'avg_cpu_usage': 52.08017621145375, 'avg_player_ping': 133.40065952184665, 'last_updated': '2026-02-11T02:15:33Z'}
2026-02-10 18:39:18,836 - basicLogger - INFO - Periodic processing has ended
2026-02-10 18:39:23,757 - basicLogger - INFO - Periodic processing has started
2026-02-10 18:39:23,814 - basicLogger - INFO - Events received: server_health=41 player_telemetry=47 (window 2026-02-11T02:15:33Z -> 2026-02-11T02:39:23Z)
2026-02-10 18:39:23,821 - basicLogger - DEBUG - Updated stats values: {'num_server_health_readings': 1176, 'num_player_telemetry_events': 1260, 'max_players': 500, 'min_players': 1, 'avg_players': 259.2270408163265, 'avg_cpu_usage': 52.11139455782313, 'avg_player_ping': 133.67936507936508, 'last_updated': '2026-02-11T02:15:33Z'}
2026-02-10 18:39:23,822 - basicLogger - INFO - Periodic processing has ended
2026-02-10 18:39:28,757 - basicLogger - INFO - Periodic processing has started
2026-02-10 18:39:28,817 - basicLogger - INFO - Events received: server_health=41 player_telemetry=47 (window 2026-02-11T02:15:33Z -> 2026-02-11T02:39:28Z)
2026-02-10 18:39:28,829 - basicLogger - DEBUG - Updated stats values: {'num_server_health_readings': 1217, 'num_player_telemetry_events': 1307, 'max_players': 500, 'min_players': 1, 'avg_players': 259.91043549712407, 'avg_cpu_usage': 52.1405094494659, 'avg_player_ping': 133.938026013772, 'last_updated': '2026-02-11T02:15:33Z'}
2026-02-10 18:39:28,829 - basicLogger - INFO - Periodic processing has ended
2026-02-10 18:39:33,756 - basicLogger - INFO - Periodic processing has started
2026-02-10 18:39:33,825 - basicLogger - INFO - Events received: server_health=41 player_telemetry=47 (window 2026-02-11T02:15:33Z -> 2026-02-11T02:39:33Z)
2026-02-10 18:39:33,832 - basicLogger - DEBUG - Updated stats values: {'num_server_health_readings': 1258, 'num_player_telemetry_events': 1354, 'max_players': 500, 'min_players': 1, 'avg_players': 260.54928457869636, 'avg_cpu_usage': 52.16772655007949, 'avg_player_ping': 134.17872968980797, 'last_updated': '2026-02-11T02:15:33Z'}
2026-02-10 18:39:33,832 - basicLogger - INFO - Periodic processing has ended
2026-02-10 18:39:38,757 - basicLogger - INFO - Periodic processing has started
2026-02-10 18:39:38,826 - basicLogger - INFO - Events received: server_health=41 player_telemetry=47 (window 2026-02-11T02:15:33Z -> 2026-02-11T02:39:38Z)
2026-02-10 18:39:38,832 - basicLogger - DEBUG - Updated stats values: {'num_server_health_readings': 1299, 'num_player_telemetry_events': 1401, 'max_players': 500, 'min_players': 1, 'avg_players': 261.14780600461893, 'avg_cpu_usage': 52.19322555812163, 'avg_player_ping': 134.40328336902212, 'last_updated': '2026-02-11T02:15:33Z'}
2026-02-10 18:39:38,832 - basicLogger - INFO - Periodic processing has ended
2026-02-10 18:39:43,757 - basicLogger - INFO - Periodic processing has started
2026-02-10 18:39:43,849 - basicLogger - INFO - Events received: server_health=41 player_telemetry=47 (window 2026-02-11T02:15:33Z -> 2026-02-11T02:39:43Z)
2026-02-10 18:39:43,852 - basicLogger - DEBUG - Updated stats values: {'num_server_health_readings': 1340, 'num_player_telemetry_events': 1448, 'max_players': 500, 'min_players': 1, 'avg_players': 261.7097014925373, 'avg_cpu_usage': 52.21716417910448, 'avg_player_ping': 134.61325966850828, 'last_updated': '2026-02-11T02:15:33Z'}
2026-02-10 18:39:43,852 - basicLogger - INFO - Periodic processing has ended
2026-02-10 18:39:48,757 - basicLogger - INFO - Periodic processing has started
2026-02-10 18:39:48,827 - basicLogger - INFO - Events received: server_health=41 player_telemetry=47 (window 2026-02-11T02:15:33Z -> 2026-02-11T02:39:48Z)
2026-02-10 18:39:48,834 - basicLogger - DEBUG - Updated stats values: {'num_server_health_readings': 1381, 'num_player_telemetry_events': 1495, 'max_players': 500, 'min_players': 1, 'avg_players': 262.23823316437364, 'avg_cpu_usage': 52.23968139029689, 'avg_player_ping': 134.81003344481604, 'last_updated': '2026-02-11T02:15:33Z'}
2026-02-10 18:39:48,835 - basicLogger - INFO - Periodic processing has ended
2026-02-10 18:39:53,757 - basicLogger - INFO - Periodic processing has started
2026-02-10 18:39:53,835 - basicLogger - INFO - Events received: server_health=41 player_telemetry=47 (window 2026-02-11T02:15:33Z -> 2026-02-11T02:39:53Z)
2026-02-10 18:39:53,838 - basicLogger - DEBUG - Updated stats values: {'num_server_health_readings': 1422, 'num_player_telemetry_events': 1542, 'max_players': 500, 'min_players': 1, 'avg_players': 262.73628691983123, 'avg_cpu_usage': 52.260900140646974, 'avg_player_ping': 134.9948119325551, 'last_updated': '2026-02-11T02:15:33Z'}
2026-02-10 18:39:53,838 - basicLogger - INFO - Periodic processing has ended
2026-02-10 18:39:58,757 - basicLogger - INFO - Periodic processing has started
2026-02-10 18:39:58,823 - basicLogger - INFO - Events received: server_health=41 player_telemetry=47 (window 2026-02-11T02:15:33Z -> 2026-02-11T02:39:58Z)
2026-02-10 18:39:58,829 - basicLogger - DEBUG - Updated stats values: {'num_server_health_readings': 1463, 'num_player_telemetry_events': 1589, 'max_players': 500, 'min_players': 1, 'avg_players': 263.2064251537936, 'avg_cpu_usage': 52.28092959671907, 'avg_player_ping': 135.1686595342983, 'last_updated': '2026-02-11T02:15:33Z'}
2026-02-10 18:39:58,830 - basicLogger - INFO - Periodic processing has ended
2026-02-10 18:40:03,755 - basicLogger - INFO - Periodic processing has started
2026-02-10 18:40:03,786 - basicLogger - INFO - Events received: server_health=41 player_telemetry=47 (window 2026-02-11T02:15:33Z -> 2026-02-11T02:40:03Z)
2026-02-10 18:40:03,793 - basicLogger - DEBUG - Updated stats values: {'num_server_health_readings': 1504, 'num_player_telemetry_events': 1636, 'max_players': 500, 'min_players': 1, 'avg_players': 263.65093085106383, 'avg_cpu_usage': 52.2998670212766, 'avg_player_ping': 135.33251833740832, 'last_updated': '2026-02-11T02:15:33Z'}
2026-02-10 18:40:03,793 - basicLogger - INFO - Periodic processing has ended
2026-02-10 18:40:08,755 - basicLogger - INFO - Periodic processing has started
2026-02-10 18:40:08,780 - basicLogger - INFO - Events received: server_health=41 player_telemetry=47 (window 2026-02-11T02:15:33Z -> 2026-02-11T02:40:08Z)
2026-02-10 18:40:08,787 - basicLogger - DEBUG - Updated stats values: {'num_server_health_readings': 1545, 'num_player_telemetry_events': 1683, 'max_players': 500, 'min_players': 1, 'avg_players': 264.0718446601942, 'avg_cpu_usage': 52.31779935275081, 'avg_player_ping': 135.48722519310755, 'last_updated': '2026-02-11T02:15:33Z'}
2026-02-10 18:40:08,787 - basicLogger - INFO - Periodic processing has ended
2026-02-10 18:40:13,757 - basicLogger - INFO - Periodic processing has started
2026-02-10 18:40:13,798 - basicLogger - INFO - Events received: server_health=41 player_telemetry=47 (window 2026-02-11T02:15:33Z -> 2026-02-11T02:40:13Z)
2026-02-10 18:40:13,800 - basicLogger - DEBUG - Updated stats values: {'num_server_health_readings': 1586, 'num_player_telemetry_events': 1730, 'max_players': 500, 'min_players': 1, 'avg_players': 264.47099621689784, 'avg_cpu_usage': 52.33480453972257, 'avg_player_ping': 135.6335260115607, 'last_updated': '2026-02-11T02:15:33Z'}
2026-02-10 18:40:13,800 - basicLogger - INFO - Periodic processing has ended
2026-02-10 18:40:18,757 - basicLogger - INFO - Periodic processing has started
2026-02-10 18:40:18,813 - basicLogger - INFO - Events received: server_health=41 player_telemetry=47 (window 2026-02-11T02:15:33Z -> 2026-02-11T02:40:18Z)
2026-02-10 18:40:18,819 - basicLogger - DEBUG - Updated stats values: {'num_server_health_readings': 1627, 'num_player_telemetry_events': 1777, 'max_players': 500, 'min_players': 1, 'avg_players': 264.8500307314075, 'avg_cpu_usage': 52.35095267363245, 'avg_player_ping': 135.77208778840742, 'last_updated': '2026-02-11T02:15:33Z'}
2026-02-10 18:40:18,820 - basicLogger - INFO - Periodic processing has ended
2026-02-10 18:40:23,757 - basicLogger - INFO - Periodic processing has started
2026-02-10 18:40:23,813 - basicLogger - INFO - Events received: server_health=41 player_telemetry=47 (window 2026-02-11T02:15:33Z -> 2026-02-11T02:40:23Z)
2026-02-10 18:40:23,820 - basicLogger - DEBUG - Updated stats values: {'num_server_health_readings': 1668, 'num_player_telemetry_events': 1824, 'max_players': 500, 'min_players': 1, 'avg_players': 265.21043165467626, 'avg_cpu_usage': 52.36630695443645, 'avg_player_ping': 135.90350877192984, 'last_updated': '2026-02-11T02:15:33Z'}
2026-02-10 18:40:23,821 - basicLogger - INFO - Periodic processing has ended
2026-02-10 18:40:28,757 - basicLogger - INFO - Periodic processing has started
2026-02-10 18:40:28,842 - basicLogger - INFO - Events received: server_health=41 player_telemetry=47 (window 2026-02-11T02:15:33Z -> 2026-02-11T02:40:28Z)
2026-02-10 18:40:28,850 - basicLogger - DEBUG - Updated stats values: {'num_server_health_readings': 1709, 'num_player_telemetry_events': 1871, 'max_players': 500, 'min_players': 1, 'avg_players': 265.55354008191927, 'avg_cpu_usage': 52.380924517261555, 'avg_player_ping': 136.02832709780867, 'last_updated': '2026-02-11T02:15:33Z'}
2026-02-10 18:40:28,850 - basicLogger - INFO - Periodic processing has ended
2026-02-10 18:40:33,756 - basicLogger - INFO - Periodic processing has started
2026-02-10 18:40:33,816 - basicLogger - INFO - Events received: server_health=41 player_telemetry=47 (window 2026-02-11T02:15:33Z -> 2026-02-11T02:40:33Z)
2026-02-10 18:40:33,817 - basicLogger - DEBUG - Updated stats values: {'num_server_health_readings': 1750, 'num_player_telemetry_events': 1918, 'max_players': 500, 'min_players': 1, 'avg_players': 265.88057142857144, 'avg_cpu_usage': 52.39485714285714, 'avg_player_ping': 136.14702815432742, 'last_updated': '2026-02-11T02:15:33Z'}
2026-02-10 18:40:33,818 - basicLogger - INFO - Periodic processing has ended
2026-02-10 18:40:38,757 - basicLogger - INFO - Periodic processing has started
2026-02-10 18:40:38,825 - basicLogger - INFO - Events received: server_health=41 player_telemetry=47 (window 2026-02-11T02:15:33Z -> 2026-02-11T02:40:38Z)
2026-02-10 18:40:38,831 - basicLogger - DEBUG - Updated stats values: {'num_server_health_readings': 1791, 'num_player_telemetry_events': 1965, 'max_players': 500, 'min_players': 1, 'avg_players': 266.1926298157454, 'avg_cpu_usage': 52.40815187046343, 'avg_player_ping': 136.26005089058523, 'last_updated': '2026-02-11T02:15:33Z'}
2026-02-10 18:40:38,832 - basicLogger - INFO - Periodic processing has ended
2026-02-10 18:40:43,756 - basicLogger - INFO - Periodic processing has started
2026-02-10 18:40:43,831 - basicLogger - INFO - Events received: server_health=41 player_telemetry=47 (window 2026-02-11T02:15:33Z -> 2026-02-11T02:40:43Z)
2026-02-10 18:40:43,838 - basicLogger - DEBUG - Updated stats values: {'num_server_health_readings': 1832, 'num_player_telemetry_events': 2012, 'max_players': 500, 'min_players': 1, 'avg_players': 266.4907205240175, 'avg_cpu_usage': 52.42085152838428, 'avg_player_ping': 136.36779324055667, 'last_updated': '2026-02-11T02:15:33Z'}
2026-02-10 18:40:43,839 - basicLogger - INFO - Periodic processing has ended
2026-02-10 18:40:48,757 - basicLogger - INFO - Periodic processing has started
2026-02-10 18:40:48,808 - basicLogger - INFO - Events received: server_health=41 player_telemetry=47 (window 2026-02-11T02:15:33Z -> 2026-02-11T02:40:48Z)
2026-02-10 18:40:48,810 - basicLogger - DEBUG - Updated stats values: {'num_server_health_readings': 1873, 'num_player_telemetry_events': 2059, 'max_players': 500, 'min_players': 1, 'avg_players': 266.7757608115323, 'avg_cpu_usage': 52.432995194874536, 'avg_player_ping': 136.47061680427393, 'last_updated': '2026-02-11T02:15:33Z'}
2026-02-10 18:40:48,810 - basicLogger - INFO - Periodic processing has ended
2026-02-10 18:40:53,756 - basicLogger - INFO - Periodic processing has started
2026-02-10 18:40:53,828 - basicLogger - INFO - Events received: server_health=41 player_telemetry=47 (window 2026-02-11T02:15:33Z -> 2026-02-11T02:40:53Z)
2026-02-10 18:40:53,840 - basicLogger - DEBUG - Updated stats values: {'num_server_health_readings': 1914, 'num_player_telemetry_events': 2106, 'max_players': 500, 'min_players': 1, 'avg_players': 267.0485893416928, 'avg_cpu_usage': 52.44461859979101, 'avg_player_ping': 136.56885090218424, 'last_updated': '2026-02-11T02:15:33Z'}
2026-02-10 18:40:53,840 - basicLogger - INFO - Periodic processing has ended
2026-02-10 18:41:07,404 - basicLogger - INFO - Periodic processing has started
2026-02-10 18:41:07,607 - basicLogger - INFO - Events received: server_health=602 player_telemetry=602 (window 1970-01-01T00:00:00.000001Z -> 2026-02-11T02:41:07Z)
2026-02-10 18:41:07,616 - basicLogger - DEBUG - Updated stats values: {'num_server_health_readings': 602, 'num_player_telemetry_events': 602, 'max_players': 500, 'min_players': 1, 'avg_players': 239.88538205980066, 'avg_cpu_usage': 51.28737541528239, 'avg_player_ping': 125.8172757475083, 'last_updated': '2026-02-11T02:15:33Z'}
2026-02-10 18:41:07,617 - basicLogger - INFO - Periodic processing has ended
2026-02-10 18:41:12,405 - basicLogger - INFO - Periodic processing has started
2026-02-10 18:41:12,436 - basicLogger - INFO - Events received: server_health=0 player_telemetry=0 (window 2026-02-11T02:15:33.000001Z -> 2026-02-11T02:41:12Z)
2026-02-10 18:41:12,443 - basicLogger - DEBUG - Updated stats values: {'num_server_health_readings': 602, 'num_player_telemetry_events': 602, 'max_players': 500, 'min_players': 1, 'avg_players': 239.88538205980066, 'avg_cpu_usage': 51.28737541528239, 'avg_player_ping': 125.8172757475083, 'last_updated': '2026-02-11T02:15:33Z'}
2026-02-10 18:41:12,443 - basicLogger - INFO - Periodic processing has ended
2026-02-10 18:41:17,404 - basicLogger - INFO - Periodic processing has started
2026-02-10 18:41:17,433 - basicLogger - INFO - Events received: server_health=0 player_telemetry=0 (window 2026-02-11T02:15:33.000001Z -> 2026-02-11T02:41:17Z)
2026-02-10 18:41:17,440 - basicLogger - DEBUG - Updated stats values: {'num_server_health_readings': 602, 'num_player_telemetry_events': 602, 'max_players': 500, 'min_players': 1, 'avg_players': 239.88538205980066, 'avg_cpu_usage': 51.28737541528239, 'avg_player_ping': 125.8172757475083, 'last_updated': '2026-02-11T02:15:33Z'}
2026-02-10 18:41:17,441 - basicLogger - INFO - Periodic processing has ended
2026-02-10 18:41:22,403 - basicLogger - INFO - Periodic processing has started
2026-02-10 18:41:22,473 - basicLogger - INFO - Events received: server_health=25 player_telemetry=22 (window 2026-02-11T02:15:33.000001Z -> 2026-02-11T02:41:22Z)
2026-02-10 18:41:22,474 - basicLogger - DEBUG - Updated stats values: {'num_server_health_readings': 627, 'num_player_telemetry_events': 624, 'max_players': 500, 'min_players': 1, 'avg_players': 239.88516746411483, 'avg_cpu_usage': 51.35725677830941, 'avg_player_ping': 125.91346153846153, 'last_updated': '2026-02-11T02:41:21Z'}
2026-02-10 18:41:22,474 - basicLogger - INFO - Periodic processing has ended
2026-02-10 18:41:27,405 - basicLogger - INFO - Periodic processing has started
2026-02-10 18:41:27,511 - basicLogger - INFO - Events received: server_health=175 player_telemetry=178 (window 2026-02-11T02:41:21.000001Z -> 2026-02-11T02:41:27Z)
2026-02-10 18:41:27,513 - basicLogger - DEBUG - Updated stats values: {'num_server_health_readings': 802, 'num_player_telemetry_events': 802, 'max_players': 500, 'min_players': 1, 'avg_players': 243.29925187032418, 'avg_cpu_usage': 50.895261845386536, 'avg_player_ping': 126.97755610972568, 'last_updated': '2026-02-11T02:41:24Z'}
2026-02-10 18:41:27,514 - basicLogger - INFO - Periodic processing has ended
2026-02-10 18:41:32,404 - basicLogger - INFO - Periodic processing has started
2026-02-10 18:41:32,440 - basicLogger - INFO - Events received: server_health=0 player_telemetry=0 (window 2026-02-11T02:41:24.000001Z -> 2026-02-11T02:41:32Z)
2026-02-10 18:41:32,448 - basicLogger - DEBUG - Updated stats values: {'num_server_health_readings': 802, 'num_player_telemetry_events': 802, 'max_players': 500, 'min_players': 1, 'avg_players': 243.29925187032418, 'avg_cpu_usage': 50.895261845386536, 'avg_player_ping': 126.97755610972568, 'last_updated': '2026-02-11T02:41:24Z'}
2026-02-10 18:41:32,449 - basicLogger - INFO - Periodic processing has ended
2026-02-10 18:41:37,404 - basicLogger - INFO - Periodic processing has started
2026-02-10 18:41:37,435 - basicLogger - INFO - Events received: server_health=0 player_telemetry=0 (window 2026-02-11T02:41:24.000001Z -> 2026-02-11T02:41:37Z)
2026-02-10 18:41:37,442 - basicLogger - DEBUG - Updated stats values: {'num_server_health_readings': 802, 'num_player_telemetry_events': 802, 'max_players': 500, 'min_players': 1, 'avg_players': 243.29925187032418, 'avg_cpu_usage': 50.895261845386536, 'avg_player_ping': 126.97755610972568, 'last_updated': '2026-02-11T02:41:24Z'}
2026-02-10 18:41:37,442 - basicLogger - INFO - Periodic processing has ended
2026-02-10 18:41:42,405 - basicLogger - INFO - Periodic processing has started
2026-02-10 18:41:42,432 - basicLogger - INFO - Events received: server_health=0 player_telemetry=0 (window 2026-02-11T02:41:24.000001Z -> 2026-02-11T02:41:42Z)
2026-02-10 18:41:42,439 - basicLogger - DEBUG - Updated stats values: {'num_server_health_readings': 802, 'num_player_telemetry_events': 802, 'max_players': 500, 'min_players': 1, 'avg_players': 243.29925187032418, 'avg_cpu_usage': 50.895261845386536, 'avg_player_ping': 126.97755610972568, 'last_updated': '2026-02-11T02:41:24Z'}
2026-02-10 18:41:42,439 - basicLogger - INFO - Periodic processing has ended
2026-02-10 18:41:47,404 - basicLogger - INFO - Periodic processing has started
2026-02-10 18:41:47,437 - basicLogger - INFO - Events received: server_health=0 player_telemetry=0 (window 2026-02-11T02:41:24.000001Z -> 2026-02-11T02:41:47Z)
2026-02-10 18:41:47,443 - basicLogger - DEBUG - Updated stats values: {'num_server_health_readings': 802, 'num_player_telemetry_events': 802, 'max_players': 500, 'min_players': 1, 'avg_players': 243.29925187032418, 'avg_cpu_usage': 50.895261845386536, 'avg_player_ping': 126.97755610972568, 'last_updated': '2026-02-11T02:41:24Z'}
2026-02-10 18:41:47,443 - basicLogger - INFO - Periodic processing has ended
2026-02-10 18:41:52,403 - basicLogger - INFO - Periodic processing has started
2026-02-10 18:41:52,415 - basicLogger - INFO - Events received: server_health=0 player_telemetry=0 (window 2026-02-11T02:41:24.000001Z -> 2026-02-11T02:41:52Z)
2026-02-10 18:41:52,422 - basicLogger - DEBUG - Updated stats values: {'num_server_health_readings': 802, 'num_player_telemetry_events': 802, 'max_players': 500, 'min_players': 1, 'avg_players': 243.29925187032418, 'avg_cpu_usage': 50.895261845386536, 'avg_player_ping': 126.97755610972568, 'last_updated': '2026-02-11T02:41:24Z'}
2026-02-10 18:41:52,422 - basicLogger - INFO - Periodic processing has ended
2026-02-10 18:41:57,403 - basicLogger - INFO - Periodic processing has started
2026-02-10 18:41:57,435 - basicLogger - INFO - Events received: server_health=0 player_telemetry=0 (window 2026-02-11T02:41:24.000001Z -> 2026-02-11T02:41:57Z)
2026-02-10 18:41:57,442 - basicLogger - DEBUG - Updated stats values: {'num_server_health_readings': 802, 'num_player_telemetry_events': 802, 'max_players': 500, 'min_players': 1, 'avg_players': 243.29925187032418, 'avg_cpu_usage': 50.895261845386536, 'avg_player_ping': 126.97755610972568, 'last_updated': '2026-02-11T02:41:24Z'}
2026-02-10 18:41:57,442 - basicLogger - INFO - Periodic processing has ended
2026-02-10 18:42:02,404 - basicLogger - INFO - Periodic processing has started
2026-02-10 18:42:02,447 - basicLogger - INFO - Events received: server_health=0 player_telemetry=0 (window 2026-02-11T02:41:24.000001Z -> 2026-02-11T02:42:02Z)
2026-02-10 18:42:02,454 - basicLogger - DEBUG - Updated stats values: {'num_server_health_readings': 802, 'num_player_telemetry_events': 802, 'max_players': 500, 'min_players': 1, 'avg_players': 243.29925187032418, 'avg_cpu_usage': 50.895261845386536, 'avg_player_ping': 126.97755610972568, 'last_updated': '2026-02-11T02:41:24Z'}
2026-02-10 18:42:02,455 - basicLogger - INFO - Periodic processing has ended
2026-02-10 18:42:07,403 - basicLogger - INFO - Periodic processing has started
2026-02-10 18:42:07,416 - basicLogger - INFO - Events received: server_health=0 player_telemetry=0 (window 2026-02-11T02:41:24.000001Z -> 2026-02-11T02:42:07Z)
2026-02-10 18:42:07,423 - basicLogger - DEBUG - Updated stats values: {'num_server_health_readings': 802, 'num_player_telemetry_events': 802, 'max_players': 500, 'min_players': 1, 'avg_players': 243.29925187032418, 'avg_cpu_usage': 50.895261845386536, 'avg_player_ping': 126.97755610972568, 'last_updated': '2026-02-11T02:41:24Z'}
2026-02-10 18:42:07,423 - basicLogger - INFO - Periodic processing has ended
2026-02-10 18:42:12,404 - basicLogger - INFO - Periodic processing has started
2026-02-10 18:42:12,457 - basicLogger - INFO - Events received: server_health=0 player_telemetry=0 (window 2026-02-11T02:41:24.000001Z -> 2026-02-11T02:42:12Z)
2026-02-10 18:42:12,464 - basicLogger - DEBUG - Updated stats values: {'num_server_health_readings': 802, 'num_player_telemetry_events': 802, 'max_players': 500, 'min_players': 1, 'avg_players': 243.29925187032418, 'avg_cpu_usage': 50.895261845386536, 'avg_player_ping': 126.97755610972568, 'last_updated': '2026-02-11T02:41:24Z'}
2026-02-10 18:42:12,465 - basicLogger - INFO - Periodic processing has ended
2026-02-10 18:42:17,403 - basicLogger - INFO - Periodic processing has started
2026-02-10 18:42:17,417 - basicLogger - INFO - Events received: server_health=0 player_telemetry=0 (window 2026-02-11T02:41:24.000001Z -> 2026-02-11T02:42:17Z)
2026-02-10 18:42:17,419 - basicLogger - DEBUG - Updated stats values: {'num_server_health_readings': 802, 'num_player_telemetry_events': 802, 'max_players': 500, 'min_players': 1, 'avg_players': 243.29925187032418, 'avg_cpu_usage': 50.895261845386536, 'avg_player_ping': 126.97755610972568, 'last_updated': '2026-02-11T02:41:24Z'}
2026-02-10 18:42:17,419 - basicLogger - INFO - Periodic processing has ended
2026-02-10 18:42:22,402 - basicLogger - INFO - Periodic processing has started
2026-02-10 18:42:22,417 - basicLogger - INFO - Events received: server_health=0 player_telemetry=0 (window 2026-02-11T02:41:24.000001Z -> 2026-02-11T02:42:22Z)
2026-02-10 18:42:22,423 - basicLogger - DEBUG - Updated stats values: {'num_server_health_readings': 802, 'num_player_telemetry_events': 802, 'max_players': 500, 'min_players': 1, 'avg_players': 243.29925187032418, 'avg_cpu_usage': 50.895261845386536, 'avg_player_ping': 126.97755610972568, 'last_updated': '2026-02-11T02:41:24Z'}
2026-02-10 18:42:22,423 - basicLogger - INFO - Periodic processing has ended
2026-02-10 18:42:27,403 - basicLogger - INFO - Periodic processing has started
2026-02-10 18:42:27,416 - basicLogger - INFO - Events received: server_health=0 player_telemetry=0 (window 2026-02-11T02:41:24.000001Z -> 2026-02-11T02:42:27Z)
2026-02-10 18:42:27,422 - basicLogger - DEBUG - Updated stats values: {'num_server_health_readings': 802, 'num_player_telemetry_events': 802, 'max_players': 500, 'min_players': 1, 'avg_players': 243.29925187032418, 'avg_cpu_usage': 50.895261845386536, 'avg_player_ping': 126.97755610972568, 'last_updated': '2026-02-11T02:41:24Z'}
2026-02-10 18:42:27,422 - basicLogger - INFO - Periodic processing has ended
2026-02-10 18:42:32,402 - basicLogger - INFO - Periodic processing has started
2026-02-10 18:42:32,416 - basicLogger - INFO - Events received: server_health=0 player_telemetry=0 (window 2026-02-11T02:41:24.000001Z -> 2026-02-11T02:42:32Z)
2026-02-10 18:42:32,422 - basicLogger - DEBUG - Updated stats values: {'num_server_health_readings': 802, 'num_player_telemetry_events': 802, 'max_players': 500, 'min_players': 1, 'avg_players': 243.29925187032418, 'avg_cpu_usage': 50.895261845386536, 'avg_player_ping': 126.97755610972568, 'last_updated': '2026-02-11T02:41:24Z'}
2026-02-10 18:42:32,423 - basicLogger - INFO - Periodic processing has ended
2026-02-10 18:42:37,403 - basicLogger - INFO - Periodic processing has started
2026-02-10 18:42:37,443 - basicLogger - INFO - Events received: server_health=0 player_telemetry=0 (window 2026-02-11T02:41:24.000001Z -> 2026-02-11T02:42:37Z)
2026-02-10 18:42:37,445 - basicLogger - DEBUG - Updated stats values: {'num_server_health_readings': 802, 'num_player_telemetry_events': 802, 'max_players': 500, 'min_players': 1, 'avg_players': 243.29925187032418, 'avg_cpu_usage': 50.895261845386536, 'avg_player_ping': 126.97755610972568, 'last_updated': '2026-02-11T02:41:24Z'}
2026-02-10 18:42:37,446 - basicLogger - INFO - Periodic processing has ended
2026-02-10 18:42:42,403 - basicLogger - INFO - Periodic processing has started
2026-02-10 18:42:42,418 - basicLogger - INFO - Events received: server_health=0 player_telemetry=0 (window 2026-02-11T02:41:24.000001Z -> 2026-02-11T02:42:42Z)
2026-02-10 18:42:42,419 - basicLogger - DEBUG - Updated stats values: {'num_server_health_readings': 802, 'num_player_telemetry_events': 802, 'max_players': 500, 'min_players': 1, 'avg_players': 243.29925187032418, 'avg_cpu_usage': 50.895261845386536, 'avg_player_ping': 126.97755610972568, 'last_updated': '2026-02-11T02:41:24Z'}
2026-02-10 18:42:42,419 - basicLogger - INFO - Periodic processing has ended
2026-02-10 18:42:47,404 - basicLogger - INFO - Periodic processing has started
2026-02-10 18:42:47,447 - basicLogger - INFO - Events received: server_health=0 player_telemetry=0 (window 2026-02-11T02:41:24.000001Z -> 2026-02-11T02:42:47Z)
2026-02-10 18:42:47,449 - basicLogger - DEBUG - Updated stats values: {'num_server_health_readings': 802, 'num_player_telemetry_events': 802, 'max_players': 500, 'min_players': 1, 'avg_players': 243.29925187032418, 'avg_cpu_usage': 50.895261845386536, 'avg_player_ping': 126.97755610972568, 'last_updated': '2026-02-11T02:41:24Z'}
2026-02-10 18:42:47,450 - basicLogger - INFO - Periodic processing has ended
2026-02-10 18:42:52,404 - basicLogger - INFO - Periodic processing has started
2026-02-10 18:42:52,427 - basicLogger - INFO - Events received: server_health=0 player_telemetry=0 (window 2026-02-11T02:41:24.000001Z -> 2026-02-11T02:42:52Z)
2026-02-10 18:42:52,433 - basicLogger - DEBUG - Updated stats values: {'num_server_health_readings': 802, 'num_player_telemetry_events': 802, 'max_players': 500, 'min_players': 1, 'avg_players': 243.29925187032418, 'avg_cpu_usage': 50.895261845386536, 'avg_player_ping': 126.97755610972568, 'last_updated': '2026-02-11T02:41:24Z'}
2026-02-10 18:42:52,434 - basicLogger - INFO - Periodic processing has ended
2026-02-10 18:42:57,404 - basicLogger - INFO - Periodic processing has started
2026-02-10 18:42:57,448 - basicLogger - INFO - Events received: server_health=0 player_telemetry=0 (window 2026-02-11T02:41:24.000001Z -> 2026-02-11T02:42:57Z)
2026-02-10 18:42:57,450 - basicLogger - DEBUG - Updated stats values: {'num_server_health_readings': 802, 'num_player_telemetry_events': 802, 'max_players': 500, 'min_players': 1, 'avg_players': 243.29925187032418, 'avg_cpu_usage': 50.895261845386536, 'avg_player_ping': 126.97755610972568, 'last_updated': '2026-02-11T02:41:24Z'}
2026-02-10 18:42:57,451 - basicLogger - INFO - Periodic processing has ended
2026-02-10 18:43:02,403 - basicLogger - INFO - Periodic processing has started
2026-02-10 18:43:02,426 - basicLogger - INFO - Events received: server_health=0 player_telemetry=0 (window 2026-02-11T02:41:24.000001Z -> 2026-02-11T02:43:02Z)
2026-02-10 18:43:02,433 - basicLogger - DEBUG - Updated stats values: {'num_server_health_readings': 802, 'num_player_telemetry_events': 802, 'max_players': 500, 'min_players': 1, 'avg_players': 243.29925187032418, 'avg_cpu_usage': 50.895261845386536, 'avg_player_ping': 126.97755610972568, 'last_updated': '2026-02-11T02:41:24Z'}
2026-02-10 18:43:02,433 - basicLogger - INFO - Periodic processing has ended
2026-02-10 18:43:07,403 - basicLogger - INFO - Periodic processing has started
2026-02-10 18:43:07,426 - basicLogger - INFO - Events received: server_health=0 player_telemetry=0 (window 2026-02-11T02:41:24.000001Z -> 2026-02-11T02:43:07Z)
2026-02-10 18:43:07,433 - basicLogger - DEBUG - Updated stats values: {'num_server_health_readings': 802, 'num_player_telemetry_events': 802, 'max_players': 500, 'min_players': 1, 'avg_players': 243.29925187032418, 'avg_cpu_usage': 50.895261845386536, 'avg_player_ping': 126.97755610972568, 'last_updated': '2026-02-11T02:41:24Z'}
2026-02-10 18:43:07,433 - basicLogger - INFO - Periodic processing has ended
2026-02-10 18:43:12,404 - basicLogger - INFO - Periodic processing has started
2026-02-10 18:43:12,432 - basicLogger - INFO - Events received: server_health=0 player_telemetry=0 (window 2026-02-11T02:41:24.000001Z -> 2026-02-11T02:43:12Z)
2026-02-10 18:43:12,439 - basicLogger - DEBUG - Updated stats values: {'num_server_health_readings': 802, 'num_player_telemetry_events': 802, 'max_players': 500, 'min_players': 1, 'avg_players': 243.29925187032418, 'avg_cpu_usage': 50.895261845386536, 'avg_player_ping': 126.97755610972568, 'last_updated': '2026-02-11T02:41:24Z'}
2026-02-10 18:43:12,439 - basicLogger - INFO - Periodic processing has ended
2026-02-10 18:43:17,405 - basicLogger - INFO - Periodic processing has started
2026-02-10 18:43:17,428 - basicLogger - INFO - Events received: server_health=0 player_telemetry=0 (window 2026-02-11T02:41:24.000001Z -> 2026-02-11T02:43:17Z)
2026-02-10 18:43:17,435 - basicLogger - DEBUG - Updated stats values: {'num_server_health_readings': 802, 'num_player_telemetry_events': 802, 'max_players': 500, 'min_players': 1, 'avg_players': 243.29925187032418, 'avg_cpu_usage': 50.895261845386536, 'avg_player_ping': 126.97755610972568, 'last_updated': '2026-02-11T02:41:24Z'}
2026-02-10 18:43:17,435 - basicLogger - INFO - Periodic processing has ended
2026-02-10 18:43:22,404 - basicLogger - INFO - Periodic processing has started
2026-02-10 18:43:22,434 - basicLogger - INFO - Events received: server_health=0 player_telemetry=0 (window 2026-02-11T02:41:24.000001Z -> 2026-02-11T02:43:22Z)
2026-02-10 18:43:22,441 - basicLogger - DEBUG - Updated stats values: {'num_server_health_readings': 802, 'num_player_telemetry_events': 802, 'max_players': 500, 'min_players': 1, 'avg_players': 243.29925187032418, 'avg_cpu_usage': 50.895261845386536, 'avg_player_ping': 126.97755610972568, 'last_updated': '2026-02-11T02:41:24Z'}
2026-02-10 18:43:22,442 - basicLogger - INFO - Periodic processing has ended
2026-02-10 18:43:27,404 - basicLogger - INFO - Periodic processing has started
2026-02-10 18:43:27,434 - basicLogger - INFO - Events received: server_health=0 player_telemetry=0 (window 2026-02-11T02:41:24.000001Z -> 2026-02-11T02:43:27Z)
2026-02-10 18:43:27,440 - basicLogger - DEBUG - Updated stats values: {'num_server_health_readings': 802, 'num_player_telemetry_events': 802, 'max_players': 500, 'min_players': 1, 'avg_players': 243.29925187032418, 'avg_cpu_usage': 50.895261845386536, 'avg_player_ping': 126.97755610972568, 'last_updated': '2026-02-11T02:41:24Z'}
2026-02-10 18:43:27,441 - basicLogger - INFO - Periodic processing has ended
2026-02-10 18:43:32,404 - basicLogger - INFO - Periodic processing has started
2026-02-10 18:43:32,434 - basicLogger - INFO - Events received: server_health=0 player_telemetry=0 (window 2026-02-11T02:41:24.000001Z -> 2026-02-11T02:43:32Z)
2026-02-10 18:43:32,437 - basicLogger - DEBUG - Updated stats values: {'num_server_health_readings': 802, 'num_player_telemetry_events': 802, 'max_players': 500, 'min_players': 1, 'avg_players': 243.29925187032418, 'avg_cpu_usage': 50.895261845386536, 'avg_player_ping': 126.97755610972568, 'last_updated': '2026-02-11T02:41:24Z'}
2026-02-10 18:43:32,437 - basicLogger - INFO - Periodic processing has ended
2026-02-10 18:43:37,404 - basicLogger - INFO - Periodic processing has started
2026-02-10 18:43:37,441 - basicLogger - INFO - Events received: server_health=0 player_telemetry=0 (window 2026-02-11T02:41:24.000001Z -> 2026-02-11T02:43:37Z)
2026-02-10 18:43:37,449 - basicLogger - DEBUG - Updated stats values: {'num_server_health_readings': 802, 'num_player_telemetry_events': 802, 'max_players': 500, 'min_players': 1, 'avg_players': 243.29925187032418, 'avg_cpu_usage': 50.895261845386536, 'avg_player_ping': 126.97755610972568, 'last_updated': '2026-02-11T02:41:24Z'}
2026-02-10 18:43:37,449 - basicLogger - INFO - Periodic processing has ended
2026-02-10 18:43:42,405 - basicLogger - INFO - Periodic processing has started
2026-02-10 18:43:42,430 - basicLogger - INFO - Events received: server_health=0 player_telemetry=0 (window 2026-02-11T02:41:24.000001Z -> 2026-02-11T02:43:42Z)
2026-02-10 18:43:42,437 - basicLogger - DEBUG - Updated stats values: {'num_server_health_readings': 802, 'num_player_telemetry_events': 802, 'max_players': 500, 'min_players': 1, 'avg_players': 243.29925187032418, 'avg_cpu_usage': 50.895261845386536, 'avg_player_ping': 126.97755610972568, 'last_updated': '2026-02-11T02:41:24Z'}
2026-02-10 18:43:42,437 - basicLogger - INFO - Periodic processing has ended
2026-02-10 18:43:47,404 - basicLogger - INFO - Periodic processing has started
2026-02-10 18:43:47,433 - basicLogger - INFO - Events received: server_health=0 player_telemetry=0 (window 2026-02-11T02:41:24.000001Z -> 2026-02-11T02:43:47Z)
2026-02-10 18:43:47,440 - basicLogger - DEBUG - Updated stats values: {'num_server_health_readings': 802, 'num_player_telemetry_events': 802, 'max_players': 500, 'min_players': 1, 'avg_players': 243.29925187032418, 'avg_cpu_usage': 50.895261845386536, 'avg_player_ping': 126.97755610972568, 'last_updated': '2026-02-11T02:41:24Z'}
2026-02-10 18:43:47,440 - basicLogger - INFO - Periodic processing has ended
2026-02-10 18:43:52,404 - basicLogger - INFO - Periodic processing has started
2026-02-10 18:43:52,442 - basicLogger - INFO - Events received: server_health=0 player_telemetry=0 (window 2026-02-11T02:41:24.000001Z -> 2026-02-11T02:43:52Z)
2026-02-10 18:43:52,449 - basicLogger - DEBUG - Updated stats values: {'num_server_health_readings': 802, 'num_player_telemetry_events': 802, 'max_players': 500, 'min_players': 1, 'avg_players': 243.29925187032418, 'avg_cpu_usage': 50.895261845386536, 'avg_player_ping': 126.97755610972568, 'last_updated': '2026-02-11T02:41:24Z'}
2026-02-10 18:43:52,450 - basicLogger - INFO - Periodic processing has ended
2026-02-10 18:43:57,403 - basicLogger - INFO - Periodic processing has started
2026-02-10 18:43:57,435 - basicLogger - INFO - Events received: server_health=0 player_telemetry=0 (window 2026-02-11T02:41:24.000001Z -> 2026-02-11T02:43:57Z)
2026-02-10 18:43:57,438 - basicLogger - DEBUG - Updated stats values: {'num_server_health_readings': 802, 'num_player_telemetry_events': 802, 'max_players': 500, 'min_players': 1, 'avg_players': 243.29925187032418, 'avg_cpu_usage': 50.895261845386536, 'avg_player_ping': 126.97755610972568, 'last_updated': '2026-02-11T02:41:24Z'}
2026-02-10 18:43:57,439 - basicLogger - INFO - Periodic processing has ended
2026-02-10 18:44:02,403 - basicLogger - INFO - Periodic processing has started
2026-02-10 18:44:02,450 - basicLogger - INFO - Events received: server_health=0 player_telemetry=0 (window 2026-02-11T02:41:24.000001Z -> 2026-02-11T02:44:02Z)
2026-02-10 18:44:02,453 - basicLogger - DEBUG - Updated stats values: {'num_server_health_readings': 802, 'num_player_telemetry_events': 802, 'max_players': 500, 'min_players': 1, 'avg_players': 243.29925187032418, 'avg_cpu_usage': 50.895261845386536, 'avg_player_ping': 126.97755610972568, 'last_updated': '2026-02-11T02:41:24Z'}
2026-02-10 18:44:02,453 - basicLogger - INFO - Periodic processing has ended
2026-02-10 18:44:07,404 - basicLogger - INFO - Periodic processing has started
2026-02-10 18:44:07,436 - basicLogger - INFO - Events received: server_health=0 player_telemetry=0 (window 2026-02-11T02:41:24.000001Z -> 2026-02-11T02:44:07Z)
2026-02-10 18:44:07,443 - basicLogger - DEBUG - Updated stats values: {'num_server_health_readings': 802, 'num_player_telemetry_events': 802, 'max_players': 500, 'min_players': 1, 'avg_players': 243.29925187032418, 'avg_cpu_usage': 50.895261845386536, 'avg_player_ping': 126.97755610972568, 'last_updated': '2026-02-11T02:41:24Z'}
2026-02-10 18:44:07,443 - basicLogger - INFO - Periodic processing has ended
2026-02-10 18:44:12,404 - basicLogger - INFO - Periodic processing has started
2026-02-10 18:44:12,452 - basicLogger - INFO - Events received: server_health=0 player_telemetry=0 (window 2026-02-11T02:41:24.000001Z -> 2026-02-11T02:44:12Z)
2026-02-10 18:44:12,455 - basicLogger - DEBUG - Updated stats values: {'num_server_health_readings': 802, 'num_player_telemetry_events': 802, 'max_players': 500, 'min_players': 1, 'avg_players': 243.29925187032418, 'avg_cpu_usage': 50.895261845386536, 'avg_player_ping': 126.97755610972568, 'last_updated': '2026-02-11T02:41:24Z'}
2026-02-10 18:44:12,455 - basicLogger - INFO - Periodic processing has ended
2026-02-10 18:44:17,405 - basicLogger - INFO - Periodic processing has started
2026-02-10 18:44:17,433 - basicLogger - INFO - Events received: server_health=0 player_telemetry=0 (window 2026-02-11T02:41:24.000001Z -> 2026-02-11T02:44:17Z)
2026-02-10 18:44:17,439 - basicLogger - DEBUG - Updated stats values: {'num_server_health_readings': 802, 'num_player_telemetry_events': 802, 'max_players': 500, 'min_players': 1, 'avg_players': 243.29925187032418, 'avg_cpu_usage': 50.895261845386536, 'avg_player_ping': 126.97755610972568, 'last_updated': '2026-02-11T02:41:24Z'}
2026-02-10 18:44:17,439 - basicLogger - INFO - Periodic processing has ended
2026-02-10 18:44:22,403 - basicLogger - INFO - Periodic processing has started
2026-02-10 18:44:22,417 - basicLogger - INFO - Events received: server_health=0 player_telemetry=0 (window 2026-02-11T02:41:24.000001Z -> 2026-02-11T02:44:22Z)
2026-02-10 18:44:22,424 - basicLogger - DEBUG - Updated stats values: {'num_server_health_readings': 802, 'num_player_telemetry_events': 802, 'max_players': 500, 'min_players': 1, 'avg_players': 243.29925187032418, 'avg_cpu_usage': 50.895261845386536, 'avg_player_ping': 126.97755610972568, 'last_updated': '2026-02-11T02:41:24Z'}
2026-02-10 18:44:22,424 - basicLogger - INFO - Periodic processing has ended
2026-02-10 18:44:27,404 - basicLogger - INFO - Periodic processing has started
2026-02-10 18:44:27,433 - basicLogger - INFO - Events received: server_health=0 player_telemetry=0 (window 2026-02-11T02:41:24.000001Z -> 2026-02-11T02:44:27Z)
2026-02-10 18:44:27,440 - basicLogger - DEBUG - Updated stats values: {'num_server_health_readings': 802, 'num_player_telemetry_events': 802, 'max_players': 500, 'min_players': 1, 'avg_players': 243.29925187032418, 'avg_cpu_usage': 50.895261845386536, 'avg_player_ping': 126.97755610972568, 'last_updated': '2026-02-11T02:41:24Z'}
2026-02-10 18:44:27,440 - basicLogger - INFO - Periodic processing has ended
2026-02-10 18:44:32,404 - basicLogger - INFO - Periodic processing has started
2026-02-10 18:44:32,445 - basicLogger - INFO - Events received: server_health=0 player_telemetry=0 (window 2026-02-11T02:41:24.000001Z -> 2026-02-11T02:44:32Z)
2026-02-10 18:44:32,452 - basicLogger - DEBUG - Updated stats values: {'num_server_health_readings': 802, 'num_player_telemetry_events': 802, 'max_players': 500, 'min_players': 1, 'avg_players': 243.29925187032418, 'avg_cpu_usage': 50.895261845386536, 'avg_player_ping': 126.97755610972568, 'last_updated': '2026-02-11T02:41:24Z'}
2026-02-10 18:44:32,453 - basicLogger - INFO - Periodic processing has ended
2026-02-10 18:44:37,403 - basicLogger - INFO - Periodic processing has started
2026-02-10 18:44:37,418 - basicLogger - INFO - Events received: server_health=0 player_telemetry=0 (window 2026-02-11T02:41:24.000001Z -> 2026-02-11T02:44:37Z)
2026-02-10 18:44:37,425 - basicLogger - DEBUG - Updated stats values: {'num_server_health_readings': 802, 'num_player_telemetry_events': 802, 'max_players': 500, 'min_players': 1, 'avg_players': 243.29925187032418, 'avg_cpu_usage': 50.895261845386536, 'avg_player_ping': 126.97755610972568, 'last_updated': '2026-02-11T02:41:24Z'}
2026-02-10 18:44:37,425 - basicLogger - INFO - Periodic processing has ended
2026-02-10 18:44:42,404 - basicLogger - INFO - Periodic processing has started
2026-02-10 18:44:42,441 - basicLogger - INFO - Events received: server_health=0 player_telemetry=0 (window 2026-02-11T02:41:24.000001Z -> 2026-02-11T02:44:42Z)
2026-02-10 18:44:42,449 - basicLogger - DEBUG - Updated stats values: {'num_server_health_readings': 802, 'num_player_telemetry_events': 802, 'max_players': 500, 'min_players': 1, 'avg_players': 243.29925187032418, 'avg_cpu_usage': 50.895261845386536, 'avg_player_ping': 126.97755610972568, 'last_updated': '2026-02-11T02:41:24Z'}
2026-02-10 18:44:42,449 - basicLogger - INFO - Periodic processing has ended
2026-02-10 18:44:47,403 - basicLogger - INFO - Periodic processing has started
2026-02-10 18:44:47,418 - basicLogger - INFO - Events received: server_health=0 player_telemetry=0 (window 2026-02-11T02:41:24.000001Z -> 2026-02-11T02:44:47Z)
2026-02-10 18:44:47,424 - basicLogger - DEBUG - Updated stats values: {'num_server_health_readings': 802, 'num_player_telemetry_events': 802, 'max_players': 500, 'min_players': 1, 'avg_players': 243.29925187032418, 'avg_cpu_usage': 50.895261845386536, 'avg_player_ping': 126.97755610972568, 'last_updated': '2026-02-11T02:41:24Z'}
2026-02-10 18:44:47,425 - basicLogger - INFO - Periodic processing has ended
2026-02-10 18:44:52,402 - basicLogger - INFO - Periodic processing has started
2026-02-10 18:44:52,416 - basicLogger - INFO - Events received: server_health=0 player_telemetry=0 (window 2026-02-11T02:41:24.000001Z -> 2026-02-11T02:44:52Z)
2026-02-10 18:44:52,422 - basicLogger - DEBUG - Updated stats values: {'num_server_health_readings': 802, 'num_player_telemetry_events': 802, 'max_players': 500, 'min_players': 1, 'avg_players': 243.29925187032418, 'avg_cpu_usage': 50.895261845386536, 'avg_player_ping': 126.97755610972568, 'last_updated': '2026-02-11T02:41:24Z'}
2026-02-10 18:44:52,422 - basicLogger - INFO - Periodic processing has ended
2026-02-10 18:44:57,404 - basicLogger - INFO - Periodic processing has started
2026-02-10 18:44:57,441 - basicLogger - INFO - Events received: server_health=0 player_telemetry=0 (window 2026-02-11T02:41:24.000001Z -> 2026-02-11T02:44:57Z)
2026-02-10 18:44:57,448 - basicLogger - DEBUG - Updated stats values: {'num_server_health_readings': 802, 'num_player_telemetry_events': 802, 'max_players': 500, 'min_players': 1, 'avg_players': 243.29925187032418, 'avg_cpu_usage': 50.895261845386536, 'avg_player_ping': 126.97755610972568, 'last_updated': '2026-02-11T02:41:24Z'}
2026-02-10 18:44:57,448 - basicLogger - INFO - Periodic processing has ended
2026-02-10 18:45:02,404 - basicLogger - INFO - Periodic processing has started
2026-02-10 18:45:02,456 - basicLogger - INFO - Events received: server_health=0 player_telemetry=0 (window 2026-02-11T02:41:24.000001Z -> 2026-02-11T02:45:02Z)
2026-02-10 18:45:02,464 - basicLogger - DEBUG - Updated stats values: {'num_server_health_readings': 802, 'num_player_telemetry_events': 802, 'max_players': 500, 'min_players': 1, 'avg_players': 243.29925187032418, 'avg_cpu_usage': 50.895261845386536, 'avg_player_ping': 126.97755610972568, 'last_updated': '2026-02-11T02:41:24Z'}
2026-02-10 18:45:02,465 - basicLogger - INFO - Periodic processing has ended
2026-02-10 18:45:07,404 - basicLogger - INFO - Periodic processing has started
2026-02-10 18:45:07,446 - basicLogger - INFO - Events received: server_health=0 player_telemetry=0 (window 2026-02-11T02:41:24.000001Z -> 2026-02-11T02:45:07Z)
2026-02-10 18:45:07,454 - basicLogger - DEBUG - Updated stats values: {'num_server_health_readings': 802, 'num_player_telemetry_events': 802, 'max_players': 500, 'min_players': 1, 'avg_players': 243.29925187032418, 'avg_cpu_usage': 50.895261845386536, 'avg_player_ping': 126.97755610972568, 'last_updated': '2026-02-11T02:41:24Z'}
2026-02-10 18:45:07,454 - basicLogger - INFO - Periodic processing has ended
2026-02-10 18:45:12,404 - basicLogger - INFO - Periodic processing has started
2026-02-10 18:45:12,434 - basicLogger - INFO - Events received: server_health=0 player_telemetry=0 (window 2026-02-11T02:41:24.000001Z -> 2026-02-11T02:45:12Z)
2026-02-10 18:45:12,441 - basicLogger - DEBUG - Updated stats values: {'num_server_health_readings': 802, 'num_player_telemetry_events': 802, 'max_players': 500, 'min_players': 1, 'avg_players': 243.29925187032418, 'avg_cpu_usage': 50.895261845386536, 'avg_player_ping': 126.97755610972568, 'last_updated': '2026-02-11T02:41:24Z'}
2026-02-10 18:45:12,441 - basicLogger - INFO - Periodic processing has ended
2026-02-10 18:45:17,404 - basicLogger - INFO - Periodic processing has started
2026-02-10 18:45:17,455 - basicLogger - INFO - Events received: server_health=0 player_telemetry=0 (window 2026-02-11T02:41:24.000001Z -> 2026-02-11T02:45:17Z)
2026-02-10 18:45:17,458 - basicLogger - DEBUG - Updated stats values: {'num_server_health_readings': 802, 'num_player_telemetry_events': 802, 'max_players': 500, 'min_players': 1, 'avg_players': 243.29925187032418, 'avg_cpu_usage': 50.895261845386536, 'avg_player_ping': 126.97755610972568, 'last_updated': '2026-02-11T02:41:24Z'}
2026-02-10 18:45:17,459 - basicLogger - INFO - Periodic processing has ended
2026-02-10 18:45:22,403 - basicLogger - INFO - Periodic processing has started
2026-02-10 18:45:22,445 - basicLogger - INFO - Events received: server_health=0 player_telemetry=0 (window 2026-02-11T02:41:24.000001Z -> 2026-02-11T02:45:22Z)
2026-02-10 18:45:22,453 - basicLogger - DEBUG - Updated stats values: {'num_server_health_readings': 802, 'num_player_telemetry_events': 802, 'max_players': 500, 'min_players': 1, 'avg_players': 243.29925187032418, 'avg_cpu_usage': 50.895261845386536, 'avg_player_ping': 126.97755610972568, 'last_updated': '2026-02-11T02:41:24Z'}
2026-02-10 18:45:22,453 - basicLogger - INFO - Periodic processing has ended
2026-02-10 18:45:27,404 - basicLogger - INFO - Periodic processing has started
2026-02-10 18:45:27,453 - basicLogger - INFO - Events received: server_health=0 player_telemetry=0 (window 2026-02-11T02:41:24.000001Z -> 2026-02-11T02:45:27Z)
2026-02-10 18:45:27,461 - basicLogger - DEBUG - Updated stats values: {'num_server_health_readings': 802, 'num_player_telemetry_events': 802, 'max_players': 500, 'min_players': 1, 'avg_players': 243.29925187032418, 'avg_cpu_usage': 50.895261845386536, 'avg_player_ping': 126.97755610972568, 'last_updated': '2026-02-11T02:41:24Z'}
2026-02-10 18:45:27,462 - basicLogger - INFO - Periodic processing has ended
2026-02-10 18:45:32,404 - basicLogger - INFO - Periodic processing has started
2026-02-10 18:45:32,452 - basicLogger - INFO - Events received: server_health=0 player_telemetry=0 (window 2026-02-11T02:41:24.000001Z -> 2026-02-11T02:45:32Z)
2026-02-10 18:45:32,456 - basicLogger - DEBUG - Updated stats values: {'num_server_health_readings': 802, 'num_player_telemetry_events': 802, 'max_players': 500, 'min_players': 1, 'avg_players': 243.29925187032418, 'avg_cpu_usage': 50.895261845386536, 'avg_player_ping': 126.97755610972568, 'last_updated': '2026-02-11T02:41:24Z'}
2026-02-10 18:45:32,456 - basicLogger - INFO - Periodic processing has ended
2026-02-10 18:45:37,404 - basicLogger - INFO - Periodic processing has started
2026-02-10 18:45:37,484 - basicLogger - INFO - Events received: server_health=0 player_telemetry=0 (window 2026-02-11T02:41:24.000001Z -> 2026-02-11T02:45:37Z)
2026-02-10 18:45:37,491 - basicLogger - DEBUG - Updated stats values: {'num_server_health_readings': 802, 'num_player_telemetry_events': 802, 'max_players': 500, 'min_players': 1, 'avg_players': 243.29925187032418, 'avg_cpu_usage': 50.895261845386536, 'avg_player_ping': 126.97755610972568, 'last_updated': '2026-02-11T02:41:24Z'}
2026-02-10 18:45:37,491 - basicLogger - INFO - Periodic processing has ended
2026-02-10 18:45:42,404 - basicLogger - INFO - Periodic processing has started
2026-02-10 18:45:42,440 - basicLogger - INFO - Events received: server_health=0 player_telemetry=0 (window 2026-02-11T02:41:24.000001Z -> 2026-02-11T02:45:42Z)
2026-02-10 18:45:42,446 - basicLogger - DEBUG - Updated stats values: {'num_server_health_readings': 802, 'num_player_telemetry_events': 802, 'max_players': 500, 'min_players': 1, 'avg_players': 243.29925187032418, 'avg_cpu_usage': 50.895261845386536, 'avg_player_ping': 126.97755610972568, 'last_updated': '2026-02-11T02:41:24Z'}
2026-02-10 18:45:42,446 - basicLogger - INFO - Periodic processing has ended
2026-02-10 18:45:47,404 - basicLogger - INFO - Periodic processing has started
2026-02-10 18:45:47,443 - basicLogger - INFO - Events received: server_health=0 player_telemetry=0 (window 2026-02-11T02:41:24.000001Z -> 2026-02-11T02:45:47Z)
2026-02-10 18:45:47,450 - basicLogger - DEBUG - Updated stats values: {'num_server_health_readings': 802, 'num_player_telemetry_events': 802, 'max_players': 500, 'min_players': 1, 'avg_players': 243.29925187032418, 'avg_cpu_usage': 50.895261845386536, 'avg_player_ping': 126.97755610972568, 'last_updated': '2026-02-11T02:41:24Z'}
2026-02-10 18:45:47,451 - basicLogger - INFO - Periodic processing has ended
2026-02-10 18:45:52,404 - basicLogger - INFO - Periodic processing has started
2026-02-10 18:45:52,455 - basicLogger - INFO - Events received: server_health=0 player_telemetry=0 (window 2026-02-11T02:41:24.000001Z -> 2026-02-11T02:45:52Z)
2026-02-10 18:45:52,462 - basicLogger - DEBUG - Updated stats values: {'num_server_health_readings': 802, 'num_player_telemetry_events': 802, 'max_players': 500, 'min_players': 1, 'avg_players': 243.29925187032418, 'avg_cpu_usage': 50.895261845386536, 'avg_player_ping': 126.97755610972568, 'last_updated': '2026-02-11T02:41:24Z'}
2026-02-10 18:45:52,462 - basicLogger - INFO - Periodic processing has ended
2026-02-10 18:45:57,403 - basicLogger - INFO - Periodic processing has started
2026-02-10 18:45:57,418 - basicLogger - INFO - Events received: server_health=0 player_telemetry=0 (window 2026-02-11T02:41:24.000001Z -> 2026-02-11T02:45:57Z)
2026-02-10 18:45:57,420 - basicLogger - DEBUG - Updated stats values: {'num_server_health_readings': 802, 'num_player_telemetry_events': 802, 'max_players': 500, 'min_players': 1, 'avg_players': 243.29925187032418, 'avg_cpu_usage': 50.895261845386536, 'avg_player_ping': 126.97755610972568, 'last_updated': '2026-02-11T02:41:24Z'}
2026-02-10 18:45:57,420 - basicLogger - INFO - Periodic processing has ended
2026-02-10 18:46:02,403 - basicLogger - INFO - Periodic processing has started
2026-02-10 18:46:02,437 - basicLogger - INFO - Events received: server_health=0 player_telemetry=0 (window 2026-02-11T02:41:24.000001Z -> 2026-02-11T02:46:02Z)
2026-02-10 18:46:02,442 - basicLogger - DEBUG - Updated stats values: {'num_server_health_readings': 802, 'num_player_telemetry_events': 802, 'max_players': 500, 'min_players': 1, 'avg_players': 243.29925187032418, 'avg_cpu_usage': 50.895261845386536, 'avg_player_ping': 126.97755610972568, 'last_updated': '2026-02-11T02:41:24Z'}
2026-02-10 18:46:02,443 - basicLogger - INFO - Periodic processing has ended
2026-02-10 18:46:07,404 - basicLogger - INFO - Periodic processing has started
2026-02-10 18:46:07,449 - basicLogger - INFO - Events received: server_health=0 player_telemetry=0 (window 2026-02-11T02:41:24.000001Z -> 2026-02-11T02:46:07Z)
2026-02-10 18:46:07,452 - basicLogger - DEBUG - Updated stats values: {'num_server_health_readings': 802, 'num_player_telemetry_events': 802, 'max_players': 500, 'min_players': 1, 'avg_players': 243.29925187032418, 'avg_cpu_usage': 50.895261845386536, 'avg_player_ping': 126.97755610972568, 'last_updated': '2026-02-11T02:41:24Z'}
2026-02-10 18:46:07,453 - basicLogger - INFO - Periodic processing has ended
2026-02-10 18:46:12,404 - basicLogger - INFO - Periodic processing has started
2026-02-10 18:46:12,456 - basicLogger - INFO - Events received: server_health=0 player_telemetry=0 (window 2026-02-11T02:41:24.000001Z -> 2026-02-11T02:46:12Z)
2026-02-10 18:46:12,464 - basicLogger - DEBUG - Updated stats values: {'num_server_health_readings': 802, 'num_player_telemetry_events': 802, 'max_players': 500, 'min_players': 1, 'avg_players': 243.29925187032418, 'avg_cpu_usage': 50.895261845386536, 'avg_player_ping': 126.97755610972568, 'last_updated': '2026-02-11T02:41:24Z'}
2026-02-10 18:46:12,464 - basicLogger - INFO - Periodic processing has ended
2026-02-10 18:46:17,405 - basicLogger - INFO - Periodic processing has started
2026-02-10 18:46:17,435 - basicLogger - INFO - Events received: server_health=0 player_telemetry=0 (window 2026-02-11T02:41:24.000001Z -> 2026-02-11T02:46:17Z)
2026-02-10 18:46:17,442 - basicLogger - DEBUG - Updated stats values: {'num_server_health_readings': 802, 'num_player_telemetry_events': 802, 'max_players': 500, 'min_players': 1, 'avg_players': 243.29925187032418, 'avg_cpu_usage': 50.895261845386536, 'avg_player_ping': 126.97755610972568, 'last_updated': '2026-02-11T02:41:24Z'}
2026-02-10 18:46:17,442 - basicLogger - INFO - Periodic processing has ended
2026-02-10 18:46:22,404 - basicLogger - INFO - Periodic processing has started
2026-02-10 18:46:22,453 - basicLogger - INFO - Events received: server_health=0 player_telemetry=0 (window 2026-02-11T02:41:24.000001Z -> 2026-02-11T02:46:22Z)
2026-02-10 18:46:22,460 - basicLogger - DEBUG - Updated stats values: {'num_server_health_readings': 802, 'num_player_telemetry_events': 802, 'max_players': 500, 'min_players': 1, 'avg_players': 243.29925187032418, 'avg_cpu_usage': 50.895261845386536, 'avg_player_ping': 126.97755610972568, 'last_updated': '2026-02-11T02:41:24Z'}
2026-02-10 18:46:22,460 - basicLogger - INFO - Periodic processing has ended
2026-02-10 18:46:27,404 - basicLogger - INFO - Periodic processing has started
2026-02-10 18:46:27,456 - basicLogger - INFO - Events received: server_health=0 player_telemetry=0 (window 2026-02-11T02:41:24.000001Z -> 2026-02-11T02:46:27Z)
2026-02-10 18:46:27,464 - basicLogger - DEBUG - Updated stats values: {'num_server_health_readings': 802, 'num_player_telemetry_events': 802, 'max_players': 500, 'min_players': 1, 'avg_players': 243.29925187032418, 'avg_cpu_usage': 50.895261845386536, 'avg_player_ping': 126.97755610972568, 'last_updated': '2026-02-11T02:41:24Z'}
2026-02-10 18:46:27,464 - basicLogger - INFO - Periodic processing has ended
2026-02-10 18:46:32,403 - basicLogger - INFO - Periodic processing has started
2026-02-10 18:46:32,418 - basicLogger - INFO - Events received: server_health=0 player_telemetry=0 (window 2026-02-11T02:41:24.000001Z -> 2026-02-11T02:46:32Z)
2026-02-10 18:46:32,425 - basicLogger - DEBUG - Updated stats values: {'num_server_health_readings': 802, 'num_player_telemetry_events': 802, 'max_players': 500, 'min_players': 1, 'avg_players': 243.29925187032418, 'avg_cpu_usage': 50.895261845386536, 'avg_player_ping': 126.97755610972568, 'last_updated': '2026-02-11T02:41:24Z'}
2026-02-10 18:46:32,425 - basicLogger - INFO - Periodic processing has ended
2026-02-10 18:46:37,404 - basicLogger - INFO - Periodic processing has started
2026-02-10 18:46:37,454 - basicLogger - INFO - Events received: server_health=0 player_telemetry=0 (window 2026-02-11T02:41:24.000001Z -> 2026-02-11T02:46:37Z)
2026-02-10 18:46:37,463 - basicLogger - DEBUG - Updated stats values: {'num_server_health_readings': 802, 'num_player_telemetry_events': 802, 'max_players': 500, 'min_players': 1, 'avg_players': 243.29925187032418, 'avg_cpu_usage': 50.895261845386536, 'avg_player_ping': 126.97755610972568, 'last_updated': '2026-02-11T02:41:24Z'}
2026-02-10 18:46:37,463 - basicLogger - INFO - Periodic processing has ended
2026-02-10 18:46:42,404 - basicLogger - INFO - Periodic processing has started
2026-02-10 18:46:42,424 - basicLogger - INFO - Events received: server_health=0 player_telemetry=0 (window 2026-02-11T02:41:24.000001Z -> 2026-02-11T02:46:42Z)
2026-02-10 18:46:42,431 - basicLogger - DEBUG - Updated stats values: {'num_server_health_readings': 802, 'num_player_telemetry_events': 802, 'max_players': 500, 'min_players': 1, 'avg_players': 243.29925187032418, 'avg_cpu_usage': 50.895261845386536, 'avg_player_ping': 126.97755610972568, 'last_updated': '2026-02-11T02:41:24Z'}
2026-02-10 18:46:42,431 - basicLogger - INFO - Periodic processing has ended
2026-02-10 18:46:47,405 - basicLogger - INFO - Periodic processing has started
2026-02-10 18:46:47,457 - basicLogger - INFO - Events received: server_health=0 player_telemetry=0 (window 2026-02-11T02:41:24.000001Z -> 2026-02-11T02:46:47Z)
2026-02-10 18:46:47,465 - basicLogger - DEBUG - Updated stats values: {'num_server_health_readings': 802, 'num_player_telemetry_events': 802, 'max_players': 500, 'min_players': 1, 'avg_players': 243.29925187032418, 'avg_cpu_usage': 50.895261845386536, 'avg_player_ping': 126.97755610972568, 'last_updated': '2026-02-11T02:41:24Z'}
2026-02-10 18:46:47,465 - basicLogger - INFO - Periodic processing has ended
2026-02-10 18:46:52,404 - basicLogger - INFO - Periodic processing has started
2026-02-10 18:46:52,452 - basicLogger - INFO - Events received: server_health=0 player_telemetry=0 (window 2026-02-11T02:41:24.000001Z -> 2026-02-11T02:46:52Z)
2026-02-10 18:46:52,460 - basicLogger - DEBUG - Updated stats values: {'num_server_health_readings': 802, 'num_player_telemetry_events': 802, 'max_players': 500, 'min_players': 1, 'avg_players': 243.29925187032418, 'avg_cpu_usage': 50.895261845386536, 'avg_player_ping': 126.97755610972568, 'last_updated': '2026-02-11T02:41:24Z'}
2026-02-10 18:46:52,460 - basicLogger - INFO - Periodic processing has ended
2026-02-10 18:46:57,404 - basicLogger - INFO - Periodic processing has started
2026-02-10 18:46:57,446 - basicLogger - INFO - Events received: server_health=0 player_telemetry=0 (window 2026-02-11T02:41:24.000001Z -> 2026-02-11T02:46:57Z)
2026-02-10 18:46:57,454 - basicLogger - DEBUG - Updated stats values: {'num_server_health_readings': 802, 'num_player_telemetry_events': 802, 'max_players': 500, 'min_players': 1, 'avg_players': 243.29925187032418, 'avg_cpu_usage': 50.895261845386536, 'avg_player_ping': 126.97755610972568, 'last_updated': '2026-02-11T02:41:24Z'}
2026-02-10 18:46:57,454 - basicLogger - INFO - Periodic processing has ended
2026-02-10 18:47:02,404 - basicLogger - INFO - Periodic processing has started
2026-02-10 18:47:02,450 - basicLogger - INFO - Events received: server_health=0 player_telemetry=0 (window 2026-02-11T02:41:24.000001Z -> 2026-02-11T02:47:02Z)
2026-02-10 18:47:02,457 - basicLogger - DEBUG - Updated stats values: {'num_server_health_readings': 802, 'num_player_telemetry_events': 802, 'max_players': 500, 'min_players': 1, 'avg_players': 243.29925187032418, 'avg_cpu_usage': 50.895261845386536, 'avg_player_ping': 126.97755610972568, 'last_updated': '2026-02-11T02:41:24Z'}
2026-02-10 18:47:02,458 - basicLogger - INFO - Periodic processing has ended
2026-02-10 18:47:07,404 - basicLogger - INFO - Periodic processing has started
2026-02-10 18:47:07,448 - basicLogger - INFO - Events received: server_health=0 player_telemetry=0 (window 2026-02-11T02:41:24.000001Z -> 2026-02-11T02:47:07Z)
2026-02-10 18:47:07,456 - basicLogger - DEBUG - Updated stats values: {'num_server_health_readings': 802, 'num_player_telemetry_events': 802, 'max_players': 500, 'min_players': 1, 'avg_players': 243.29925187032418, 'avg_cpu_usage': 50.895261845386536, 'avg_player_ping': 126.97755610972568, 'last_updated': '2026-02-11T02:41:24Z'}
2026-02-10 18:47:07,456 - basicLogger - INFO - Periodic processing has ended
2026-02-10 18:47:12,404 - basicLogger - INFO - Periodic processing has started
2026-02-10 18:47:12,459 - basicLogger - INFO - Events received: server_health=0 player_telemetry=0 (window 2026-02-11T02:41:24.000001Z -> 2026-02-11T02:47:12Z)
2026-02-10 18:47:12,467 - basicLogger - DEBUG - Updated stats values: {'num_server_health_readings': 802, 'num_player_telemetry_events': 802, 'max_players': 500, 'min_players': 1, 'avg_players': 243.29925187032418, 'avg_cpu_usage': 50.895261845386536, 'avg_player_ping': 126.97755610972568, 'last_updated': '2026-02-11T02:41:24Z'}
2026-02-10 18:47:12,467 - basicLogger - INFO - Periodic processing has ended
2026-02-10 18:47:17,404 - basicLogger - INFO - Periodic processing has started
2026-02-10 18:47:17,429 - basicLogger - INFO - Events received: server_health=0 player_telemetry=0 (window 2026-02-11T02:41:24.000001Z -> 2026-02-11T02:47:17Z)
2026-02-10 18:47:17,436 - basicLogger - DEBUG - Updated stats values: {'num_server_health_readings': 802, 'num_player_telemetry_events': 802, 'max_players': 500, 'min_players': 1, 'avg_players': 243.29925187032418, 'avg_cpu_usage': 50.895261845386536, 'avg_player_ping': 126.97755610972568, 'last_updated': '2026-02-11T02:41:24Z'}
2026-02-10 18:47:17,436 - basicLogger - INFO - Periodic processing has ended
2026-02-10 18:47:22,403 - basicLogger - INFO - Periodic processing has started
2026-02-10 18:47:22,422 - basicLogger - INFO - Events received: server_health=0 player_telemetry=0 (window 2026-02-11T02:41:24.000001Z -> 2026-02-11T02:47:22Z)
2026-02-10 18:47:22,429 - basicLogger - DEBUG - Updated stats values: {'num_server_health_readings': 802, 'num_player_telemetry_events': 802, 'max_players': 500, 'min_players': 1, 'avg_players': 243.29925187032418, 'avg_cpu_usage': 50.895261845386536, 'avg_player_ping': 126.97755610972568, 'last_updated': '2026-02-11T02:41:24Z'}
2026-02-10 18:47:22,429 - basicLogger - INFO - Periodic processing has ended
2026-02-10 18:47:27,402 - basicLogger - INFO - Periodic processing has started
2026-02-10 18:47:27,416 - basicLogger - INFO - Events received: server_health=0 player_telemetry=0 (window 2026-02-11T02:41:24.000001Z -> 2026-02-11T02:47:27Z)
2026-02-10 18:47:27,422 - basicLogger - DEBUG - Updated stats values: {'num_server_health_readings': 802, 'num_player_telemetry_events': 802, 'max_players': 500, 'min_players': 1, 'avg_players': 243.29925187032418, 'avg_cpu_usage': 50.895261845386536, 'avg_player_ping': 126.97755610972568, 'last_updated': '2026-02-11T02:41:24Z'}
2026-02-10 18:47:27,422 - basicLogger - INFO - Periodic processing has ended
2026-02-10 18:47:32,402 - basicLogger - INFO - Periodic processing has started
2026-02-10 18:47:32,418 - basicLogger - INFO - Events received: server_health=0 player_telemetry=0 (window 2026-02-11T02:41:24.000001Z -> 2026-02-11T02:47:32Z)
2026-02-10 18:47:32,429 - basicLogger - DEBUG - Updated stats values: {'num_server_health_readings': 802, 'num_player_telemetry_events': 802, 'max_players': 500, 'min_players': 1, 'avg_players': 243.29925187032418, 'avg_cpu_usage': 50.895261845386536, 'avg_player_ping': 126.97755610972568, 'last_updated': '2026-02-11T02:41:24Z'}
2026-02-10 18:47:32,429 - basicLogger - INFO - Periodic processing has ended
2026-02-10 18:47:37,402 - basicLogger - INFO - Periodic processing has started
2026-02-10 18:47:37,415 - basicLogger - INFO - Events received: server_health=0 player_telemetry=0 (window 2026-02-11T02:41:24.000001Z -> 2026-02-11T02:47:37Z)
2026-02-10 18:47:37,418 - basicLogger - DEBUG - Updated stats values: {'num_server_health_readings': 802, 'num_player_telemetry_events': 802, 'max_players': 500, 'min_players': 1, 'avg_players': 243.29925187032418, 'avg_cpu_usage': 50.895261845386536, 'avg_player_ping': 126.97755610972568, 'last_updated': '2026-02-11T02:41:24Z'}
2026-02-10 18:47:37,418 - basicLogger - INFO - Periodic processing has ended
2026-02-10 18:47:38,292 - basicLogger - INFO - GET /stats request received
2026-02-10 18:47:38,293 - basicLogger - DEBUG - Stats dict: {'num_server_health_readings': 802, 'num_player_telemetry_events': 802, 'max_players': 500, 'avg_players': 243.29925187032418, 'min_players': 1, 'avg_cpu_usage': 50.895261845386536, 'avg_player_ping': 126.97755610972568, 'last_updated': '2026-02-11T02:41:24Z'}
2026-02-10 18:47:38,293 - basicLogger - INFO - GET /stats request completed
2026-02-10 18:47:42,402 - basicLogger - INFO - Periodic processing has started
2026-02-10 18:47:42,416 - basicLogger - INFO - Events received: server_health=0 player_telemetry=0 (window 2026-02-11T02:41:24.000001Z -> 2026-02-11T02:47:42Z)
2026-02-10 18:47:42,423 - basicLogger - DEBUG - Updated stats values: {'num_server_health_readings': 802, 'num_player_telemetry_events': 802, 'max_players': 500, 'min_players': 1, 'avg_players': 243.29925187032418, 'avg_cpu_usage': 50.895261845386536, 'avg_player_ping': 126.97755610972568, 'last_updated': '2026-02-11T02:41:24Z'}
2026-02-10 18:47:42,423 - basicLogger - INFO - Periodic processing has ended
2026-02-10 18:47:47,402 - basicLogger - INFO - Periodic processing has started
2026-02-10 18:47:47,416 - basicLogger - INFO - Events received: server_health=0 player_telemetry=0 (window 2026-02-11T02:41:24.000001Z -> 2026-02-11T02:47:47Z)
2026-02-10 18:47:47,423 - basicLogger - DEBUG - Updated stats values: {'num_server_health_readings': 802, 'num_player_telemetry_events': 802, 'max_players': 500, 'min_players': 1, 'avg_players': 243.29925187032418, 'avg_cpu_usage': 50.895261845386536, 'avg_player_ping': 126.97755610972568, 'last_updated': '2026-02-11T02:41:24Z'}
2026-02-10 18:47:47,423 - basicLogger - INFO - Periodic processing has ended
2026-02-10 18:47:52,403 - basicLogger - INFO - Periodic processing has started
2026-02-10 18:47:52,417 - basicLogger - INFO - Events received: server_health=0 player_telemetry=0 (window 2026-02-11T02:41:24.000001Z -> 2026-02-11T02:47:52Z)
2026-02-10 18:47:52,423 - basicLogger - DEBUG - Updated stats values: {'num_server_health_readings': 802, 'num_player_telemetry_events': 802, 'max_players': 500, 'min_players': 1, 'avg_players': 243.29925187032418, 'avg_cpu_usage': 50.895261845386536, 'avg_player_ping': 126.97755610972568, 'last_updated': '2026-02-11T02:41:24Z'}
2026-02-10 18:47:52,423 - basicLogger - INFO - Periodic processing has ended
2026-02-10 18:47:57,404 - basicLogger - INFO - Periodic processing has started
2026-02-10 18:47:57,444 - basicLogger - INFO - Events received: server_health=0 player_telemetry=0 (window 2026-02-11T02:41:24.000001Z -> 2026-02-11T02:47:57Z)
2026-02-10 18:47:57,446 - basicLogger - DEBUG - Updated stats values: {'num_server_health_readings': 802, 'num_player_telemetry_events': 802, 'max_players': 500, 'min_players': 1, 'avg_players': 243.29925187032418, 'avg_cpu_usage': 50.895261845386536, 'avg_player_ping': 126.97755610972568, 'last_updated': '2026-02-11T02:41:24Z'}
2026-02-10 18:47:57,447 - basicLogger - INFO - Periodic processing has ended
2026-02-10 18:48:02,404 - basicLogger - INFO - Periodic processing has started
2026-02-10 18:48:02,427 - basicLogger - INFO - Events received: server_health=0 player_telemetry=0 (window 2026-02-11T02:41:24.000001Z -> 2026-02-11T02:48:02Z)
2026-02-10 18:48:02,434 - basicLogger - DEBUG - Updated stats values: {'num_server_health_readings': 802, 'num_player_telemetry_events': 802, 'max_players': 500, 'min_players': 1, 'avg_players': 243.29925187032418, 'avg_cpu_usage': 50.895261845386536, 'avg_player_ping': 126.97755610972568, 'last_updated': '2026-02-11T02:41:24Z'}
2026-02-10 18:48:02,434 - basicLogger - INFO - Periodic processing has ended
2026-02-10 18:48:07,403 - basicLogger - INFO - Periodic processing has started
2026-02-10 18:48:07,417 - basicLogger - INFO - Events received: server_health=0 player_telemetry=0 (window 2026-02-11T02:41:24.000001Z -> 2026-02-11T02:48:07Z)
2026-02-10 18:48:07,425 - basicLogger - DEBUG - Updated stats values: {'num_server_health_readings': 802, 'num_player_telemetry_events': 802, 'max_players': 500, 'min_players': 1, 'avg_players': 243.29925187032418, 'avg_cpu_usage': 50.895261845386536, 'avg_player_ping': 126.97755610972568, 'last_updated': '2026-02-11T02:41:24Z'}
2026-02-10 18:48:07,425 - basicLogger - INFO - Periodic processing has ended
2026-02-10 18:48:12,404 - basicLogger - INFO - Periodic processing has started
2026-02-10 18:48:12,450 - basicLogger - INFO - Events received: server_health=0 player_telemetry=0 (window 2026-02-11T02:41:24.000001Z -> 2026-02-11T02:48:12Z)
2026-02-10 18:48:12,453 - basicLogger - DEBUG - Updated stats values: {'num_server_health_readings': 802, 'num_player_telemetry_events': 802, 'max_players': 500, 'min_players': 1, 'avg_players': 243.29925187032418, 'avg_cpu_usage': 50.895261845386536, 'avg_player_ping': 126.97755610972568, 'last_updated': '2026-02-11T02:41:24Z'}
2026-02-10 18:48:12,453 - basicLogger - INFO - Periodic processing has ended
2026-02-10 18:48:17,405 - basicLogger - INFO - Periodic processing has started
2026-02-10 18:48:17,439 - basicLogger - INFO - Events received: server_health=0 player_telemetry=0 (window 2026-02-11T02:41:24.000001Z -> 2026-02-11T02:48:17Z)
2026-02-10 18:48:17,447 - basicLogger - DEBUG - Updated stats values: {'num_server_health_readings': 802, 'num_player_telemetry_events': 802, 'max_players': 500, 'min_players': 1, 'avg_players': 243.29925187032418, 'avg_cpu_usage': 50.895261845386536, 'avg_player_ping': 126.97755610972568, 'last_updated': '2026-02-11T02:41:24Z'}
2026-02-10 18:48:17,448 - basicLogger - INFO - Periodic processing has ended
2026-02-10 18:48:19,729 - basicLogger - INFO - GET /stats request received
2026-02-10 18:48:19,729 - basicLogger - DEBUG - Stats dict: {'num_server_health_readings': 802, 'num_player_telemetry_events': 802, 'max_players': 500, 'avg_players': 243.29925187032418, 'min_players': 1, 'avg_cpu_usage': 50.895261845386536, 'avg_player_ping': 126.97755610972568, 'last_updated': '2026-02-11T02:41:24Z'}
2026-02-10 18:48:19,730 - basicLogger - INFO - GET /stats request completed
2026-02-10 18:48:22,404 - basicLogger - INFO - Periodic processing has started
2026-02-10 18:48:22,445 - basicLogger - INFO - Events received: server_health=0 player_telemetry=0 (window 2026-02-11T02:41:24.000001Z -> 2026-02-11T02:48:22Z)
2026-02-10 18:48:22,453 - basicLogger - DEBUG - Updated stats values: {'num_server_health_readings': 802, 'num_player_telemetry_events': 802, 'max_players': 500, 'min_players': 1, 'avg_players': 243.29925187032418, 'avg_cpu_usage': 50.895261845386536, 'avg_player_ping': 126.97755610972568, 'last_updated': '2026-02-11T02:41:24Z'}
2026-02-10 18:48:22,453 - basicLogger - INFO - Periodic processing has ended
2026-02-10 18:48:27,403 - basicLogger - INFO - Periodic processing has started
2026-02-10 18:48:27,443 - basicLogger - INFO - Events received: server_health=0 player_telemetry=0 (window 2026-02-11T02:41:24.000001Z -> 2026-02-11T02:48:27Z)
2026-02-10 18:48:27,450 - basicLogger - DEBUG - Updated stats values: {'num_server_health_readings': 802, 'num_player_telemetry_events': 802, 'max_players': 500, 'min_players': 1, 'avg_players': 243.29925187032418, 'avg_cpu_usage': 50.895261845386536, 'avg_player_ping': 126.97755610972568, 'last_updated': '2026-02-11T02:41:24Z'}
2026-02-10 18:48:27,451 - basicLogger - INFO - Periodic processing has ended
2026-02-10 18:48:32,402 - basicLogger - INFO - Periodic processing has started
2026-02-10 18:48:32,488 - basicLogger - INFO - Events received: server_health=164 player_telemetry=159 (window 2026-02-11T02:41:24.000001Z -> 2026-02-11T02:48:32Z)
2026-02-10 18:48:32,490 - basicLogger - DEBUG - Updated stats values: {'num_server_health_readings': 966, 'num_player_telemetry_events': 961, 'max_players': 500, 'min_players': 1, 'avg_players': 243.1863354037267, 'avg_cpu_usage': 51.43064182194617, 'avg_player_ping': 128.78876170655568, 'last_updated': '2026-02-11T02:48:31Z'}
2026-02-10 18:48:32,491 - basicLogger - INFO - Periodic processing has ended
2026-02-10 18:48:36,988 - basicLogger - INFO - GET /stats request received
2026-02-10 18:48:36,989 - basicLogger - DEBUG - Stats dict: {'num_server_health_readings': 966, 'num_player_telemetry_events': 961, 'max_players': 500, 'avg_players': 243.1863354037267, 'min_players': 1, 'avg_cpu_usage': 51.43064182194617, 'avg_player_ping': 128.78876170655568, 'last_updated': '2026-02-11T02:48:31Z'}
2026-02-10 18:48:36,989 - basicLogger - INFO - GET /stats request completed
2026-02-10 18:48:37,403 - basicLogger - INFO - Periodic processing has started
2026-02-10 18:48:37,442 - basicLogger - INFO - Events received: server_health=36 player_telemetry=41 (window 2026-02-11T02:48:31.000001Z -> 2026-02-11T02:48:37Z)
2026-02-10 18:48:37,449 - basicLogger - DEBUG - Updated stats values: {'num_server_health_readings': 1002, 'num_player_telemetry_events': 1002, 'max_players': 500, 'min_players': 1, 'avg_players': 242.81636726546907, 'avg_cpu_usage': 51.557884231536924, 'avg_player_ping': 129.76047904191617, 'last_updated': '2026-02-11T02:48:32Z'}
2026-02-10 18:48:37,449 - basicLogger - INFO - Periodic processing has ended
2026-02-10 18:48:41,123 - basicLogger - INFO - GET /stats request received
2026-02-10 18:48:41,124 - basicLogger - DEBUG - Stats dict: {'num_server_health_readings': 1002, 'num_player_telemetry_events': 1002, 'max_players': 500, 'avg_players': 242.81636726546907, 'min_players': 1, 'avg_cpu_usage': 51.557884231536924, 'avg_player_ping': 129.76047904191617, 'last_updated': '2026-02-11T02:48:32Z'}
2026-02-10 18:48:41,124 - basicLogger - INFO - GET /stats request completed
2026-02-10 18:48:42,269 - basicLogger - INFO - GET /stats request received
2026-02-10 18:48:42,269 - basicLogger - DEBUG - Stats dict: {'num_server_health_readings': 1002, 'num_player_telemetry_events': 1002, 'max_players': 500, 'avg_players': 242.81636726546907, 'min_players': 1, 'avg_cpu_usage': 51.557884231536924, 'avg_player_ping': 129.76047904191617, 'last_updated': '2026-02-11T02:48:32Z'}
2026-02-10 18:48:42,269 - basicLogger - INFO - GET /stats request completed
2026-02-10 18:48:42,403 - basicLogger - INFO - Periodic processing has started
2026-02-10 18:48:42,417 - basicLogger - INFO - Events received: server_health=0 player_telemetry=0 (window 2026-02-11T02:48:32.000001Z -> 2026-02-11T02:48:42Z)
2026-02-10 18:48:42,424 - basicLogger - DEBUG - Updated stats values: {'num_server_health_readings': 1002, 'num_player_telemetry_events': 1002, 'max_players': 500, 'min_players': 1, 'avg_players': 242.81636726546907, 'avg_cpu_usage': 51.557884231536924, 'avg_player_ping': 129.76047904191617, 'last_updated': '2026-02-11T02:48:32Z'}
2026-02-10 18:48:42,424 - basicLogger - INFO - Periodic processing has ended
2026-02-10 18:48:42,997 - basicLogger - INFO - GET /stats request received
2026-02-10 18:48:42,997 - basicLogger - DEBUG - Stats dict: {'num_server_health_readings': 1002, 'num_player_telemetry_events': 1002, 'max_players': 500, 'avg_players': 242.81636726546907, 'min_players': 1, 'avg_cpu_usage': 51.557884231536924, 'avg_player_ping': 129.76047904191617, 'last_updated': '2026-02-11T02:48:32Z'}
2026-02-10 18:48:42,997 - basicLogger - INFO - GET /stats request completed
2026-02-10 18:48:47,404 - basicLogger - INFO - Periodic processing has started
2026-02-10 18:48:47,448 - basicLogger - INFO - Events received: server_health=0 player_telemetry=0 (window 2026-02-11T02:48:32.000001Z -> 2026-02-11T02:48:47Z)
2026-02-10 18:48:47,455 - basicLogger - DEBUG - Updated stats values: {'num_server_health_readings': 1002, 'num_player_telemetry_events': 1002, 'max_players': 500, 'min_players': 1, 'avg_players': 242.81636726546907, 'avg_cpu_usage': 51.557884231536924, 'avg_player_ping': 129.76047904191617, 'last_updated': '2026-02-11T02:48:32Z'}
2026-02-10 18:48:47,456 - basicLogger - INFO - Periodic processing has ended
2026-02-10 18:48:52,404 - basicLogger - INFO - Periodic processing has started
2026-02-10 18:48:52,426 - basicLogger - INFO - Events received: server_health=0 player_telemetry=0 (window 2026-02-11T02:48:32.000001Z -> 2026-02-11T02:48:52Z)
2026-02-10 18:48:52,428 - basicLogger - DEBUG - Updated stats values: {'num_server_health_readings': 1002, 'num_player_telemetry_events': 1002, 'max_players': 500, 'min_players': 1, 'avg_players': 242.81636726546907, 'avg_cpu_usage': 51.557884231536924, 'avg_player_ping': 129.76047904191617, 'last_updated': '2026-02-11T02:48:32Z'}
2026-02-10 18:48:52,428 - basicLogger - INFO - Periodic processing has ended
2026-02-10 18:48:57,404 - basicLogger - INFO - Periodic processing has started
2026-02-10 18:48:57,453 - basicLogger - INFO - Events received: server_health=0 player_telemetry=0 (window 2026-02-11T02:48:32.000001Z -> 2026-02-11T02:48:57Z)
2026-02-10 18:48:57,460 - basicLogger - DEBUG - Updated stats values: {'num_server_health_readings': 1002, 'num_player_telemetry_events': 1002, 'max_players': 500, 'min_players': 1, 'avg_players': 242.81636726546907, 'avg_cpu_usage': 51.557884231536924, 'avg_player_ping': 129.76047904191617, 'last_updated': '2026-02-11T02:48:32Z'}
2026-02-10 18:48:57,461 - basicLogger - INFO - Periodic processing has ended
2026-02-10 18:49:02,404 - basicLogger - INFO - Periodic processing has started
2026-02-10 18:49:02,452 - basicLogger - INFO - Events received: server_health=0 player_telemetry=0 (window 2026-02-11T02:48:32.000001Z -> 2026-02-11T02:49:02Z)
2026-02-10 18:49:02,460 - basicLogger - DEBUG - Updated stats values: {'num_server_health_readings': 1002, 'num_player_telemetry_events': 1002, 'max_players': 500, 'min_players': 1, 'avg_players': 242.81636726546907, 'avg_cpu_usage': 51.557884231536924, 'avg_player_ping': 129.76047904191617, 'last_updated': '2026-02-11T02:48:32Z'}
2026-02-10 18:49:02,460 - basicLogger - INFO - Periodic processing has ended
2026-02-10 18:49:07,405 - basicLogger - INFO - Periodic processing has started
2026-02-10 18:49:07,436 - basicLogger - INFO - Events received: server_health=0 player_telemetry=0 (window 2026-02-11T02:48:32.000001Z -> 2026-02-11T02:49:07Z)
2026-02-10 18:49:07,443 - basicLogger - DEBUG - Updated stats values: {'num_server_health_readings': 1002, 'num_player_telemetry_events': 1002, 'max_players': 500, 'min_players': 1, 'avg_players': 242.81636726546907, 'avg_cpu_usage': 51.557884231536924, 'avg_player_ping': 129.76047904191617, 'last_updated': '2026-02-11T02:48:32Z'}
2026-02-10 18:49:07,443 - basicLogger - INFO - Periodic processing has ended
2026-02-10 18:49:12,403 - basicLogger - INFO - Periodic processing has started
2026-02-10 18:49:12,417 - basicLogger - INFO - Events received: server_health=0 player_telemetry=0 (window 2026-02-11T02:48:32.000001Z -> 2026-02-11T02:49:12Z)
2026-02-10 18:49:12,424 - basicLogger - DEBUG - Updated stats values: {'num_server_health_readings': 1002, 'num_player_telemetry_events': 1002, 'max_players': 500, 'min_players': 1, 'avg_players': 242.81636726546907, 'avg_cpu_usage': 51.557884231536924, 'avg_player_ping': 129.76047904191617, 'last_updated': '2026-02-11T02:48:32Z'}
2026-02-10 18:49:12,424 - basicLogger - INFO - Periodic processing has ended
2026-02-10 18:49:17,402 - basicLogger - INFO - Periodic processing has started
2026-02-10 18:49:17,416 - basicLogger - INFO - Events received: server_health=0 player_telemetry=0 (window 2026-02-11T02:48:32.000001Z -> 2026-02-11T02:49:17Z)
2026-02-10 18:49:17,423 - basicLogger - DEBUG - Updated stats values: {'num_server_health_readings': 1002, 'num_player_telemetry_events': 1002, 'max_players': 500, 'min_players': 1, 'avg_players': 242.81636726546907, 'avg_cpu_usage': 51.557884231536924, 'avg_player_ping': 129.76047904191617, 'last_updated': '2026-02-11T02:48:32Z'}
2026-02-10 18:49:17,423 - basicLogger - INFO - Periodic processing has ended
2026-02-10 18:49:22,402 - basicLogger - INFO - Periodic processing has started
2026-02-10 18:49:22,416 - basicLogger - INFO - Events received: server_health=0 player_telemetry=0 (window 2026-02-11T02:48:32.000001Z -> 2026-02-11T02:49:22Z)
2026-02-10 18:49:22,418 - basicLogger - DEBUG - Updated stats values: {'num_server_health_readings': 1002, 'num_player_telemetry_events': 1002, 'max_players': 500, 'min_players': 1, 'avg_players': 242.81636726546907, 'avg_cpu_usage': 51.557884231536924, 'avg_player_ping': 129.76047904191617, 'last_updated': '2026-02-11T02:48:32Z'}
2026-02-10 18:49:22,418 - basicLogger - INFO - Periodic processing has ended
2026-02-10 18:49:27,403 - basicLogger - INFO - Periodic processing has started
2026-02-10 18:49:27,417 - basicLogger - INFO - Events received: server_health=0 player_telemetry=0 (window 2026-02-11T02:48:32.000001Z -> 2026-02-11T02:49:27Z)
2026-02-10 18:49:27,423 - basicLogger - DEBUG - Updated stats values: {'num_server_health_readings': 1002, 'num_player_telemetry_events': 1002, 'max_players': 500, 'min_players': 1, 'avg_players': 242.81636726546907, 'avg_cpu_usage': 51.557884231536924, 'avg_player_ping': 129.76047904191617, 'last_updated': '2026-02-11T02:48:32Z'}
2026-02-10 18:49:27,423 - basicLogger - INFO - Periodic processing has ended
2026-02-10 18:49:32,402 - basicLogger - INFO - Periodic processing has started
2026-02-10 18:49:32,416 - basicLogger - INFO - Events received: server_health=0 player_telemetry=0 (window 2026-02-11T02:48:32.000001Z -> 2026-02-11T02:49:32Z)
2026-02-10 18:49:32,422 - basicLogger - DEBUG - Updated stats values: {'num_server_health_readings': 1002, 'num_player_telemetry_events': 1002, 'max_players': 500, 'min_players': 1, 'avg_players': 242.81636726546907, 'avg_cpu_usage': 51.557884231536924, 'avg_player_ping': 129.76047904191617, 'last_updated': '2026-02-11T02:48:32Z'}
2026-02-10 18:49:32,423 - basicLogger - INFO - Periodic processing has ended
2026-02-10 18:49:37,402 - basicLogger - INFO - Periodic processing has started
2026-02-10 18:49:37,416 - basicLogger - INFO - Events received: server_health=0 player_telemetry=0 (window 2026-02-11T02:48:32.000001Z -> 2026-02-11T02:49:37Z)
2026-02-10 18:49:37,423 - basicLogger - DEBUG - Updated stats values: {'num_server_health_readings': 1002, 'num_player_telemetry_events': 1002, 'max_players': 500, 'min_players': 1, 'avg_players': 242.81636726546907, 'avg_cpu_usage': 51.557884231536924, 'avg_player_ping': 129.76047904191617, 'last_updated': '2026-02-11T02:48:32Z'}
2026-02-10 18:49:37,423 - basicLogger - INFO - Periodic processing has ended
2026-02-10 18:49:42,403 - basicLogger - INFO - Periodic processing has started
2026-02-10 18:49:42,416 - basicLogger - INFO - Events received: server_health=0 player_telemetry=0 (window 2026-02-11T02:48:32.000001Z -> 2026-02-11T02:49:42Z)
2026-02-10 18:49:42,423 - basicLogger - DEBUG - Updated stats values: {'num_server_health_readings': 1002, 'num_player_telemetry_events': 1002, 'max_players': 500, 'min_players': 1, 'avg_players': 242.81636726546907, 'avg_cpu_usage': 51.557884231536924, 'avg_player_ping': 129.76047904191617, 'last_updated': '2026-02-11T02:48:32Z'}
2026-02-10 18:49:42,423 - basicLogger - INFO - Periodic processing has ended
2026-02-10 18:49:47,402 - basicLogger - INFO - Periodic processing has started
2026-02-10 18:49:47,416 - basicLogger - INFO - Events received: server_health=0 player_telemetry=0 (window 2026-02-11T02:48:32.000001Z -> 2026-02-11T02:49:47Z)
2026-02-10 18:49:47,423 - basicLogger - DEBUG - Updated stats values: {'num_server_health_readings': 1002, 'num_player_telemetry_events': 1002, 'max_players': 500, 'min_players': 1, 'avg_players': 242.81636726546907, 'avg_cpu_usage': 51.557884231536924, 'avg_player_ping': 129.76047904191617, 'last_updated': '2026-02-11T02:48:32Z'}
2026-02-10 18:49:47,423 - basicLogger - INFO - Periodic processing has ended
2026-02-10 18:49:52,402 - basicLogger - INFO - Periodic processing has started
2026-02-10 18:49:52,416 - basicLogger - INFO - Events received: server_health=0 player_telemetry=0 (window 2026-02-11T02:48:32.000001Z -> 2026-02-11T02:49:52Z)
2026-02-10 18:49:52,423 - basicLogger - DEBUG - Updated stats values: {'num_server_health_readings': 1002, 'num_player_telemetry_events': 1002, 'max_players': 500, 'min_players': 1, 'avg_players': 242.81636726546907, 'avg_cpu_usage': 51.557884231536924, 'avg_player_ping': 129.76047904191617, 'last_updated': '2026-02-11T02:48:32Z'}
2026-02-10 18:49:52,423 - basicLogger - INFO - Periodic processing has ended
2026-02-10 18:49:57,402 - basicLogger - INFO - Periodic processing has started
2026-02-10 18:49:57,417 - basicLogger - INFO - Events received: server_health=0 player_telemetry=0 (window 2026-02-11T02:48:32.000001Z -> 2026-02-11T02:49:57Z)
2026-02-10 18:49:57,424 - basicLogger - DEBUG - Updated stats values: {'num_server_health_readings': 1002, 'num_player_telemetry_events': 1002, 'max_players': 500, 'min_players': 1, 'avg_players': 242.81636726546907, 'avg_cpu_usage': 51.557884231536924, 'avg_player_ping': 129.76047904191617, 'last_updated': '2026-02-11T02:48:32Z'}
2026-02-10 18:49:57,424 - basicLogger - INFO - Periodic processing has ended
2026-02-10 18:50:02,404 - basicLogger - INFO - Periodic processing has started
2026-02-10 18:50:02,450 - basicLogger - INFO - Events received: server_health=0 player_telemetry=0 (window 2026-02-11T02:48:32.000001Z -> 2026-02-11T02:50:02Z)
2026-02-10 18:50:02,457 - basicLogger - DEBUG - Updated stats values: {'num_server_health_readings': 1002, 'num_player_telemetry_events': 1002, 'max_players': 500, 'min_players': 1, 'avg_players': 242.81636726546907, 'avg_cpu_usage': 51.557884231536924, 'avg_player_ping': 129.76047904191617, 'last_updated': '2026-02-11T02:48:32Z'}
2026-02-10 18:50:02,458 - basicLogger - INFO - Periodic processing has ended
2026-02-10 18:50:07,404 - basicLogger - INFO - Periodic processing has started
2026-02-10 18:50:07,434 - basicLogger - INFO - Events received: server_health=0 player_telemetry=0 (window 2026-02-11T02:48:32.000001Z -> 2026-02-11T02:50:07Z)
2026-02-10 18:50:07,436 - basicLogger - DEBUG - Updated stats values: {'num_server_health_readings': 1002, 'num_player_telemetry_events': 1002, 'max_players': 500, 'min_players': 1, 'avg_players': 242.81636726546907, 'avg_cpu_usage': 51.557884231536924, 'avg_player_ping': 129.76047904191617, 'last_updated': '2026-02-11T02:48:32Z'}
2026-02-10 18:50:07,436 - basicLogger - INFO - Periodic processing has ended
2026-02-10 18:50:12,404 - basicLogger - INFO - Periodic processing has started
2026-02-10 18:50:12,424 - basicLogger - INFO - Events received: server_health=0 player_telemetry=0 (window 2026-02-11T02:48:32.000001Z -> 2026-02-11T02:50:12Z)
2026-02-10 18:50:12,430 - basicLogger - DEBUG - Updated stats values: {'num_server_health_readings': 1002, 'num_player_telemetry_events': 1002, 'max_players': 500, 'min_players': 1, 'avg_players': 242.81636726546907, 'avg_cpu_usage': 51.557884231536924, 'avg_player_ping': 129.76047904191617, 'last_updated': '2026-02-11T02:48:32Z'}
2026-02-10 18:50:12,431 - basicLogger - INFO - Periodic processing has ended
2026-02-10 18:50:17,404 - basicLogger - INFO - Periodic processing has started
2026-02-10 18:50:17,445 - basicLogger - INFO - Events received: server_health=0 player_telemetry=0 (window 2026-02-11T02:48:32.000001Z -> 2026-02-11T02:50:17Z)
2026-02-10 18:50:17,447 - basicLogger - DEBUG - Updated stats values: {'num_server_health_readings': 1002, 'num_player_telemetry_events': 1002, 'max_players': 500, 'min_players': 1, 'avg_players': 242.81636726546907, 'avg_cpu_usage': 51.557884231536924, 'avg_player_ping': 129.76047904191617, 'last_updated': '2026-02-11T02:48:32Z'}
2026-02-10 18:50:17,448 - basicLogger - INFO - Periodic processing has ended
2026-02-10 18:50:22,403 - basicLogger - INFO - Periodic processing has started
2026-02-10 18:50:22,419 - basicLogger - INFO - Events received: server_health=0 player_telemetry=0 (window 2026-02-11T02:48:32.000001Z -> 2026-02-11T02:50:22Z)
2026-02-10 18:50:22,425 - basicLogger - DEBUG - Updated stats values: {'num_server_health_readings': 1002, 'num_player_telemetry_events': 1002, 'max_players': 500, 'min_players': 1, 'avg_players': 242.81636726546907, 'avg_cpu_usage': 51.557884231536924, 'avg_player_ping': 129.76047904191617, 'last_updated': '2026-02-11T02:48:32Z'}
2026-02-10 18:50:22,425 - basicLogger - INFO - Periodic processing has ended
2026-02-10 18:50:27,404 - basicLogger - INFO - Periodic processing has started
2026-02-10 18:50:27,439 - basicLogger - INFO - Events received: server_health=0 player_telemetry=0 (window 2026-02-11T02:48:32.000001Z -> 2026-02-11T02:50:27Z)
2026-02-10 18:50:27,447 - basicLogger - DEBUG - Updated stats values: {'num_server_health_readings': 1002, 'num_player_telemetry_events': 1002, 'max_players': 500, 'min_players': 1, 'avg_players': 242.81636726546907, 'avg_cpu_usage': 51.557884231536924, 'avg_player_ping': 129.76047904191617, 'last_updated': '2026-02-11T02:48:32Z'}
2026-02-10 18:50:27,447 - basicLogger - INFO - Periodic processing has ended
2026-02-10 18:50:32,404 - basicLogger - INFO - Periodic processing has started
2026-02-10 18:50:32,449 - basicLogger - INFO - Events received: server_health=0 player_telemetry=0 (window 2026-02-11T02:48:32.000001Z -> 2026-02-11T02:50:32Z)
2026-02-10 18:50:32,457 - basicLogger - DEBUG - Updated stats values: {'num_server_health_readings': 1002, 'num_player_telemetry_events': 1002, 'max_players': 500, 'min_players': 1, 'avg_players': 242.81636726546907, 'avg_cpu_usage': 51.557884231536924, 'avg_player_ping': 129.76047904191617, 'last_updated': '2026-02-11T02:48:32Z'}
2026-02-10 18:50:32,457 - basicLogger - INFO - Periodic processing has ended
2026-02-10 18:50:37,404 - basicLogger - INFO - Periodic processing has started
2026-02-10 18:50:37,453 - basicLogger - INFO - Events received: server_health=0 player_telemetry=0 (window 2026-02-11T02:48:32.000001Z -> 2026-02-11T02:50:37Z)
2026-02-10 18:50:37,456 - basicLogger - DEBUG - Updated stats values: {'num_server_health_readings': 1002, 'num_player_telemetry_events': 1002, 'max_players': 500, 'min_players': 1, 'avg_players': 242.81636726546907, 'avg_cpu_usage': 51.557884231536924, 'avg_player_ping': 129.76047904191617, 'last_updated': '2026-02-11T02:48:32Z'}
2026-02-10 18:50:37,456 - basicLogger - INFO - Periodic processing has ended
2026-02-10 18:50:42,403 - basicLogger - INFO - Periodic processing has started
2026-02-10 18:50:42,432 - basicLogger - INFO - Events received: server_health=0 player_telemetry=0 (window 2026-02-11T02:48:32.000001Z -> 2026-02-11T02:50:42Z)
2026-02-10 18:50:42,438 - basicLogger - DEBUG - Updated stats values: {'num_server_health_readings': 1002, 'num_player_telemetry_events': 1002, 'max_players': 500, 'min_players': 1, 'avg_players': 242.81636726546907, 'avg_cpu_usage': 51.557884231536924, 'avg_player_ping': 129.76047904191617, 'last_updated': '2026-02-11T02:48:32Z'}
2026-02-10 18:50:42,438 - basicLogger - INFO - Periodic processing has ended
2026-02-10 18:50:47,404 - basicLogger - INFO - Periodic processing has started
2026-02-10 18:50:47,438 - basicLogger - INFO - Events received: server_health=0 player_telemetry=0 (window 2026-02-11T02:48:32.000001Z -> 2026-02-11T02:50:47Z)
2026-02-10 18:50:47,445 - basicLogger - DEBUG - Updated stats values: {'num_server_health_readings': 1002, 'num_player_telemetry_events': 1002, 'max_players': 500, 'min_players': 1, 'avg_players': 242.81636726546907, 'avg_cpu_usage': 51.557884231536924, 'avg_player_ping': 129.76047904191617, 'last_updated': '2026-02-11T02:48:32Z'}
2026-02-10 18:50:47,445 - basicLogger - INFO - Periodic processing has ended
2026-02-10 18:50:52,404 - basicLogger - INFO - Periodic processing has started
2026-02-10 18:50:52,433 - basicLogger - INFO - Events received: server_health=0 player_telemetry=0 (window 2026-02-11T02:48:32.000001Z -> 2026-02-11T02:50:52Z)
2026-02-10 18:50:52,440 - basicLogger - DEBUG - Updated stats values: {'num_server_health_readings': 1002, 'num_player_telemetry_events': 1002, 'max_players': 500, 'min_players': 1, 'avg_players': 242.81636726546907, 'avg_cpu_usage': 51.557884231536924, 'avg_player_ping': 129.76047904191617, 'last_updated': '2026-02-11T02:48:32Z'}
2026-02-10 18:50:52,440 - basicLogger - INFO - Periodic processing has ended
2026-02-10 18:50:57,404 - basicLogger - INFO - Periodic processing has started
2026-02-10 18:50:57,451 - basicLogger - INFO - Events received: server_health=0 player_telemetry=0 (window 2026-02-11T02:48:32.000001Z -> 2026-02-11T02:50:57Z)
2026-02-10 18:50:57,454 - basicLogger - DEBUG - Updated stats values: {'num_server_health_readings': 1002, 'num_player_telemetry_events': 1002, 'max_players': 500, 'min_players': 1, 'avg_players': 242.81636726546907, 'avg_cpu_usage': 51.557884231536924, 'avg_player_ping': 129.76047904191617, 'last_updated': '2026-02-11T02:48:32Z'}
2026-02-10 18:50:57,454 - basicLogger - INFO - Periodic processing has ended
2026-02-10 18:51:02,404 - basicLogger - INFO - Periodic processing has started
2026-02-10 18:51:02,447 - basicLogger - INFO - Events received: server_health=0 player_telemetry=0 (window 2026-02-11T02:48:32.000001Z -> 2026-02-11T02:51:02Z)
2026-02-10 18:51:02,455 - basicLogger - DEBUG - Updated stats values: {'num_server_health_readings': 1002, 'num_player_telemetry_events': 1002, 'max_players': 500, 'min_players': 1, 'avg_players': 242.81636726546907, 'avg_cpu_usage': 51.557884231536924, 'avg_player_ping': 129.76047904191617, 'last_updated': '2026-02-11T02:48:32Z'}
2026-02-10 18:51:02,455 - basicLogger - INFO - Periodic processing has ended
2026-02-10 18:51:07,403 - basicLogger - INFO - Periodic processing has started
2026-02-10 18:51:07,425 - basicLogger - INFO - Events received: server_health=0 player_telemetry=0 (window 2026-02-11T02:48:32.000001Z -> 2026-02-11T02:51:07Z)
2026-02-10 18:51:07,432 - basicLogger - DEBUG - Updated stats values: {'num_server_health_readings': 1002, 'num_player_telemetry_events': 1002, 'max_players': 500, 'min_players': 1, 'avg_players': 242.81636726546907, 'avg_cpu_usage': 51.557884231536924, 'avg_player_ping': 129.76047904191617, 'last_updated': '2026-02-11T02:48:32Z'}
2026-02-10 18:51:07,432 - basicLogger - INFO - Periodic processing has ended
2026-02-10 18:51:12,403 - basicLogger - INFO - Periodic processing has started
2026-02-10 18:51:12,420 - basicLogger - INFO - Events received: server_health=0 player_telemetry=0 (window 2026-02-11T02:48:32.000001Z -> 2026-02-11T02:51:12Z)
2026-02-10 18:51:12,426 - basicLogger - DEBUG - Updated stats values: {'num_server_health_readings': 1002, 'num_player_telemetry_events': 1002, 'max_players': 500, 'min_players': 1, 'avg_players': 242.81636726546907, 'avg_cpu_usage': 51.557884231536924, 'avg_player_ping': 129.76047904191617, 'last_updated': '2026-02-11T02:48:32Z'}
2026-02-10 18:51:12,426 - basicLogger - INFO - Periodic processing has ended
2026-02-10 18:51:17,404 - basicLogger - INFO - Periodic processing has started
2026-02-10 18:51:17,454 - basicLogger - INFO - Events received: server_health=0 player_telemetry=0 (window 2026-02-11T02:48:32.000001Z -> 2026-02-11T02:51:17Z)
2026-02-10 18:51:17,456 - basicLogger - DEBUG - Updated stats values: {'num_server_health_readings': 1002, 'num_player_telemetry_events': 1002, 'max_players': 500, 'min_players': 1, 'avg_players': 242.81636726546907, 'avg_cpu_usage': 51.557884231536924, 'avg_player_ping': 129.76047904191617, 'last_updated': '2026-02-11T02:48:32Z'}
2026-02-10 18:51:17,457 - basicLogger - INFO - Periodic processing has ended
2026-02-10 18:51:22,405 - basicLogger - INFO - Periodic processing has started
2026-02-10 18:51:22,442 - basicLogger - INFO - Events received: server_health=0 player_telemetry=0 (window 2026-02-11T02:48:32.000001Z -> 2026-02-11T02:51:22Z)
2026-02-10 18:51:22,450 - basicLogger - DEBUG - Updated stats values: {'num_server_health_readings': 1002, 'num_player_telemetry_events': 1002, 'max_players': 500, 'min_players': 1, 'avg_players': 242.81636726546907, 'avg_cpu_usage': 51.557884231536924, 'avg_player_ping': 129.76047904191617, 'last_updated': '2026-02-11T02:48:32Z'}
2026-02-10 18:51:22,450 - basicLogger - INFO - Periodic processing has ended
2026-02-10 18:51:27,404 - basicLogger - INFO - Periodic processing has started
2026-02-10 18:51:27,423 - basicLogger - INFO - Events received: server_health=0 player_telemetry=0 (window 2026-02-11T02:48:32.000001Z -> 2026-02-11T02:51:27Z)
2026-02-10 18:51:27,431 - basicLogger - DEBUG - Updated stats values: {'num_server_health_readings': 1002, 'num_player_telemetry_events': 1002, 'max_players': 500, 'min_players': 1, 'avg_players': 242.81636726546907, 'avg_cpu_usage': 51.557884231536924, 'avg_player_ping': 129.76047904191617, 'last_updated': '2026-02-11T02:48:32Z'}
2026-02-10 18:51:27,431 - basicLogger - INFO - Periodic processing has ended
2026-02-10 18:51:32,404 - basicLogger - INFO - Periodic processing has started
2026-02-10 18:51:32,420 - basicLogger - INFO - Events received: server_health=0 player_telemetry=0 (window 2026-02-11T02:48:32.000001Z -> 2026-02-11T02:51:32Z)
2026-02-10 18:51:32,422 - basicLogger - DEBUG - Updated stats values: {'num_server_health_readings': 1002, 'num_player_telemetry_events': 1002, 'max_players': 500, 'min_players': 1, 'avg_players': 242.81636726546907, 'avg_cpu_usage': 51.557884231536924, 'avg_player_ping': 129.76047904191617, 'last_updated': '2026-02-11T02:48:32Z'}
2026-02-10 18:51:32,422 - basicLogger - INFO - Periodic processing has ended
2026-02-10 18:51:37,404 - basicLogger - INFO - Periodic processing has started
2026-02-10 18:51:37,441 - basicLogger - INFO - Events received: server_health=0 player_telemetry=0 (window 2026-02-11T02:48:32.000001Z -> 2026-02-11T02:51:37Z)
2026-02-10 18:51:37,448 - basicLogger - DEBUG - Updated stats values: {'num_server_health_readings': 1002, 'num_player_telemetry_events': 1002, 'max_players': 500, 'min_players': 1, 'avg_players': 242.81636726546907, 'avg_cpu_usage': 51.557884231536924, 'avg_player_ping': 129.76047904191617, 'last_updated': '2026-02-11T02:48:32Z'}
2026-02-10 18:51:37,448 - basicLogger - INFO - Periodic processing has ended
2026-02-10 18:51:42,404 - basicLogger - INFO - Periodic processing has started
2026-02-10 18:51:42,457 - basicLogger - INFO - Events received: server_health=0 player_telemetry=0 (window 2026-02-11T02:48:32.000001Z -> 2026-02-11T02:51:42Z)
2026-02-10 18:51:42,460 - basicLogger - DEBUG - Updated stats values: {'num_server_health_readings': 1002, 'num_player_telemetry_events': 1002, 'max_players': 500, 'min_players': 1, 'avg_players': 242.81636726546907, 'avg_cpu_usage': 51.557884231536924, 'avg_player_ping': 129.76047904191617, 'last_updated': '2026-02-11T02:48:32Z'}
2026-02-10 18:51:42,460 - basicLogger - INFO - Periodic processing has ended
2026-02-10 18:51:47,404 - basicLogger - INFO - Periodic processing has started
2026-02-10 18:51:47,434 - basicLogger - INFO - Events received: server_health=0 player_telemetry=0 (window 2026-02-11T02:48:32.000001Z -> 2026-02-11T02:51:47Z)
2026-02-10 18:51:47,441 - basicLogger - DEBUG - Updated stats values: {'num_server_health_readings': 1002, 'num_player_telemetry_events': 1002, 'max_players': 500, 'min_players': 1, 'avg_players': 242.81636726546907, 'avg_cpu_usage': 51.557884231536924, 'avg_player_ping': 129.76047904191617, 'last_updated': '2026-02-11T02:48:32Z'}
2026-02-10 18:51:47,442 - basicLogger - INFO - Periodic processing has ended
2026-02-10 18:51:52,403 - basicLogger - INFO - Periodic processing has started
2026-02-10 18:51:52,419 - basicLogger - INFO - Events received: server_health=0 player_telemetry=0 (window 2026-02-11T02:48:32.000001Z -> 2026-02-11T02:51:52Z)
2026-02-10 18:51:52,420 - basicLogger - DEBUG - Updated stats values: {'num_server_health_readings': 1002, 'num_player_telemetry_events': 1002, 'max_players': 500, 'min_players': 1, 'avg_players': 242.81636726546907, 'avg_cpu_usage': 51.557884231536924, 'avg_player_ping': 129.76047904191617, 'last_updated': '2026-02-11T02:48:32Z'}
2026-02-10 18:51:52,420 - basicLogger - INFO - Periodic processing has ended
2026-02-10 18:51:57,403 - basicLogger - INFO - Periodic processing has started
2026-02-10 18:51:57,447 - basicLogger - INFO - Events received: server_health=0 player_telemetry=0 (window 2026-02-11T02:48:32.000001Z -> 2026-02-11T02:51:57Z)
2026-02-10 18:51:57,453 - basicLogger - DEBUG - Updated stats values: {'num_server_health_readings': 1002, 'num_player_telemetry_events': 1002, 'max_players': 500, 'min_players': 1, 'avg_players': 242.81636726546907, 'avg_cpu_usage': 51.557884231536924, 'avg_player_ping': 129.76047904191617, 'last_updated': '2026-02-11T02:48:32Z'}
2026-02-10 18:51:57,454 - basicLogger - INFO - Periodic processing has ended
2026-02-10 18:52:02,403 - basicLogger - INFO - Periodic processing has started
2026-02-10 18:52:02,417 - basicLogger - INFO - Events received: server_health=0 player_telemetry=0 (window 2026-02-11T02:48:32.000001Z -> 2026-02-11T02:52:02Z)
2026-02-10 18:52:02,424 - basicLogger - DEBUG - Updated stats values: {'num_server_health_readings': 1002, 'num_player_telemetry_events': 1002, 'max_players': 500, 'min_players': 1, 'avg_players': 242.81636726546907, 'avg_cpu_usage': 51.557884231536924, 'avg_player_ping': 129.76047904191617, 'last_updated': '2026-02-11T02:48:32Z'}
2026-02-10 18:52:02,424 - basicLogger - INFO - Periodic processing has ended
2026-02-10 18:52:07,402 - basicLogger - INFO - Periodic processing has started
2026-02-10 18:52:07,416 - basicLogger - INFO - Events received: server_health=0 player_telemetry=0 (window 2026-02-11T02:48:32.000001Z -> 2026-02-11T02:52:07Z)
2026-02-10 18:52:07,423 - basicLogger - DEBUG - Updated stats values: {'num_server_health_readings': 1002, 'num_player_telemetry_events': 1002, 'max_players': 500, 'min_players': 1, 'avg_players': 242.81636726546907, 'avg_cpu_usage': 51.557884231536924, 'avg_player_ping': 129.76047904191617, 'last_updated': '2026-02-11T02:48:32Z'}
2026-02-10 18:52:07,423 - basicLogger - INFO - Periodic processing has ended
2026-02-10 18:52:12,403 - basicLogger - INFO - Periodic processing has started
2026-02-10 18:52:12,425 - basicLogger - INFO - Events received: server_health=0 player_telemetry=0 (window 2026-02-11T02:48:32.000001Z -> 2026-02-11T02:52:12Z)
2026-02-10 18:52:12,430 - basicLogger - DEBUG - Updated stats values: {'num_server_health_readings': 1002, 'num_player_telemetry_events': 1002, 'max_players': 500, 'min_players': 1, 'avg_players': 242.81636726546907, 'avg_cpu_usage': 51.557884231536924, 'avg_player_ping': 129.76047904191617, 'last_updated': '2026-02-11T02:48:32Z'}
2026-02-10 18:52:12,430 - basicLogger - INFO - Periodic processing has ended
2026-02-10 18:52:17,404 - basicLogger - INFO - Periodic processing has started
2026-02-10 18:52:17,455 - basicLogger - INFO - Events received: server_health=0 player_telemetry=0 (window 2026-02-11T02:48:32.000001Z -> 2026-02-11T02:52:17Z)
2026-02-10 18:52:17,457 - basicLogger - DEBUG - Updated stats values: {'num_server_health_readings': 1002, 'num_player_telemetry_events': 1002, 'max_players': 500, 'min_players': 1, 'avg_players': 242.81636726546907, 'avg_cpu_usage': 51.557884231536924, 'avg_player_ping': 129.76047904191617, 'last_updated': '2026-02-11T02:48:32Z'}
2026-02-10 18:52:17,457 - basicLogger - INFO - Periodic processing has ended
2026-02-10 18:52:22,404 - basicLogger - INFO - Periodic processing has started
2026-02-10 18:52:22,428 - basicLogger - INFO - Events received: server_health=0 player_telemetry=0 (window 2026-02-11T02:48:32.000001Z -> 2026-02-11T02:52:22Z)
2026-02-10 18:52:22,429 - basicLogger - DEBUG - Updated stats values: {'num_server_health_readings': 1002, 'num_player_telemetry_events': 1002, 'max_players': 500, 'min_players': 1, 'avg_players': 242.81636726546907, 'avg_cpu_usage': 51.557884231536924, 'avg_player_ping': 129.76047904191617, 'last_updated': '2026-02-11T02:48:32Z'}
2026-02-10 18:52:22,430 - basicLogger - INFO - Periodic processing has ended
2026-02-10 18:52:27,404 - basicLogger - INFO - Periodic processing has started
2026-02-10 18:52:27,443 - basicLogger - INFO - Events received: server_health=0 player_telemetry=0 (window 2026-02-11T02:48:32.000001Z -> 2026-02-11T02:52:27Z)
2026-02-10 18:52:27,451 - basicLogger - DEBUG - Updated stats values: {'num_server_health_readings': 1002, 'num_player_telemetry_events': 1002, 'max_players': 500, 'min_players': 1, 'avg_players': 242.81636726546907, 'avg_cpu_usage': 51.557884231536924, 'avg_player_ping': 129.76047904191617, 'last_updated': '2026-02-11T02:48:32Z'}
2026-02-10 18:52:27,451 - basicLogger - INFO - Periodic processing has ended
2026-02-10 18:52:32,405 - basicLogger - INFO - Periodic processing has started
2026-02-10 18:52:32,438 - basicLogger - INFO - Events received: server_health=0 player_telemetry=0 (window 2026-02-11T02:48:32.000001Z -> 2026-02-11T02:52:32Z)
2026-02-10 18:52:32,445 - basicLogger - DEBUG - Updated stats values: {'num_server_health_readings': 1002, 'num_player_telemetry_events': 1002, 'max_players': 500, 'min_players': 1, 'avg_players': 242.81636726546907, 'avg_cpu_usage': 51.557884231536924, 'avg_player_ping': 129.76047904191617, 'last_updated': '2026-02-11T02:48:32Z'}
2026-02-10 18:52:32,446 - basicLogger - INFO - Periodic processing has ended
2026-02-10 18:52:37,404 - basicLogger - INFO - Periodic processing has started
2026-02-10 18:52:37,434 - basicLogger - INFO - Events received: server_health=0 player_telemetry=0 (window 2026-02-11T02:48:32.000001Z -> 2026-02-11T02:52:37Z)
2026-02-10 18:52:37,441 - basicLogger - DEBUG - Updated stats values: {'num_server_health_readings': 1002, 'num_player_telemetry_events': 1002, 'max_players': 500, 'min_players': 1, 'avg_players': 242.81636726546907, 'avg_cpu_usage': 51.557884231536924, 'avg_player_ping': 129.76047904191617, 'last_updated': '2026-02-11T02:48:32Z'}
2026-02-10 18:52:37,441 - basicLogger - INFO - Periodic processing has ended
2026-02-10 18:52:42,404 - basicLogger - INFO - Periodic processing has started
2026-02-10 18:52:42,431 - basicLogger - INFO - Events received: server_health=0 player_telemetry=0 (window 2026-02-11T02:48:32.000001Z -> 2026-02-11T02:52:42Z)
2026-02-10 18:52:42,438 - basicLogger - DEBUG - Updated stats values: {'num_server_health_readings': 1002, 'num_player_telemetry_events': 1002, 'max_players': 500, 'min_players': 1, 'avg_players': 242.81636726546907, 'avg_cpu_usage': 51.557884231536924, 'avg_player_ping': 129.76047904191617, 'last_updated': '2026-02-11T02:48:32Z'}
2026-02-10 18:52:42,438 - basicLogger - INFO - Periodic processing has ended
2026-02-10 18:52:47,404 - basicLogger - INFO - Periodic processing has started
2026-02-10 18:52:47,426 - basicLogger - INFO - Events received: server_health=0 player_telemetry=0 (window 2026-02-11T02:48:32.000001Z -> 2026-02-11T02:52:47Z)
2026-02-10 18:52:47,430 - basicLogger - DEBUG - Updated stats values: {'num_server_health_readings': 1002, 'num_player_telemetry_events': 1002, 'max_players': 500, 'min_players': 1, 'avg_players': 242.81636726546907, 'avg_cpu_usage': 51.557884231536924, 'avg_player_ping': 129.76047904191617, 'last_updated': '2026-02-11T02:48:32Z'}
2026-02-10 18:52:47,430 - basicLogger - INFO - Periodic processing has ended
2026-02-10 18:52:52,405 - basicLogger - INFO - Periodic processing has started
2026-02-10 18:52:52,433 - basicLogger - INFO - Events received: server_health=0 player_telemetry=0 (window 2026-02-11T02:48:32.000001Z -> 2026-02-11T02:52:52Z)
2026-02-10 18:52:52,440 - basicLogger - DEBUG - Updated stats values: {'num_server_health_readings': 1002, 'num_player_telemetry_events': 1002, 'max_players': 500, 'min_players': 1, 'avg_players': 242.81636726546907, 'avg_cpu_usage': 51.557884231536924, 'avg_player_ping': 129.76047904191617, 'last_updated': '2026-02-11T02:48:32Z'}
2026-02-10 18:52:52,441 - basicLogger - INFO - Periodic processing has ended
2026-02-10 18:52:57,404 - basicLogger - INFO - Periodic processing has started
2026-02-10 18:52:57,431 - basicLogger - INFO - Events received: server_health=0 player_telemetry=0 (window 2026-02-11T02:48:32.000001Z -> 2026-02-11T02:52:57Z)
2026-02-10 18:52:57,438 - basicLogger - DEBUG - Updated stats values: {'num_server_health_readings': 1002, 'num_player_telemetry_events': 1002, 'max_players': 500, 'min_players': 1, 'avg_players': 242.81636726546907, 'avg_cpu_usage': 51.557884231536924, 'avg_player_ping': 129.76047904191617, 'last_updated': '2026-02-11T02:48:32Z'}
2026-02-10 18:52:57,439 - basicLogger - INFO - Periodic processing has ended
2026-02-10 18:53:02,405 - basicLogger - INFO - Periodic processing has started
2026-02-10 18:53:02,441 - basicLogger - INFO - Events received: server_health=0 player_telemetry=0 (window 2026-02-11T02:48:32.000001Z -> 2026-02-11T02:53:02Z)
2026-02-10 18:53:02,448 - basicLogger - DEBUG - Updated stats values: {'num_server_health_readings': 1002, 'num_player_telemetry_events': 1002, 'max_players': 500, 'min_players': 1, 'avg_players': 242.81636726546907, 'avg_cpu_usage': 51.557884231536924, 'avg_player_ping': 129.76047904191617, 'last_updated': '2026-02-11T02:48:32Z'}
2026-02-10 18:53:02,449 - basicLogger - INFO - Periodic processing has ended
2026-02-10 18:53:07,405 - basicLogger - INFO - Periodic processing has started
2026-02-10 18:53:07,437 - basicLogger - INFO - Events received: server_health=0 player_telemetry=0 (window 2026-02-11T02:48:32.000001Z -> 2026-02-11T02:53:07Z)
2026-02-10 18:53:07,444 - basicLogger - DEBUG - Updated stats values: {'num_server_health_readings': 1002, 'num_player_telemetry_events': 1002, 'max_players': 500, 'min_players': 1, 'avg_players': 242.81636726546907, 'avg_cpu_usage': 51.557884231536924, 'avg_player_ping': 129.76047904191617, 'last_updated': '2026-02-11T02:48:32Z'}
2026-02-10 18:53:07,444 - basicLogger - INFO - Periodic processing has ended
2026-02-10 18:53:12,403 - basicLogger - INFO - Periodic processing has started
2026-02-10 18:53:12,435 - basicLogger - INFO - Events received: server_health=0 player_telemetry=0 (window 2026-02-11T02:48:32.000001Z -> 2026-02-11T02:53:12Z)
2026-02-10 18:53:12,442 - basicLogger - DEBUG - Updated stats values: {'num_server_health_readings': 1002, 'num_player_telemetry_events': 1002, 'max_players': 500, 'min_players': 1, 'avg_players': 242.81636726546907, 'avg_cpu_usage': 51.557884231536924, 'avg_player_ping': 129.76047904191617, 'last_updated': '2026-02-11T02:48:32Z'}
2026-02-10 18:53:12,443 - basicLogger - INFO - Periodic processing has ended
2026-02-10 18:53:17,404 - basicLogger - INFO - Periodic processing has started
2026-02-10 18:53:17,437 - basicLogger - INFO - Events received: server_health=0 player_telemetry=0 (window 2026-02-11T02:48:32.000001Z -> 2026-02-11T02:53:17Z)
2026-02-10 18:53:17,440 - basicLogger - DEBUG - Updated stats values: {'num_server_health_readings': 1002, 'num_player_telemetry_events': 1002, 'max_players': 500, 'min_players': 1, 'avg_players': 242.81636726546907, 'avg_cpu_usage': 51.557884231536924, 'avg_player_ping': 129.76047904191617, 'last_updated': '2026-02-11T02:48:32Z'}
2026-02-10 18:53:17,440 - basicLogger - INFO - Periodic processing has ended
2026-02-10 18:53:22,404 - basicLogger - INFO - Periodic processing has started
2026-02-10 18:53:22,461 - basicLogger - INFO - Events received: server_health=0 player_telemetry=0 (window 2026-02-11T02:48:32.000001Z -> 2026-02-11T02:53:22Z)
2026-02-10 18:53:22,469 - basicLogger - DEBUG - Updated stats values: {'num_server_health_readings': 1002, 'num_player_telemetry_events': 1002, 'max_players': 500, 'min_players': 1, 'avg_players': 242.81636726546907, 'avg_cpu_usage': 51.557884231536924, 'avg_player_ping': 129.76047904191617, 'last_updated': '2026-02-11T02:48:32Z'}
2026-02-10 18:53:22,470 - basicLogger - INFO - Periodic processing has ended
2026-02-10 18:53:27,404 - basicLogger - INFO - Periodic processing has started
2026-02-10 18:53:27,451 - basicLogger - INFO - Events received: server_health=0 player_telemetry=0 (window 2026-02-11T02:48:32.000001Z -> 2026-02-11T02:53:27Z)
2026-02-10 18:53:27,459 - basicLogger - DEBUG - Updated stats values: {'num_server_health_readings': 1002, 'num_player_telemetry_events': 1002, 'max_players': 500, 'min_players': 1, 'avg_players': 242.81636726546907, 'avg_cpu_usage': 51.557884231536924, 'avg_player_ping': 129.76047904191617, 'last_updated': '2026-02-11T02:48:32Z'}
2026-02-10 18:53:27,460 - basicLogger - INFO - Periodic processing has ended
2026-02-10 18:53:32,405 - basicLogger - INFO - Periodic processing has started
2026-02-10 18:53:32,462 - basicLogger - INFO - Events received: server_health=0 player_telemetry=0 (window 2026-02-11T02:48:32.000001Z -> 2026-02-11T02:53:32Z)
2026-02-10 18:53:32,472 - basicLogger - DEBUG - Updated stats values: {'num_server_health_readings': 1002, 'num_player_telemetry_events': 1002, 'max_players': 500, 'min_players': 1, 'avg_players': 242.81636726546907, 'avg_cpu_usage': 51.557884231536924, 'avg_player_ping': 129.76047904191617, 'last_updated': '2026-02-11T02:48:32Z'}
2026-02-10 18:53:32,473 - basicLogger - INFO - Periodic processing has ended
2026-02-10 18:53:37,404 - basicLogger - INFO - Periodic processing has started
2026-02-10 18:53:37,435 - basicLogger - INFO - Events received: server_health=0 player_telemetry=0 (window 2026-02-11T02:48:32.000001Z -> 2026-02-11T02:53:37Z)
2026-02-10 18:53:37,442 - basicLogger - DEBUG - Updated stats values: {'num_server_health_readings': 1002, 'num_player_telemetry_events': 1002, 'max_players': 500, 'min_players': 1, 'avg_players': 242.81636726546907, 'avg_cpu_usage': 51.557884231536924, 'avg_player_ping': 129.76047904191617, 'last_updated': '2026-02-11T02:48:32Z'}
2026-02-10 18:53:37,442 - basicLogger - INFO - Periodic processing has ended
2026-02-10 18:53:42,404 - basicLogger - INFO - Periodic processing has started
2026-02-10 18:53:42,448 - basicLogger - INFO - Events received: server_health=0 player_telemetry=0 (window 2026-02-11T02:48:32.000001Z -> 2026-02-11T02:53:42Z)
2026-02-10 18:53:42,452 - basicLogger - DEBUG - Updated stats values: {'num_server_health_readings': 1002, 'num_player_telemetry_events': 1002, 'max_players': 500, 'min_players': 1, 'avg_players': 242.81636726546907, 'avg_cpu_usage': 51.557884231536924, 'avg_player_ping': 129.76047904191617, 'last_updated': '2026-02-11T02:48:32Z'}
2026-02-10 18:53:42,452 - basicLogger - INFO - Periodic processing has ended
2026-02-10 18:53:47,405 - basicLogger - INFO - Periodic processing has started
2026-02-10 18:53:47,436 - basicLogger - INFO - Events received: server_health=0 player_telemetry=0 (window 2026-02-11T02:48:32.000001Z -> 2026-02-11T02:53:47Z)
2026-02-10 18:53:47,443 - basicLogger - DEBUG - Updated stats values: {'num_server_health_readings': 1002, 'num_player_telemetry_events': 1002, 'max_players': 500, 'min_players': 1, 'avg_players': 242.81636726546907, 'avg_cpu_usage': 51.557884231536924, 'avg_player_ping': 129.76047904191617, 'last_updated': '2026-02-11T02:48:32Z'}
2026-02-10 18:53:47,443 - basicLogger - INFO - Periodic processing has ended
2026-02-10 18:53:52,405 - basicLogger - INFO - Periodic processing has started
2026-02-10 18:53:52,454 - basicLogger - INFO - Events received: server_health=0 player_telemetry=0 (window 2026-02-11T02:48:32.000001Z -> 2026-02-11T02:53:52Z)
2026-02-10 18:53:52,456 - basicLogger - DEBUG - Updated stats values: {'num_server_health_readings': 1002, 'num_player_telemetry_events': 1002, 'max_players': 500, 'min_players': 1, 'avg_players': 242.81636726546907, 'avg_cpu_usage': 51.557884231536924, 'avg_player_ping': 129.76047904191617, 'last_updated': '2026-02-11T02:48:32Z'}
2026-02-10 18:53:52,456 - basicLogger - INFO - Periodic processing has ended
2026-02-10 18:53:54,962 - basicLogger - INFO - GET /stats request received
2026-02-10 18:53:54,963 - basicLogger - DEBUG - Stats dict: {'num_server_health_readings': 1002, 'num_player_telemetry_events': 1002, 'max_players': 500, 'avg_players': 242.81636726546907, 'min_players': 1, 'avg_cpu_usage': 51.557884231536924, 'avg_player_ping': 129.76047904191617, 'last_updated': '2026-02-11T02:48:32Z'}
2026-02-10 18:53:54,963 - basicLogger - INFO - GET /stats request completed
2026-02-10 18:53:57,404 - basicLogger - INFO - Periodic processing has started
2026-02-10 18:53:57,445 - basicLogger - INFO - Events received: server_health=0 player_telemetry=0 (window 2026-02-11T02:48:32.000001Z -> 2026-02-11T02:53:57Z)
2026-02-10 18:53:57,453 - basicLogger - DEBUG - Updated stats values: {'num_server_health_readings': 1002, 'num_player_telemetry_events': 1002, 'max_players': 500, 'min_players': 1, 'avg_players': 242.81636726546907, 'avg_cpu_usage': 51.557884231536924, 'avg_player_ping': 129.76047904191617, 'last_updated': '2026-02-11T02:48:32Z'}
2026-02-10 18:53:57,454 - basicLogger - INFO - Periodic processing has ended
2026-02-10 18:54:02,404 - basicLogger - INFO - Periodic processing has started
2026-02-10 18:54:02,440 - basicLogger - INFO - Events received: server_health=0 player_telemetry=0 (window 2026-02-11T02:48:32.000001Z -> 2026-02-11T02:54:02Z)
2026-02-10 18:54:02,443 - basicLogger - DEBUG - Updated stats values: {'num_server_health_readings': 1002, 'num_player_telemetry_events': 1002, 'max_players': 500, 'min_players': 1, 'avg_players': 242.81636726546907, 'avg_cpu_usage': 51.557884231536924, 'avg_player_ping': 129.76047904191617, 'last_updated': '2026-02-11T02:48:32Z'}
2026-02-10 18:54:02,443 - basicLogger - INFO - Periodic processing has ended
2026-02-10 18:54:07,405 - basicLogger - INFO - Periodic processing has started
2026-02-10 18:54:07,484 - basicLogger - ERROR - GET http://localhost:8089/events/server-health?start_timestamp=2026-02-11T02%3A48%3A32.000001Z&end_timestamp=2026-02-11T02%3A54%3A07Z failed status=500 body={"type": "about:blank", "title": "Internal Server Error", "detail": "The server encountered an internal error and was unable to complete your request. Either the server is overloaded or there is an error in the application.", "status": 500}
2026-02-10 18:54:07,501 - basicLogger - ERROR - GET http://localhost:8089/events/player-telemetry?start_timestamp=2026-02-11T02%3A48%3A32.000001Z&end_timestamp=2026-02-11T02%3A54%3A07Z failed status=500 body={"type": "about:blank", "title": "Internal Server Error", "detail": "The server encountered an internal error and was unable to complete your request. Either the server is overloaded or there is an error in the application.", "status": 500}
2026-02-10 18:54:07,501 - basicLogger - ERROR - Storage GET server-health failed (status=500)
2026-02-10 18:54:07,501 - basicLogger - ERROR - Storage GET player-telemetry failed (status=500)
2026-02-10 18:54:07,501 - basicLogger - INFO - Events received: server_health=0 player_telemetry=0 (window 2026-02-11T02:48:32.000001Z -> 2026-02-11T02:54:07Z)
2026-02-10 18:54:07,503 - basicLogger - DEBUG - Updated stats values: {'num_server_health_readings': 1002, 'num_player_telemetry_events': 1002, 'max_players': 500, 'min_players': 1, 'avg_players': 242.81636726546907, 'avg_cpu_usage': 51.557884231536924, 'avg_player_ping': 129.76047904191617, 'last_updated': '2026-02-11T02:48:32Z'}
2026-02-10 18:54:07,503 - basicLogger - INFO - Periodic processing has ended
2026-02-10 18:54:12,404 - basicLogger - INFO - Periodic processing has started
2026-02-10 18:54:12,454 - basicLogger - ERROR - GET http://localhost:8089/events/server-health?start_timestamp=2026-02-11T02%3A48%3A32.000001Z&end_timestamp=2026-02-11T02%3A54%3A12Z failed status=500 body={"type": "about:blank", "title": "Internal Server Error", "detail": "The server encountered an internal error and was unable to complete your request. Either the server is overloaded or there is an error in the application.", "status": 500}
2026-02-10 18:54:12,472 - basicLogger - ERROR - GET http://localhost:8089/events/player-telemetry?start_timestamp=2026-02-11T02%3A48%3A32.000001Z&end_timestamp=2026-02-11T02%3A54%3A12Z failed status=500 body={"type": "about:blank", "title": "Internal Server Error", "detail": "The server encountered an internal error and was unable to complete your request. Either the server is overloaded or there is an error in the application.", "status": 500}
2026-02-10 18:54:12,472 - basicLogger - ERROR - Storage GET server-health failed (status=500)
2026-02-10 18:54:12,472 - basicLogger - ERROR - Storage GET player-telemetry failed (status=500)
2026-02-10 18:54:12,472 - basicLogger - INFO - Events received: server_health=0 player_telemetry=0 (window 2026-02-11T02:48:32.000001Z -> 2026-02-11T02:54:12Z)
2026-02-10 18:54:12,478 - basicLogger - DEBUG - Updated stats values: {'num_server_health_readings': 1002, 'num_player_telemetry_events': 1002, 'max_players': 500, 'min_players': 1, 'avg_players': 242.81636726546907, 'avg_cpu_usage': 51.557884231536924, 'avg_player_ping': 129.76047904191617, 'last_updated': '2026-02-11T02:48:32Z'}
2026-02-10 18:54:12,478 - basicLogger - INFO - Periodic processing has ended
2026-02-11 10:17:48,400 - basicLogger - INFO - Periodic processing has started
2026-02-11 10:17:48,471 - basicLogger - ERROR - GET http://localhost:8089/events/server-health?start_timestamp=2026-02-11T02%3A48%3A32.000001Z&end_timestamp=2026-02-11T18%3A17%3A48Z failed status=500 body={"type": "about:blank", "title": "Internal Server Error", "detail": "The server encountered an internal error and was unable to complete your request. Either the server is overloaded or there is an error in the application.", "status": 500}
2026-02-11 10:17:48,492 - basicLogger - ERROR - GET http://localhost:8089/events/player-telemetry?start_timestamp=2026-02-11T02%3A48%3A32.000001Z&end_timestamp=2026-02-11T18%3A17%3A48Z failed status=500 body={"type": "about:blank", "title": "Internal Server Error", "detail": "The server encountered an internal error and was unable to complete your request. Either the server is overloaded or there is an error in the application.", "status": 500}
2026-02-11 10:17:48,492 - basicLogger - ERROR - Storage GET server-health failed (status=500)
2026-02-11 10:17:48,492 - basicLogger - ERROR - Storage GET player-telemetry failed (status=500)
2026-02-11 10:17:48,492 - basicLogger - INFO - Events received: server_health=0 player_telemetry=0 (window 2026-02-11T02:48:32.000001Z -> 2026-02-11T18:17:48Z)
2026-02-11 10:17:48,494 - basicLogger - DEBUG - Updated stats values: {'num_server_health_readings': 1002, 'num_player_telemetry_events': 1002, 'max_players': 500, 'min_players': 1, 'avg_players': 242.81636726546907, 'avg_cpu_usage': 51.557884231536924, 'avg_player_ping': 129.76047904191617, 'last_updated': '2026-02-11T02:48:32Z'}
2026-02-11 10:17:48,494 - basicLogger - INFO - Periodic processing has ended
2026-02-11 10:17:53,400 - basicLogger - INFO - Periodic processing has started
2026-02-11 10:17:53,447 - basicLogger - ERROR - GET http://localhost:8089/events/server-health?start_timestamp=2026-02-11T02%3A48%3A32.000001Z&end_timestamp=2026-02-11T18%3A17%3A53Z failed status=500 body={"type": "about:blank", "title": "Internal Server Error", "detail": "The server encountered an internal error and was unable to complete your request. Either the server is overloaded or there is an error in the application.", "status": 500}
2026-02-11 10:17:53,466 - basicLogger - ERROR - GET http://localhost:8089/events/player-telemetry?start_timestamp=2026-02-11T02%3A48%3A32.000001Z&end_timestamp=2026-02-11T18%3A17%3A53Z failed status=500 body={"type": "about:blank", "title": "Internal Server Error", "detail": "The server encountered an internal error and was unable to complete your request. Either the server is overloaded or there is an error in the application.", "status": 500}
2026-02-11 10:17:53,467 - basicLogger - ERROR - Storage GET server-health failed (status=500)
2026-02-11 10:17:53,467 - basicLogger - ERROR - Storage GET player-telemetry failed (status=500)
2026-02-11 10:17:53,467 - basicLogger - INFO - Events received: server_health=0 player_telemetry=0 (window 2026-02-11T02:48:32.000001Z -> 2026-02-11T18:17:53Z)
2026-02-11 10:17:53,473 - basicLogger - DEBUG - Updated stats values: {'num_server_health_readings': 1002, 'num_player_telemetry_events': 1002, 'max_players': 500, 'min_players': 1, 'avg_players': 242.81636726546907, 'avg_cpu_usage': 51.557884231536924, 'avg_player_ping': 129.76047904191617, 'last_updated': '2026-02-11T02:48:32Z'}
2026-02-11 10:17:53,474 - basicLogger - INFO - Periodic processing has ended
2026-02-11 10:17:58,399 - basicLogger - INFO - Periodic processing has started
2026-02-11 10:17:58,429 - basicLogger - ERROR - GET http://localhost:8089/events/server-health?start_timestamp=2026-02-11T02%3A48%3A32.000001Z&end_timestamp=2026-02-11T18%3A17%3A58Z failed status=500 body={"type": "about:blank", "title": "Internal Server Error", "detail": "The server encountered an internal error and was unable to complete your request. Either the server is overloaded or there is an error in the application.", "status": 500}
2026-02-11 10:17:58,449 - basicLogger - ERROR - GET http://localhost:8089/events/player-telemetry?start_timestamp=2026-02-11T02%3A48%3A32.000001Z&end_timestamp=2026-02-11T18%3A17%3A58Z failed status=500 body={"type": "about:blank", "title": "Internal Server Error", "detail": "The server encountered an internal error and was unable to complete your request. Either the server is overloaded or there is an error in the application.", "status": 500}
2026-02-11 10:17:58,449 - basicLogger - ERROR - Storage GET server-health failed (status=500)
2026-02-11 10:17:58,449 - basicLogger - ERROR - Storage GET player-telemetry failed (status=500)
2026-02-11 10:17:58,449 - basicLogger - INFO - Events received: server_health=0 player_telemetry=0 (window 2026-02-11T02:48:32.000001Z -> 2026-02-11T18:17:58Z)
2026-02-11 10:17:58,456 - basicLogger - DEBUG - Updated stats values: {'num_server_health_readings': 1002, 'num_player_telemetry_events': 1002, 'max_players': 500, 'min_players': 1, 'avg_players': 242.81636726546907, 'avg_cpu_usage': 51.557884231536924, 'avg_player_ping': 129.76047904191617, 'last_updated': '2026-02-11T02:48:32Z'}
2026-02-11 10:17:58,456 - basicLogger - INFO - Periodic processing has ended
2026-02-11 10:18:03,400 - basicLogger - INFO - Periodic processing has started
2026-02-11 10:18:03,438 - basicLogger - ERROR - GET http://localhost:8089/events/server-health?start_timestamp=2026-02-11T02%3A48%3A32.000001Z&end_timestamp=2026-02-11T18%3A18%3A03Z failed status=500 body={"type": "about:blank", "title": "Internal Server Error", "detail": "The server encountered an internal error and was unable to complete your request. Either the server is overloaded or there is an error in the application.", "status": 500}
2026-02-11 10:18:03,459 - basicLogger - ERROR - GET http://localhost:8089/events/player-telemetry?start_timestamp=2026-02-11T02%3A48%3A32.000001Z&end_timestamp=2026-02-11T18%3A18%3A03Z failed status=500 body={"type": "about:blank", "title": "Internal Server Error", "detail": "The server encountered an internal error and was unable to complete your request. Either the server is overloaded or there is an error in the application.", "status": 500}
2026-02-11 10:18:03,459 - basicLogger - ERROR - Storage GET server-health failed (status=500)
2026-02-11 10:18:03,459 - basicLogger - ERROR - Storage GET player-telemetry failed (status=500)
2026-02-11 10:18:03,459 - basicLogger - INFO - Events received: server_health=0 player_telemetry=0 (window 2026-02-11T02:48:32.000001Z -> 2026-02-11T18:18:03Z)
2026-02-11 10:18:03,461 - basicLogger - DEBUG - Updated stats values: {'num_server_health_readings': 1002, 'num_player_telemetry_events': 1002, 'max_players': 500, 'min_players': 1, 'avg_players': 242.81636726546907, 'avg_cpu_usage': 51.557884231536924, 'avg_player_ping': 129.76047904191617, 'last_updated': '2026-02-11T02:48:32Z'}
2026-02-11 10:18:03,462 - basicLogger - INFO - Periodic processing has ended
2026-02-11 10:18:08,400 - basicLogger - INFO - Periodic processing has started
2026-02-11 10:18:08,456 - basicLogger - INFO - Events received: server_health=0 player_telemetry=0 (window 2026-02-11T02:48:32.000001Z -> 2026-02-11T18:18:08Z)
2026-02-11 10:18:08,457 - basicLogger - DEBUG - Updated stats values: {'num_server_health_readings': 1002, 'num_player_telemetry_events': 1002, 'max_players': 500, 'min_players': 1, 'avg_players': 242.81636726546907, 'avg_cpu_usage': 51.557884231536924, 'avg_player_ping': 129.76047904191617, 'last_updated': '2026-02-11T02:48:32Z'}
2026-02-11 10:18:08,457 - basicLogger - INFO - Periodic processing has ended
2026-02-11 10:18:13,400 - basicLogger - INFO - Periodic processing has started
2026-02-11 10:18:13,435 - basicLogger - INFO - Events received: server_health=0 player_telemetry=0 (window 2026-02-11T02:48:32.000001Z -> 2026-02-11T18:18:13Z)
2026-02-11 10:18:13,443 - basicLogger - DEBUG - Updated stats values: {'num_server_health_readings': 1002, 'num_player_telemetry_events': 1002, 'max_players': 500, 'min_players': 1, 'avg_players': 242.81636726546907, 'avg_cpu_usage': 51.557884231536924, 'avg_player_ping': 129.76047904191617, 'last_updated': '2026-02-11T02:48:32Z'}
2026-02-11 10:18:13,443 - basicLogger - INFO - Periodic processing has ended
2026-02-11 10:18:18,400 - basicLogger - INFO - Periodic processing has started
2026-02-11 10:18:18,446 - basicLogger - INFO - Events received: server_health=0 player_telemetry=0 (window 2026-02-11T02:48:32.000001Z -> 2026-02-11T18:18:18Z)
2026-02-11 10:18:18,454 - basicLogger - DEBUG - Updated stats values: {'num_server_health_readings': 1002, 'num_player_telemetry_events': 1002, 'max_players': 500, 'min_players': 1, 'avg_players': 242.81636726546907, 'avg_cpu_usage': 51.557884231536924, 'avg_player_ping': 129.76047904191617, 'last_updated': '2026-02-11T02:48:32Z'}
2026-02-11 10:18:18,455 - basicLogger - INFO - Periodic processing has ended
2026-02-11 10:18:23,400 - basicLogger - INFO - Periodic processing has started
2026-02-11 10:18:23,447 - basicLogger - INFO - Events received: server_health=0 player_telemetry=0 (window 2026-02-11T02:48:32.000001Z -> 2026-02-11T18:18:23Z)
2026-02-11 10:18:23,450 - basicLogger - DEBUG - Updated stats values: {'num_server_health_readings': 1002, 'num_player_telemetry_events': 1002, 'max_players': 500, 'min_players': 1, 'avg_players': 242.81636726546907, 'avg_cpu_usage': 51.557884231536924, 'avg_player_ping': 129.76047904191617, 'last_updated': '2026-02-11T02:48:32Z'}
2026-02-11 10:18:23,451 - basicLogger - INFO - Periodic processing has ended
2026-02-11 10:18:28,399 - basicLogger - INFO - Periodic processing has started
2026-02-11 10:18:28,448 - basicLogger - INFO - Events received: server_health=0 player_telemetry=0 (window 2026-02-11T02:48:32.000001Z -> 2026-02-11T18:18:28Z)
2026-02-11 10:18:28,456 - basicLogger - DEBUG - Updated stats values: {'num_server_health_readings': 1002, 'num_player_telemetry_events': 1002, 'max_players': 500, 'min_players': 1, 'avg_players': 242.81636726546907, 'avg_cpu_usage': 51.557884231536924, 'avg_player_ping': 129.76047904191617, 'last_updated': '2026-02-11T02:48:32Z'}
2026-02-11 10:18:28,457 - basicLogger - INFO - Periodic processing has ended
2026-02-11 10:18:33,400 - basicLogger - INFO - Periodic processing has started
2026-02-11 10:18:33,452 - basicLogger - INFO - Events received: server_health=0 player_telemetry=0 (window 2026-02-11T02:48:32.000001Z -> 2026-02-11T18:18:33Z)
2026-02-11 10:18:33,459 - basicLogger - DEBUG - Updated stats values: {'num_server_health_readings': 1002, 'num_player_telemetry_events': 1002, 'max_players': 500, 'min_players': 1, 'avg_players': 242.81636726546907, 'avg_cpu_usage': 51.557884231536924, 'avg_player_ping': 129.76047904191617, 'last_updated': '2026-02-11T02:48:32Z'}
2026-02-11 10:18:33,460 - basicLogger - INFO - Periodic processing has ended
2026-02-11 10:18:38,399 - basicLogger - INFO - Periodic processing has started
2026-02-11 10:18:38,419 - basicLogger - INFO - Events received: server_health=0 player_telemetry=0 (window 2026-02-11T02:48:32.000001Z -> 2026-02-11T18:18:38Z)
2026-02-11 10:18:38,420 - basicLogger - DEBUG - Updated stats values: {'num_server_health_readings': 1002, 'num_player_telemetry_events': 1002, 'max_players': 500, 'min_players': 1, 'avg_players': 242.81636726546907, 'avg_cpu_usage': 51.557884231536924, 'avg_player_ping': 129.76047904191617, 'last_updated': '2026-02-11T02:48:32Z'}
2026-02-11 10:18:38,420 - basicLogger - INFO - Periodic processing has ended
2026-02-11 10:18:43,400 - basicLogger - INFO - Periodic processing has started
2026-02-11 10:18:43,431 - basicLogger - INFO - Events received: server_health=0 player_telemetry=0 (window 2026-02-11T02:48:32.000001Z -> 2026-02-11T18:18:43Z)
2026-02-11 10:18:43,438 - basicLogger - DEBUG - Updated stats values: {'num_server_health_readings': 1002, 'num_player_telemetry_events': 1002, 'max_players': 500, 'min_players': 1, 'avg_players': 242.81636726546907, 'avg_cpu_usage': 51.557884231536924, 'avg_player_ping': 129.76047904191617, 'last_updated': '2026-02-11T02:48:32Z'}
2026-02-11 10:18:43,439 - basicLogger - INFO - Periodic processing has ended
2026-02-11 10:18:48,400 - basicLogger - INFO - Periodic processing has started
2026-02-11 10:18:48,428 - basicLogger - INFO - Events received: server_health=0 player_telemetry=0 (window 2026-02-11T02:48:32.000001Z -> 2026-02-11T18:18:48Z)
2026-02-11 10:18:48,435 - basicLogger - DEBUG - Updated stats values: {'num_server_health_readings': 1002, 'num_player_telemetry_events': 1002, 'max_players': 500, 'min_players': 1, 'avg_players': 242.81636726546907, 'avg_cpu_usage': 51.557884231536924, 'avg_player_ping': 129.76047904191617, 'last_updated': '2026-02-11T02:48:32Z'}
2026-02-11 10:18:48,435 - basicLogger - INFO - Periodic processing has ended
2026-02-11 10:18:53,400 - basicLogger - INFO - Periodic processing has started
2026-02-11 10:18:53,444 - basicLogger - INFO - Events received: server_health=0 player_telemetry=0 (window 2026-02-11T02:48:32.000001Z -> 2026-02-11T18:18:53Z)
2026-02-11 10:18:53,446 - basicLogger - DEBUG - Updated stats values: {'num_server_health_readings': 1002, 'num_player_telemetry_events': 1002, 'max_players': 500, 'min_players': 1, 'avg_players': 242.81636726546907, 'avg_cpu_usage': 51.557884231536924, 'avg_player_ping': 129.76047904191617, 'last_updated': '2026-02-11T02:48:32Z'}
2026-02-11 10:18:53,446 - basicLogger - INFO - Periodic processing has ended
2026-02-11 10:18:58,399 - basicLogger - INFO - Periodic processing has started
2026-02-11 10:18:58,445 - basicLogger - INFO - Events received: server_health=0 player_telemetry=0 (window 2026-02-11T02:48:32.000001Z -> 2026-02-11T18:18:58Z)
2026-02-11 10:18:58,453 - basicLogger - DEBUG - Updated stats values: {'num_server_health_readings': 1002, 'num_player_telemetry_events': 1002, 'max_players': 500, 'min_players': 1, 'avg_players': 242.81636726546907, 'avg_cpu_usage': 51.557884231536924, 'avg_player_ping': 129.76047904191617, 'last_updated': '2026-02-11T02:48:32Z'}
2026-02-11 10:18:58,454 - basicLogger - INFO - Periodic processing has ended
2026-02-11 10:19:03,399 - basicLogger - INFO - Periodic processing has started
2026-02-11 10:19:03,503 - basicLogger - INFO - Events received: server_health=194 player_telemetry=191 (window 2026-02-11T02:48:32.000001Z -> 2026-02-11T18:19:03Z)
2026-02-11 10:19:03,510 - basicLogger - DEBUG - Updated stats values: {'num_server_health_readings': 1196, 'num_player_telemetry_events': 1193, 'max_players': 500, 'min_players': 0, 'avg_players': 242.85953177257525, 'avg_cpu_usage': 51.24414715719063, 'avg_player_ping': 131.15758591785414, 'last_updated': '2026-02-11T18:19:02Z'}
2026-02-11 10:19:03,510 - basicLogger - INFO - Periodic processing has ended
2026-02-11 10:19:08,400 - basicLogger - INFO - Periodic processing has started
2026-02-11 10:19:08,433 - basicLogger - INFO - Events received: server_health=6 player_telemetry=9 (window 2026-02-11T18:19:02.000001Z -> 2026-02-11T18:19:08Z)
2026-02-11 10:19:08,440 - basicLogger - DEBUG - Updated stats values: {'num_server_health_readings': 1202, 'num_player_telemetry_events': 1202, 'max_players': 500, 'min_players': 0, 'avg_players': 242.57404326123128, 'avg_cpu_usage': 51.19467554076539, 'avg_player_ping': 131.0116472545757, 'last_updated': '2026-02-11T18:19:03Z'}
2026-02-11 10:19:08,440 - basicLogger - INFO - Periodic processing has ended
2026-02-11 10:19:13,400 - basicLogger - INFO - Periodic processing has started
2026-02-11 10:19:13,433 - basicLogger - INFO - Events received: server_health=0 player_telemetry=0 (window 2026-02-11T18:19:03.000001Z -> 2026-02-11T18:19:13Z)
2026-02-11 10:19:13,440 - basicLogger - DEBUG - Updated stats values: {'num_server_health_readings': 1202, 'num_player_telemetry_events': 1202, 'max_players': 500, 'min_players': 0, 'avg_players': 242.57404326123128, 'avg_cpu_usage': 51.19467554076539, 'avg_player_ping': 131.0116472545757, 'last_updated': '2026-02-11T18:19:03Z'}
2026-02-11 10:19:13,440 - basicLogger - INFO - Periodic processing has ended
2026-02-11 10:19:18,400 - basicLogger - INFO - Periodic processing has started
2026-02-11 10:19:18,432 - basicLogger - INFO - Events received: server_health=0 player_telemetry=0 (window 2026-02-11T18:19:03.000001Z -> 2026-02-11T18:19:18Z)
2026-02-11 10:19:18,439 - basicLogger - DEBUG - Updated stats values: {'num_server_health_readings': 1202, 'num_player_telemetry_events': 1202, 'max_players': 500, 'min_players': 0, 'avg_players': 242.57404326123128, 'avg_cpu_usage': 51.19467554076539, 'avg_player_ping': 131.0116472545757, 'last_updated': '2026-02-11T18:19:03Z'}
2026-02-11 10:19:18,440 - basicLogger - INFO - Periodic processing has ended
2026-02-11 10:19:23,400 - basicLogger - INFO - Periodic processing has started
2026-02-11 10:19:23,433 - basicLogger - INFO - Events received: server_health=0 player_telemetry=0 (window 2026-02-11T18:19:03.000001Z -> 2026-02-11T18:19:23Z)
2026-02-11 10:19:23,440 - basicLogger - DEBUG - Updated stats values: {'num_server_health_readings': 1202, 'num_player_telemetry_events': 1202, 'max_players': 500, 'min_players': 0, 'avg_players': 242.57404326123128, 'avg_cpu_usage': 51.19467554076539, 'avg_player_ping': 131.0116472545757, 'last_updated': '2026-02-11T18:19:03Z'}
2026-02-11 10:19:23,441 - basicLogger - INFO - Periodic processing has ended
2026-02-11 10:19:28,401 - basicLogger - INFO - Periodic processing has started
2026-02-11 10:19:28,434 - basicLogger - INFO - Events received: server_health=0 player_telemetry=0 (window 2026-02-11T18:19:03.000001Z -> 2026-02-11T18:19:28Z)
2026-02-11 10:19:28,437 - basicLogger - DEBUG - Updated stats values: {'num_server_health_readings': 1202, 'num_player_telemetry_events': 1202, 'max_players': 500, 'min_players': 0, 'avg_players': 242.57404326123128, 'avg_cpu_usage': 51.19467554076539, 'avg_player_ping': 131.0116472545757, 'last_updated': '2026-02-11T18:19:03Z'}
2026-02-11 10:19:28,437 - basicLogger - INFO - Periodic processing has ended
2026-02-11 10:19:33,400 - basicLogger - INFO - Periodic processing has started
2026-02-11 10:19:33,434 - basicLogger - INFO - Events received: server_health=0 player_telemetry=0 (window 2026-02-11T18:19:03.000001Z -> 2026-02-11T18:19:33Z)
2026-02-11 10:19:33,441 - basicLogger - DEBUG - Updated stats values: {'num_server_health_readings': 1202, 'num_player_telemetry_events': 1202, 'max_players': 500, 'min_players': 0, 'avg_players': 242.57404326123128, 'avg_cpu_usage': 51.19467554076539, 'avg_player_ping': 131.0116472545757, 'last_updated': '2026-02-11T18:19:03Z'}
2026-02-11 10:19:33,441 - basicLogger - INFO - Periodic processing has ended
2026-02-11 10:19:38,400 - basicLogger - INFO - Periodic processing has started
2026-02-11 10:19:38,436 - basicLogger - INFO - Events received: server_health=0 player_telemetry=0 (window 2026-02-11T18:19:03.000001Z -> 2026-02-11T18:19:38Z)
2026-02-11 10:19:38,443 - basicLogger - DEBUG - Updated stats values: {'num_server_health_readings': 1202, 'num_player_telemetry_events': 1202, 'max_players': 500, 'min_players': 0, 'avg_players': 242.57404326123128, 'avg_cpu_usage': 51.19467554076539, 'avg_player_ping': 131.0116472545757, 'last_updated': '2026-02-11T18:19:03Z'}
2026-02-11 10:19:38,444 - basicLogger - INFO - Periodic processing has ended
2026-02-11 10:19:43,400 - basicLogger - INFO - Periodic processing has started
2026-02-11 10:19:43,451 - basicLogger - INFO - Events received: server_health=0 player_telemetry=0 (window 2026-02-11T18:19:03.000001Z -> 2026-02-11T18:19:43Z)
2026-02-11 10:19:43,454 - basicLogger - DEBUG - Updated stats values: {'num_server_health_readings': 1202, 'num_player_telemetry_events': 1202, 'max_players': 500, 'min_players': 0, 'avg_players': 242.57404326123128, 'avg_cpu_usage': 51.19467554076539, 'avg_player_ping': 131.0116472545757, 'last_updated': '2026-02-11T18:19:03Z'}
2026-02-11 10:19:43,454 - basicLogger - INFO - Periodic processing has ended
2026-02-11 10:19:48,400 - basicLogger - INFO - Periodic processing has started
2026-02-11 10:19:48,432 - basicLogger - INFO - Events received: server_health=0 player_telemetry=0 (window 2026-02-11T18:19:03.000001Z -> 2026-02-11T18:19:48Z)
2026-02-11 10:19:48,440 - basicLogger - DEBUG - Updated stats values: {'num_server_health_readings': 1202, 'num_player_telemetry_events': 1202, 'max_players': 500, 'min_players': 0, 'avg_players': 242.57404326123128, 'avg_cpu_usage': 51.19467554076539, 'avg_player_ping': 131.0116472545757, 'last_updated': '2026-02-11T18:19:03Z'}
2026-02-11 10:19:48,441 - basicLogger - INFO - Periodic processing has ended
2026-02-11 10:19:53,400 - basicLogger - INFO - Periodic processing has started
2026-02-11 10:19:53,431 - basicLogger - INFO - Events received: server_health=0 player_telemetry=0 (window 2026-02-11T18:19:03.000001Z -> 2026-02-11T18:19:53Z)
2026-02-11 10:19:53,438 - basicLogger - DEBUG - Updated stats values: {'num_server_health_readings': 1202, 'num_player_telemetry_events': 1202, 'max_players': 500, 'min_players': 0, 'avg_players': 242.57404326123128, 'avg_cpu_usage': 51.19467554076539, 'avg_player_ping': 131.0116472545757, 'last_updated': '2026-02-11T18:19:03Z'}
2026-02-11 10:19:53,439 - basicLogger - INFO - Periodic processing has ended
2026-02-11 10:19:58,400 - basicLogger - INFO - Periodic processing has started
2026-02-11 10:19:58,450 - basicLogger - INFO - Events received: server_health=0 player_telemetry=0 (window 2026-02-11T18:19:03.000001Z -> 2026-02-11T18:19:58Z)
2026-02-11 10:19:58,453 - basicLogger - DEBUG - Updated stats values: {'num_server_health_readings': 1202, 'num_player_telemetry_events': 1202, 'max_players': 500, 'min_players': 0, 'avg_players': 242.57404326123128, 'avg_cpu_usage': 51.19467554076539, 'avg_player_ping': 131.0116472545757, 'last_updated': '2026-02-11T18:19:03Z'}
2026-02-11 10:19:58,453 - basicLogger - INFO - Periodic processing has ended
2026-02-11 10:20:03,400 - basicLogger - INFO - Periodic processing has started
2026-02-11 10:20:03,427 - basicLogger - INFO - Events received: server_health=0 player_telemetry=0 (window 2026-02-11T18:19:03.000001Z -> 2026-02-11T18:20:03Z)
2026-02-11 10:20:03,433 - basicLogger - DEBUG - Updated stats values: {'num_server_health_readings': 1202, 'num_player_telemetry_events': 1202, 'max_players': 500, 'min_players': 0, 'avg_players': 242.57404326123128, 'avg_cpu_usage': 51.19467554076539, 'avg_player_ping': 131.0116472545757, 'last_updated': '2026-02-11T18:19:03Z'}
2026-02-11 10:20:03,434 - basicLogger - INFO - Periodic processing has ended
2026-02-11 10:20:08,400 - basicLogger - INFO - Periodic processing has started
2026-02-11 10:20:08,434 - basicLogger - INFO - Events received: server_health=0 player_telemetry=0 (window 2026-02-11T18:19:03.000001Z -> 2026-02-11T18:20:08Z)
2026-02-11 10:20:08,442 - basicLogger - DEBUG - Updated stats values: {'num_server_health_readings': 1202, 'num_player_telemetry_events': 1202, 'max_players': 500, 'min_players': 0, 'avg_players': 242.57404326123128, 'avg_cpu_usage': 51.19467554076539, 'avg_player_ping': 131.0116472545757, 'last_updated': '2026-02-11T18:19:03Z'}
2026-02-11 10:20:08,442 - basicLogger - INFO - Periodic processing has ended
2026-02-11 10:20:13,400 - basicLogger - INFO - Periodic processing has started
2026-02-11 10:20:13,423 - basicLogger - INFO - Events received: server_health=0 player_telemetry=0 (window 2026-02-11T18:19:03.000001Z -> 2026-02-11T18:20:13Z)
2026-02-11 10:20:13,431 - basicLogger - DEBUG - Updated stats values: {'num_server_health_readings': 1202, 'num_player_telemetry_events': 1202, 'max_players': 500, 'min_players': 0, 'avg_players': 242.57404326123128, 'avg_cpu_usage': 51.19467554076539, 'avg_player_ping': 131.0116472545757, 'last_updated': '2026-02-11T18:19:03Z'}
2026-02-11 10:20:13,431 - basicLogger - INFO - Periodic processing has ended
2026-02-11 10:20:18,400 - basicLogger - INFO - Periodic processing has started
2026-02-11 10:20:18,422 - basicLogger - INFO - Events received: server_health=0 player_telemetry=0 (window 2026-02-11T18:19:03.000001Z -> 2026-02-11T18:20:18Z)
2026-02-11 10:20:18,429 - basicLogger - DEBUG - Updated stats values: {'num_server_health_readings': 1202, 'num_player_telemetry_events': 1202, 'max_players': 500, 'min_players': 0, 'avg_players': 242.57404326123128, 'avg_cpu_usage': 51.19467554076539, 'avg_player_ping': 131.0116472545757, 'last_updated': '2026-02-11T18:19:03Z'}
2026-02-11 10:20:18,430 - basicLogger - INFO - Periodic processing has ended
2026-02-11 10:20:23,400 - basicLogger - INFO - Periodic processing has started
2026-02-11 10:20:23,450 - basicLogger - INFO - Events received: server_health=0 player_telemetry=0 (window 2026-02-11T18:19:03.000001Z -> 2026-02-11T18:20:23Z)
2026-02-11 10:20:23,453 - basicLogger - DEBUG - Updated stats values: {'num_server_health_readings': 1202, 'num_player_telemetry_events': 1202, 'max_players': 500, 'min_players': 0, 'avg_players': 242.57404326123128, 'avg_cpu_usage': 51.19467554076539, 'avg_player_ping': 131.0116472545757, 'last_updated': '2026-02-11T18:19:03Z'}
2026-02-11 10:20:23,453 - basicLogger - INFO - Periodic processing has ended
2026-02-11 10:20:28,400 - basicLogger - INFO - Periodic processing has started
2026-02-11 10:20:28,427 - basicLogger - INFO - Events received: server_health=0 player_telemetry=0 (window 2026-02-11T18:19:03.000001Z -> 2026-02-11T18:20:28Z)
2026-02-11 10:20:28,434 - basicLogger - DEBUG - Updated stats values: {'num_server_health_readings': 1202, 'num_player_telemetry_events': 1202, 'max_players': 500, 'min_players': 0, 'avg_players': 242.57404326123128, 'avg_cpu_usage': 51.19467554076539, 'avg_player_ping': 131.0116472545757, 'last_updated': '2026-02-11T18:19:03Z'}
2026-02-11 10:20:28,434 - basicLogger - INFO - Periodic processing has ended
2026-02-11 10:20:33,400 - basicLogger - INFO - Periodic processing has started
2026-02-11 10:20:33,430 - basicLogger - INFO - Events received: server_health=0 player_telemetry=0 (window 2026-02-11T18:19:03.000001Z -> 2026-02-11T18:20:33Z)
2026-02-11 10:20:33,437 - basicLogger - DEBUG - Updated stats values: {'num_server_health_readings': 1202, 'num_player_telemetry_events': 1202, 'max_players': 500, 'min_players': 0, 'avg_players': 242.57404326123128, 'avg_cpu_usage': 51.19467554076539, 'avg_player_ping': 131.0116472545757, 'last_updated': '2026-02-11T18:19:03Z'}
2026-02-11 10:20:33,437 - basicLogger - INFO - Periodic processing has ended
2026-02-11 10:20:38,400 - basicLogger - INFO - Periodic processing has started
2026-02-11 10:20:38,429 - basicLogger - INFO - Events received: server_health=0 player_telemetry=0 (window 2026-02-11T18:19:03.000001Z -> 2026-02-11T18:20:38Z)
2026-02-11 10:20:38,436 - basicLogger - DEBUG - Updated stats values: {'num_server_health_readings': 1202, 'num_player_telemetry_events': 1202, 'max_players': 500, 'min_players': 0, 'avg_players': 242.57404326123128, 'avg_cpu_usage': 51.19467554076539, 'avg_player_ping': 131.0116472545757, 'last_updated': '2026-02-11T18:19:03Z'}
2026-02-11 10:20:38,436 - basicLogger - INFO - Periodic processing has ended
2026-02-11 10:20:43,400 - basicLogger - INFO - Periodic processing has started
2026-02-11 10:20:43,428 - basicLogger - INFO - Events received: server_health=0 player_telemetry=0 (window 2026-02-11T18:19:03.000001Z -> 2026-02-11T18:20:43Z)
2026-02-11 10:20:43,435 - basicLogger - DEBUG - Updated stats values: {'num_server_health_readings': 1202, 'num_player_telemetry_events': 1202, 'max_players': 500, 'min_players': 0, 'avg_players': 242.57404326123128, 'avg_cpu_usage': 51.19467554076539, 'avg_player_ping': 131.0116472545757, 'last_updated': '2026-02-11T18:19:03Z'}
2026-02-11 10:20:43,435 - basicLogger - INFO - Periodic processing has ended
2026-02-11 10:20:48,400 - basicLogger - INFO - Periodic processing has started
2026-02-11 10:20:48,426 - basicLogger - INFO - Events received: server_health=0 player_telemetry=0 (window 2026-02-11T18:19:03.000001Z -> 2026-02-11T18:20:48Z)
2026-02-11 10:20:48,433 - basicLogger - DEBUG - Updated stats values: {'num_server_health_readings': 1202, 'num_player_telemetry_events': 1202, 'max_players': 500, 'min_players': 0, 'avg_players': 242.57404326123128, 'avg_cpu_usage': 51.19467554076539, 'avg_player_ping': 131.0116472545757, 'last_updated': '2026-02-11T18:19:03Z'}
2026-02-11 10:20:48,434 - basicLogger - INFO - Periodic processing has ended
2026-02-11 10:20:53,400 - basicLogger - INFO - Periodic processing has started
2026-02-11 10:20:53,430 - basicLogger - INFO - Events received: server_health=0 player_telemetry=0 (window 2026-02-11T18:19:03.000001Z -> 2026-02-11T18:20:53Z)
2026-02-11 10:20:53,436 - basicLogger - DEBUG - Updated stats values: {'num_server_health_readings': 1202, 'num_player_telemetry_events': 1202, 'max_players': 500, 'min_players': 0, 'avg_players': 242.57404326123128, 'avg_cpu_usage': 51.19467554076539, 'avg_player_ping': 131.0116472545757, 'last_updated': '2026-02-11T18:19:03Z'}
2026-02-11 10:20:53,436 - basicLogger - INFO - Periodic processing has ended
2026-02-11 10:20:58,400 - basicLogger - INFO - Periodic processing has started
2026-02-11 10:20:58,426 - basicLogger - INFO - Events received: server_health=0 player_telemetry=0 (window 2026-02-11T18:19:03.000001Z -> 2026-02-11T18:20:58Z)
2026-02-11 10:20:58,433 - basicLogger - DEBUG - Updated stats values: {'num_server_health_readings': 1202, 'num_player_telemetry_events': 1202, 'max_players': 500, 'min_players': 0, 'avg_players': 242.57404326123128, 'avg_cpu_usage': 51.19467554076539, 'avg_player_ping': 131.0116472545757, 'last_updated': '2026-02-11T18:19:03Z'}
2026-02-11 10:20:58,433 - basicLogger - INFO - Periodic processing has ended
2026-02-11 10:21:03,400 - basicLogger - INFO - Periodic processing has started
2026-02-11 10:21:03,448 - basicLogger - INFO - Events received: server_health=0 player_telemetry=0 (window 2026-02-11T18:19:03.000001Z -> 2026-02-11T18:21:03Z)
2026-02-11 10:21:03,450 - basicLogger - DEBUG - Updated stats values: {'num_server_health_readings': 1202, 'num_player_telemetry_events': 1202, 'max_players': 500, 'min_players': 0, 'avg_players': 242.57404326123128, 'avg_cpu_usage': 51.19467554076539, 'avg_player_ping': 131.0116472545757, 'last_updated': '2026-02-11T18:19:03Z'}
2026-02-11 10:21:03,451 - basicLogger - INFO - Periodic processing has ended
2026-02-11 10:21:08,399 - basicLogger - INFO - Periodic processing has started
2026-02-11 10:21:08,435 - basicLogger - INFO - Events received: server_health=0 player_telemetry=0 (window 2026-02-11T18:19:03.000001Z -> 2026-02-11T18:21:08Z)
2026-02-11 10:21:08,442 - basicLogger - DEBUG - Updated stats values: {'num_server_health_readings': 1202, 'num_player_telemetry_events': 1202, 'max_players': 500, 'min_players': 0, 'avg_players': 242.57404326123128, 'avg_cpu_usage': 51.19467554076539, 'avg_player_ping': 131.0116472545757, 'last_updated': '2026-02-11T18:19:03Z'}
2026-02-11 10:21:08,442 - basicLogger - INFO - Periodic processing has ended
2026-02-11 10:21:13,400 - basicLogger - INFO - Periodic processing has started
2026-02-11 10:21:13,457 - basicLogger - INFO - Events received: server_health=0 player_telemetry=0 (window 2026-02-11T18:19:03.000001Z -> 2026-02-11T18:21:13Z)
2026-02-11 10:21:13,461 - basicLogger - DEBUG - Updated stats values: {'num_server_health_readings': 1202, 'num_player_telemetry_events': 1202, 'max_players': 500, 'min_players': 0, 'avg_players': 242.57404326123128, 'avg_cpu_usage': 51.19467554076539, 'avg_player_ping': 131.0116472545757, 'last_updated': '2026-02-11T18:19:03Z'}
2026-02-11 10:21:13,462 - basicLogger - INFO - Periodic processing has ended
2026-02-11 10:21:18,400 - basicLogger - INFO - Periodic processing has started
2026-02-11 10:21:18,427 - basicLogger - INFO - Events received: server_health=0 player_telemetry=0 (window 2026-02-11T18:19:03.000001Z -> 2026-02-11T18:21:18Z)
2026-02-11 10:21:18,434 - basicLogger - DEBUG - Updated stats values: {'num_server_health_readings': 1202, 'num_player_telemetry_events': 1202, 'max_players': 500, 'min_players': 0, 'avg_players': 242.57404326123128, 'avg_cpu_usage': 51.19467554076539, 'avg_player_ping': 131.0116472545757, 'last_updated': '2026-02-11T18:19:03Z'}
2026-02-11 10:21:18,434 - basicLogger - INFO - Periodic processing has ended
2026-02-11 10:21:23,400 - basicLogger - INFO - Periodic processing has started
2026-02-11 10:21:23,449 - basicLogger - INFO - Events received: server_health=0 player_telemetry=0 (window 2026-02-11T18:19:03.000001Z -> 2026-02-11T18:21:23Z)
2026-02-11 10:21:23,452 - basicLogger - DEBUG - Updated stats values: {'num_server_health_readings': 1202, 'num_player_telemetry_events': 1202, 'max_players': 500, 'min_players': 0, 'avg_players': 242.57404326123128, 'avg_cpu_usage': 51.19467554076539, 'avg_player_ping': 131.0116472545757, 'last_updated': '2026-02-11T18:19:03Z'}
2026-02-11 10:21:23,453 - basicLogger - INFO - Periodic processing has ended
2026-02-11 10:21:28,400 - basicLogger - INFO - Periodic processing has started
2026-02-11 10:21:28,424 - basicLogger - INFO - Events received: server_health=0 player_telemetry=0 (window 2026-02-11T18:19:03.000001Z -> 2026-02-11T18:21:28Z)
2026-02-11 10:21:28,432 - basicLogger - DEBUG - Updated stats values: {'num_server_health_readings': 1202, 'num_player_telemetry_events': 1202, 'max_players': 500, 'min_players': 0, 'avg_players': 242.57404326123128, 'avg_cpu_usage': 51.19467554076539, 'avg_player_ping': 131.0116472545757, 'last_updated': '2026-02-11T18:19:03Z'}
2026-02-11 10:21:28,432 - basicLogger - INFO - Periodic processing has ended
2026-02-11 10:21:33,400 - basicLogger - INFO - Periodic processing has started
2026-02-11 10:21:33,453 - basicLogger - INFO - Events received: server_health=0 player_telemetry=0 (window 2026-02-11T18:19:03.000001Z -> 2026-02-11T18:21:33Z)
2026-02-11 10:21:33,461 - basicLogger - DEBUG - Updated stats values: {'num_server_health_readings': 1202, 'num_player_telemetry_events': 1202, 'max_players': 500, 'min_players': 0, 'avg_players': 242.57404326123128, 'avg_cpu_usage': 51.19467554076539, 'avg_player_ping': 131.0116472545757, 'last_updated': '2026-02-11T18:19:03Z'}
2026-02-11 10:21:33,462 - basicLogger - INFO - Periodic processing has ended
2026-02-11 10:21:38,400 - basicLogger - INFO - Periodic processing has started
2026-02-11 10:21:38,429 - basicLogger - INFO - Events received: server_health=0 player_telemetry=0 (window 2026-02-11T18:19:03.000001Z -> 2026-02-11T18:21:38Z)
2026-02-11 10:21:38,431 - basicLogger - DEBUG - Updated stats values: {'num_server_health_readings': 1202, 'num_player_telemetry_events': 1202, 'max_players': 500, 'min_players': 0, 'avg_players': 242.57404326123128, 'avg_cpu_usage': 51.19467554076539, 'avg_player_ping': 131.0116472545757, 'last_updated': '2026-02-11T18:19:03Z'}
2026-02-11 10:21:38,432 - basicLogger - INFO - Periodic processing has ended
2026-02-11 10:21:43,400 - basicLogger - INFO - Periodic processing has started
2026-02-11 10:21:43,448 - basicLogger - INFO - Events received: server_health=0 player_telemetry=0 (window 2026-02-11T18:19:03.000001Z -> 2026-02-11T18:21:43Z)
2026-02-11 10:21:43,451 - basicLogger - DEBUG - Updated stats values: {'num_server_health_readings': 1202, 'num_player_telemetry_events': 1202, 'max_players': 500, 'min_players': 0, 'avg_players': 242.57404326123128, 'avg_cpu_usage': 51.19467554076539, 'avg_player_ping': 131.0116472545757, 'last_updated': '2026-02-11T18:19:03Z'}
2026-02-11 10:21:43,451 - basicLogger - INFO - Periodic processing has ended
2026-02-11 10:21:48,400 - basicLogger - INFO - Periodic processing has started
2026-02-11 10:21:48,428 - basicLogger - INFO - Events received: server_health=0 player_telemetry=0 (window 2026-02-11T18:19:03.000001Z -> 2026-02-11T18:21:48Z)
2026-02-11 10:21:48,435 - basicLogger - DEBUG - Updated stats values: {'num_server_health_readings': 1202, 'num_player_telemetry_events': 1202, 'max_players': 500, 'min_players': 0, 'avg_players': 242.57404326123128, 'avg_cpu_usage': 51.19467554076539, 'avg_player_ping': 131.0116472545757, 'last_updated': '2026-02-11T18:19:03Z'}
2026-02-11 10:21:48,435 - basicLogger - INFO - Periodic processing has ended
2026-02-11 10:21:53,400 - basicLogger - INFO - Periodic processing has started
2026-02-11 10:21:53,441 - basicLogger - INFO - Events received: server_health=0 player_telemetry=0 (window 2026-02-11T18:19:03.000001Z -> 2026-02-11T18:21:53Z)
2026-02-11 10:21:53,449 - basicLogger - DEBUG - Updated stats values: {'num_server_health_readings': 1202, 'num_player_telemetry_events': 1202, 'max_players': 500, 'min_players': 0, 'avg_players': 242.57404326123128, 'avg_cpu_usage': 51.19467554076539, 'avg_player_ping': 131.0116472545757, 'last_updated': '2026-02-11T18:19:03Z'}
2026-02-11 10:21:53,449 - basicLogger - INFO - Periodic processing has ended
2026-02-11 10:21:58,400 - basicLogger - INFO - Periodic processing has started
2026-02-11 10:21:58,407 - basicLogger - ERROR - GET http://localhost:8089/events/server-health failed: HTTPConnectionPool(host='localhost', port=8089): Max retries exceeded with url: /events/server-health?start_timestamp=2026-02-11T18%3A19%3A03.000001Z&end_timestamp=2026-02-11T18%3A21%3A58Z (Caused by NewConnectionError("HTTPConnection(host='localhost', port=8089): Failed to establish a new connection: [Errno 111] Connection refused"))
Traceback (most recent call last):
  File "/home/sato/Documents/term4/service_based_architecture/processing/venv/lib/python3.13/site-packages/urllib3/connection.py", line 204, in _new_conn
    sock = connection.create_connection(
        (self._dns_host, self.port),
    ...<2 lines>...
        socket_options=self.socket_options,
    )
  File "/home/sato/Documents/term4/service_based_architecture/processing/venv/lib/python3.13/site-packages/urllib3/util/connection.py", line 85, in create_connection
    raise err
  File "/home/sato/Documents/term4/service_based_architecture/processing/venv/lib/python3.13/site-packages/urllib3/util/connection.py", line 73, in create_connection
    sock.connect(sa)
    ~~~~~~~~~~~~^^^^
ConnectionRefusedError: [Errno 111] Connection refused

The above exception was the direct cause of the following exception:

Traceback (most recent call last):
  File "/home/sato/Documents/term4/service_based_architecture/processing/venv/lib/python3.13/site-packages/urllib3/connectionpool.py", line 787, in urlopen
    response = self._make_request(
        conn,
    ...<10 lines>...
        **response_kw,
    )
  File "/home/sato/Documents/term4/service_based_architecture/processing/venv/lib/python3.13/site-packages/urllib3/connectionpool.py", line 493, in _make_request
    conn.request(
    ~~~~~~~~~~~~^
        method,
        ^^^^^^^
    ...<6 lines>...
        enforce_content_length=enforce_content_length,
        ^^^^^^^^^^^^^^^^^^^^^^^^^^^^^^^^^^^^^^^^^^^^^^
    )
    ^
  File "/home/sato/Documents/term4/service_based_architecture/processing/venv/lib/python3.13/site-packages/urllib3/connection.py", line 500, in request
    self.endheaders()
    ~~~~~~~~~~~~~~~^^
  File "/home/sato/.pyenv/versions/3.13.5/lib/python3.13/http/client.py", line 1333, in endheaders
    self._send_output(message_body, encode_chunked=encode_chunked)
    ~~~~~~~~~~~~~~~~~^^^^^^^^^^^^^^^^^^^^^^^^^^^^^^^^^^^^^^^^^^^^^
  File "/home/sato/.pyenv/versions/3.13.5/lib/python3.13/http/client.py", line 1093, in _send_output
    self.send(msg)
    ~~~~~~~~~^^^^^
  File "/home/sato/.pyenv/versions/3.13.5/lib/python3.13/http/client.py", line 1037, in send
    self.connect()
    ~~~~~~~~~~~~^^
  File "/home/sato/Documents/term4/service_based_architecture/processing/venv/lib/python3.13/site-packages/urllib3/connection.py", line 331, in connect
    self.sock = self._new_conn()
                ~~~~~~~~~~~~~~^^
  File "/home/sato/Documents/term4/service_based_architecture/processing/venv/lib/python3.13/site-packages/urllib3/connection.py", line 219, in _new_conn
    raise NewConnectionError(
        self, f"Failed to establish a new connection: {e}"
    ) from e
urllib3.exceptions.NewConnectionError: HTTPConnection(host='localhost', port=8089): Failed to establish a new connection: [Errno 111] Connection refused

The above exception was the direct cause of the following exception:

Traceback (most recent call last):
  File "/home/sato/Documents/term4/service_based_architecture/processing/venv/lib/python3.13/site-packages/requests/adapters.py", line 644, in send
    resp = conn.urlopen(
        method=request.method,
    ...<9 lines>...
        chunked=chunked,
    )
  File "/home/sato/Documents/term4/service_based_architecture/processing/venv/lib/python3.13/site-packages/urllib3/connectionpool.py", line 841, in urlopen
    retries = retries.increment(
        method, url, error=new_e, _pool=self, _stacktrace=sys.exc_info()[2]
    )
  File "/home/sato/Documents/term4/service_based_architecture/processing/venv/lib/python3.13/site-packages/urllib3/util/retry.py", line 535, in increment
    raise MaxRetryError(_pool, url, reason) from reason  # type: ignore[arg-type]
    ^^^^^^^^^^^^^^^^^^^^^^^^^^^^^^^^^^^^^^^^^^^^^^^^^^^
urllib3.exceptions.MaxRetryError: HTTPConnectionPool(host='localhost', port=8089): Max retries exceeded with url: /events/server-health?start_timestamp=2026-02-11T18%3A19%3A03.000001Z&end_timestamp=2026-02-11T18%3A21%3A58Z (Caused by NewConnectionError("HTTPConnection(host='localhost', port=8089): Failed to establish a new connection: [Errno 111] Connection refused"))

During handling of the above exception, another exception occurred:

Traceback (most recent call last):
  File "/home/sato/Documents/term4/service_based_architecture/processing/app.py", line 123, in fetch_events
    r = requests.get(url, params=params, timeout=10)
  File "/home/sato/Documents/term4/service_based_architecture/processing/venv/lib/python3.13/site-packages/requests/api.py", line 73, in get
    return request("get", url, params=params, **kwargs)
  File "/home/sato/Documents/term4/service_based_architecture/processing/venv/lib/python3.13/site-packages/requests/api.py", line 59, in request
    return session.request(method=method, url=url, **kwargs)
           ~~~~~~~~~~~~~~~^^^^^^^^^^^^^^^^^^^^^^^^^^^^^^^^^^
  File "/home/sato/Documents/term4/service_based_architecture/processing/venv/lib/python3.13/site-packages/requests/sessions.py", line 589, in request
    resp = self.send(prep, **send_kwargs)
  File "/home/sato/Documents/term4/service_based_architecture/processing/venv/lib/python3.13/site-packages/requests/sessions.py", line 703, in send
    r = adapter.send(request, **kwargs)
  File "/home/sato/Documents/term4/service_based_architecture/processing/venv/lib/python3.13/site-packages/requests/adapters.py", line 677, in send
    raise ConnectionError(e, request=request)
requests.exceptions.ConnectionError: HTTPConnectionPool(host='localhost', port=8089): Max retries exceeded with url: /events/server-health?start_timestamp=2026-02-11T18%3A19%3A03.000001Z&end_timestamp=2026-02-11T18%3A21%3A58Z (Caused by NewConnectionError("HTTPConnection(host='localhost', port=8089): Failed to establish a new connection: [Errno 111] Connection refused"))
2026-02-11 10:21:58,441 - basicLogger - ERROR - GET http://localhost:8089/events/player-telemetry failed: HTTPConnectionPool(host='localhost', port=8089): Max retries exceeded with url: /events/player-telemetry?start_timestamp=2026-02-11T18%3A19%3A03.000001Z&end_timestamp=2026-02-11T18%3A21%3A58Z (Caused by NewConnectionError("HTTPConnection(host='localhost', port=8089): Failed to establish a new connection: [Errno 111] Connection refused"))
Traceback (most recent call last):
  File "/home/sato/Documents/term4/service_based_architecture/processing/venv/lib/python3.13/site-packages/urllib3/connection.py", line 204, in _new_conn
    sock = connection.create_connection(
        (self._dns_host, self.port),
    ...<2 lines>...
        socket_options=self.socket_options,
    )
  File "/home/sato/Documents/term4/service_based_architecture/processing/venv/lib/python3.13/site-packages/urllib3/util/connection.py", line 85, in create_connection
    raise err
  File "/home/sato/Documents/term4/service_based_architecture/processing/venv/lib/python3.13/site-packages/urllib3/util/connection.py", line 73, in create_connection
    sock.connect(sa)
    ~~~~~~~~~~~~^^^^
ConnectionRefusedError: [Errno 111] Connection refused

The above exception was the direct cause of the following exception:

Traceback (most recent call last):
  File "/home/sato/Documents/term4/service_based_architecture/processing/venv/lib/python3.13/site-packages/urllib3/connectionpool.py", line 787, in urlopen
    response = self._make_request(
        conn,
    ...<10 lines>...
        **response_kw,
    )
  File "/home/sato/Documents/term4/service_based_architecture/processing/venv/lib/python3.13/site-packages/urllib3/connectionpool.py", line 493, in _make_request
    conn.request(
    ~~~~~~~~~~~~^
        method,
        ^^^^^^^
    ...<6 lines>...
        enforce_content_length=enforce_content_length,
        ^^^^^^^^^^^^^^^^^^^^^^^^^^^^^^^^^^^^^^^^^^^^^^
    )
    ^
  File "/home/sato/Documents/term4/service_based_architecture/processing/venv/lib/python3.13/site-packages/urllib3/connection.py", line 500, in request
    self.endheaders()
    ~~~~~~~~~~~~~~~^^
  File "/home/sato/.pyenv/versions/3.13.5/lib/python3.13/http/client.py", line 1333, in endheaders
    self._send_output(message_body, encode_chunked=encode_chunked)
    ~~~~~~~~~~~~~~~~~^^^^^^^^^^^^^^^^^^^^^^^^^^^^^^^^^^^^^^^^^^^^^
  File "/home/sato/.pyenv/versions/3.13.5/lib/python3.13/http/client.py", line 1093, in _send_output
    self.send(msg)
    ~~~~~~~~~^^^^^
  File "/home/sato/.pyenv/versions/3.13.5/lib/python3.13/http/client.py", line 1037, in send
    self.connect()
    ~~~~~~~~~~~~^^
  File "/home/sato/Documents/term4/service_based_architecture/processing/venv/lib/python3.13/site-packages/urllib3/connection.py", line 331, in connect
    self.sock = self._new_conn()
                ~~~~~~~~~~~~~~^^
  File "/home/sato/Documents/term4/service_based_architecture/processing/venv/lib/python3.13/site-packages/urllib3/connection.py", line 219, in _new_conn
    raise NewConnectionError(
        self, f"Failed to establish a new connection: {e}"
    ) from e
urllib3.exceptions.NewConnectionError: HTTPConnection(host='localhost', port=8089): Failed to establish a new connection: [Errno 111] Connection refused

The above exception was the direct cause of the following exception:

Traceback (most recent call last):
  File "/home/sato/Documents/term4/service_based_architecture/processing/venv/lib/python3.13/site-packages/requests/adapters.py", line 644, in send
    resp = conn.urlopen(
        method=request.method,
    ...<9 lines>...
        chunked=chunked,
    )
  File "/home/sato/Documents/term4/service_based_architecture/processing/venv/lib/python3.13/site-packages/urllib3/connectionpool.py", line 841, in urlopen
    retries = retries.increment(
        method, url, error=new_e, _pool=self, _stacktrace=sys.exc_info()[2]
    )
  File "/home/sato/Documents/term4/service_based_architecture/processing/venv/lib/python3.13/site-packages/urllib3/util/retry.py", line 535, in increment
    raise MaxRetryError(_pool, url, reason) from reason  # type: ignore[arg-type]
    ^^^^^^^^^^^^^^^^^^^^^^^^^^^^^^^^^^^^^^^^^^^^^^^^^^^
urllib3.exceptions.MaxRetryError: HTTPConnectionPool(host='localhost', port=8089): Max retries exceeded with url: /events/player-telemetry?start_timestamp=2026-02-11T18%3A19%3A03.000001Z&end_timestamp=2026-02-11T18%3A21%3A58Z (Caused by NewConnectionError("HTTPConnection(host='localhost', port=8089): Failed to establish a new connection: [Errno 111] Connection refused"))

During handling of the above exception, another exception occurred:

Traceback (most recent call last):
  File "/home/sato/Documents/term4/service_based_architecture/processing/app.py", line 123, in fetch_events
    r = requests.get(url, params=params, timeout=10)
  File "/home/sato/Documents/term4/service_based_architecture/processing/venv/lib/python3.13/site-packages/requests/api.py", line 73, in get
    return request("get", url, params=params, **kwargs)
  File "/home/sato/Documents/term4/service_based_architecture/processing/venv/lib/python3.13/site-packages/requests/api.py", line 59, in request
    return session.request(method=method, url=url, **kwargs)
           ~~~~~~~~~~~~~~~^^^^^^^^^^^^^^^^^^^^^^^^^^^^^^^^^^
  File "/home/sato/Documents/term4/service_based_architecture/processing/venv/lib/python3.13/site-packages/requests/sessions.py", line 589, in request
    resp = self.send(prep, **send_kwargs)
  File "/home/sato/Documents/term4/service_based_architecture/processing/venv/lib/python3.13/site-packages/requests/sessions.py", line 703, in send
    r = adapter.send(request, **kwargs)
  File "/home/sato/Documents/term4/service_based_architecture/processing/venv/lib/python3.13/site-packages/requests/adapters.py", line 677, in send
    raise ConnectionError(e, request=request)
requests.exceptions.ConnectionError: HTTPConnectionPool(host='localhost', port=8089): Max retries exceeded with url: /events/player-telemetry?start_timestamp=2026-02-11T18%3A19%3A03.000001Z&end_timestamp=2026-02-11T18%3A21%3A58Z (Caused by NewConnectionError("HTTPConnection(host='localhost', port=8089): Failed to establish a new connection: [Errno 111] Connection refused"))
2026-02-11 10:21:58,450 - basicLogger - ERROR - Storage GET server-health failed (status=0)
2026-02-11 10:21:58,450 - basicLogger - ERROR - Storage GET player-telemetry failed (status=0)
2026-02-11 10:21:58,451 - basicLogger - INFO - Events received: server_health=0 player_telemetry=0 (window 2026-02-11T18:19:03.000001Z -> 2026-02-11T18:21:58Z)
2026-02-11 10:21:58,453 - basicLogger - DEBUG - Updated stats values: {'num_server_health_readings': 1202, 'num_player_telemetry_events': 1202, 'max_players': 500, 'min_players': 0, 'avg_players': 242.57404326123128, 'avg_cpu_usage': 51.19467554076539, 'avg_player_ping': 131.0116472545757, 'last_updated': '2026-02-11T18:19:03Z'}
2026-02-11 10:21:58,453 - basicLogger - INFO - Periodic processing has ended
2026-02-11 10:22:03,400 - basicLogger - INFO - Periodic processing has started
2026-02-11 10:22:03,405 - basicLogger - ERROR - GET http://localhost:8089/events/server-health failed: HTTPConnectionPool(host='localhost', port=8089): Max retries exceeded with url: /events/server-health?start_timestamp=2026-02-11T18%3A19%3A03.000001Z&end_timestamp=2026-02-11T18%3A22%3A03Z (Caused by NewConnectionError("HTTPConnection(host='localhost', port=8089): Failed to establish a new connection: [Errno 111] Connection refused"))
Traceback (most recent call last):
  File "/home/sato/Documents/term4/service_based_architecture/processing/venv/lib/python3.13/site-packages/urllib3/connection.py", line 204, in _new_conn
    sock = connection.create_connection(
        (self._dns_host, self.port),
    ...<2 lines>...
        socket_options=self.socket_options,
    )
  File "/home/sato/Documents/term4/service_based_architecture/processing/venv/lib/python3.13/site-packages/urllib3/util/connection.py", line 85, in create_connection
    raise err
  File "/home/sato/Documents/term4/service_based_architecture/processing/venv/lib/python3.13/site-packages/urllib3/util/connection.py", line 73, in create_connection
    sock.connect(sa)
    ~~~~~~~~~~~~^^^^
ConnectionRefusedError: [Errno 111] Connection refused

The above exception was the direct cause of the following exception:

Traceback (most recent call last):
  File "/home/sato/Documents/term4/service_based_architecture/processing/venv/lib/python3.13/site-packages/urllib3/connectionpool.py", line 787, in urlopen
    response = self._make_request(
        conn,
    ...<10 lines>...
        **response_kw,
    )
  File "/home/sato/Documents/term4/service_based_architecture/processing/venv/lib/python3.13/site-packages/urllib3/connectionpool.py", line 493, in _make_request
    conn.request(
    ~~~~~~~~~~~~^
        method,
        ^^^^^^^
    ...<6 lines>...
        enforce_content_length=enforce_content_length,
        ^^^^^^^^^^^^^^^^^^^^^^^^^^^^^^^^^^^^^^^^^^^^^^
    )
    ^
  File "/home/sato/Documents/term4/service_based_architecture/processing/venv/lib/python3.13/site-packages/urllib3/connection.py", line 500, in request
    self.endheaders()
    ~~~~~~~~~~~~~~~^^
  File "/home/sato/.pyenv/versions/3.13.5/lib/python3.13/http/client.py", line 1333, in endheaders
    self._send_output(message_body, encode_chunked=encode_chunked)
    ~~~~~~~~~~~~~~~~~^^^^^^^^^^^^^^^^^^^^^^^^^^^^^^^^^^^^^^^^^^^^^
  File "/home/sato/.pyenv/versions/3.13.5/lib/python3.13/http/client.py", line 1093, in _send_output
    self.send(msg)
    ~~~~~~~~~^^^^^
  File "/home/sato/.pyenv/versions/3.13.5/lib/python3.13/http/client.py", line 1037, in send
    self.connect()
    ~~~~~~~~~~~~^^
  File "/home/sato/Documents/term4/service_based_architecture/processing/venv/lib/python3.13/site-packages/urllib3/connection.py", line 331, in connect
    self.sock = self._new_conn()
                ~~~~~~~~~~~~~~^^
  File "/home/sato/Documents/term4/service_based_architecture/processing/venv/lib/python3.13/site-packages/urllib3/connection.py", line 219, in _new_conn
    raise NewConnectionError(
        self, f"Failed to establish a new connection: {e}"
    ) from e
urllib3.exceptions.NewConnectionError: HTTPConnection(host='localhost', port=8089): Failed to establish a new connection: [Errno 111] Connection refused

The above exception was the direct cause of the following exception:

Traceback (most recent call last):
  File "/home/sato/Documents/term4/service_based_architecture/processing/venv/lib/python3.13/site-packages/requests/adapters.py", line 644, in send
    resp = conn.urlopen(
        method=request.method,
    ...<9 lines>...
        chunked=chunked,
    )
  File "/home/sato/Documents/term4/service_based_architecture/processing/venv/lib/python3.13/site-packages/urllib3/connectionpool.py", line 841, in urlopen
    retries = retries.increment(
        method, url, error=new_e, _pool=self, _stacktrace=sys.exc_info()[2]
    )
  File "/home/sato/Documents/term4/service_based_architecture/processing/venv/lib/python3.13/site-packages/urllib3/util/retry.py", line 535, in increment
    raise MaxRetryError(_pool, url, reason) from reason  # type: ignore[arg-type]
    ^^^^^^^^^^^^^^^^^^^^^^^^^^^^^^^^^^^^^^^^^^^^^^^^^^^
urllib3.exceptions.MaxRetryError: HTTPConnectionPool(host='localhost', port=8089): Max retries exceeded with url: /events/server-health?start_timestamp=2026-02-11T18%3A19%3A03.000001Z&end_timestamp=2026-02-11T18%3A22%3A03Z (Caused by NewConnectionError("HTTPConnection(host='localhost', port=8089): Failed to establish a new connection: [Errno 111] Connection refused"))

During handling of the above exception, another exception occurred:

Traceback (most recent call last):
  File "/home/sato/Documents/term4/service_based_architecture/processing/app.py", line 123, in fetch_events
    r = requests.get(url, params=params, timeout=10)
  File "/home/sato/Documents/term4/service_based_architecture/processing/venv/lib/python3.13/site-packages/requests/api.py", line 73, in get
    return request("get", url, params=params, **kwargs)
  File "/home/sato/Documents/term4/service_based_architecture/processing/venv/lib/python3.13/site-packages/requests/api.py", line 59, in request
    return session.request(method=method, url=url, **kwargs)
           ~~~~~~~~~~~~~~~^^^^^^^^^^^^^^^^^^^^^^^^^^^^^^^^^^
  File "/home/sato/Documents/term4/service_based_architecture/processing/venv/lib/python3.13/site-packages/requests/sessions.py", line 589, in request
    resp = self.send(prep, **send_kwargs)
  File "/home/sato/Documents/term4/service_based_architecture/processing/venv/lib/python3.13/site-packages/requests/sessions.py", line 703, in send
    r = adapter.send(request, **kwargs)
  File "/home/sato/Documents/term4/service_based_architecture/processing/venv/lib/python3.13/site-packages/requests/adapters.py", line 677, in send
    raise ConnectionError(e, request=request)
requests.exceptions.ConnectionError: HTTPConnectionPool(host='localhost', port=8089): Max retries exceeded with url: /events/server-health?start_timestamp=2026-02-11T18%3A19%3A03.000001Z&end_timestamp=2026-02-11T18%3A22%3A03Z (Caused by NewConnectionError("HTTPConnection(host='localhost', port=8089): Failed to establish a new connection: [Errno 111] Connection refused"))
2026-02-11 10:22:03,414 - basicLogger - ERROR - GET http://localhost:8089/events/player-telemetry failed: HTTPConnectionPool(host='localhost', port=8089): Max retries exceeded with url: /events/player-telemetry?start_timestamp=2026-02-11T18%3A19%3A03.000001Z&end_timestamp=2026-02-11T18%3A22%3A03Z (Caused by NewConnectionError("HTTPConnection(host='localhost', port=8089): Failed to establish a new connection: [Errno 111] Connection refused"))
Traceback (most recent call last):
  File "/home/sato/Documents/term4/service_based_architecture/processing/venv/lib/python3.13/site-packages/urllib3/connection.py", line 204, in _new_conn
    sock = connection.create_connection(
        (self._dns_host, self.port),
    ...<2 lines>...
        socket_options=self.socket_options,
    )
  File "/home/sato/Documents/term4/service_based_architecture/processing/venv/lib/python3.13/site-packages/urllib3/util/connection.py", line 85, in create_connection
    raise err
  File "/home/sato/Documents/term4/service_based_architecture/processing/venv/lib/python3.13/site-packages/urllib3/util/connection.py", line 73, in create_connection
    sock.connect(sa)
    ~~~~~~~~~~~~^^^^
ConnectionRefusedError: [Errno 111] Connection refused

The above exception was the direct cause of the following exception:

Traceback (most recent call last):
  File "/home/sato/Documents/term4/service_based_architecture/processing/venv/lib/python3.13/site-packages/urllib3/connectionpool.py", line 787, in urlopen
    response = self._make_request(
        conn,
    ...<10 lines>...
        **response_kw,
    )
  File "/home/sato/Documents/term4/service_based_architecture/processing/venv/lib/python3.13/site-packages/urllib3/connectionpool.py", line 493, in _make_request
    conn.request(
    ~~~~~~~~~~~~^
        method,
        ^^^^^^^
    ...<6 lines>...
        enforce_content_length=enforce_content_length,
        ^^^^^^^^^^^^^^^^^^^^^^^^^^^^^^^^^^^^^^^^^^^^^^
    )
    ^
  File "/home/sato/Documents/term4/service_based_architecture/processing/venv/lib/python3.13/site-packages/urllib3/connection.py", line 500, in request
    self.endheaders()
    ~~~~~~~~~~~~~~~^^
  File "/home/sato/.pyenv/versions/3.13.5/lib/python3.13/http/client.py", line 1333, in endheaders
    self._send_output(message_body, encode_chunked=encode_chunked)
    ~~~~~~~~~~~~~~~~~^^^^^^^^^^^^^^^^^^^^^^^^^^^^^^^^^^^^^^^^^^^^^
  File "/home/sato/.pyenv/versions/3.13.5/lib/python3.13/http/client.py", line 1093, in _send_output
    self.send(msg)
    ~~~~~~~~~^^^^^
  File "/home/sato/.pyenv/versions/3.13.5/lib/python3.13/http/client.py", line 1037, in send
    self.connect()
    ~~~~~~~~~~~~^^
  File "/home/sato/Documents/term4/service_based_architecture/processing/venv/lib/python3.13/site-packages/urllib3/connection.py", line 331, in connect
    self.sock = self._new_conn()
                ~~~~~~~~~~~~~~^^
  File "/home/sato/Documents/term4/service_based_architecture/processing/venv/lib/python3.13/site-packages/urllib3/connection.py", line 219, in _new_conn
    raise NewConnectionError(
        self, f"Failed to establish a new connection: {e}"
    ) from e
urllib3.exceptions.NewConnectionError: HTTPConnection(host='localhost', port=8089): Failed to establish a new connection: [Errno 111] Connection refused

The above exception was the direct cause of the following exception:

Traceback (most recent call last):
  File "/home/sato/Documents/term4/service_based_architecture/processing/venv/lib/python3.13/site-packages/requests/adapters.py", line 644, in send
    resp = conn.urlopen(
        method=request.method,
    ...<9 lines>...
        chunked=chunked,
    )
  File "/home/sato/Documents/term4/service_based_architecture/processing/venv/lib/python3.13/site-packages/urllib3/connectionpool.py", line 841, in urlopen
    retries = retries.increment(
        method, url, error=new_e, _pool=self, _stacktrace=sys.exc_info()[2]
    )
  File "/home/sato/Documents/term4/service_based_architecture/processing/venv/lib/python3.13/site-packages/urllib3/util/retry.py", line 535, in increment
    raise MaxRetryError(_pool, url, reason) from reason  # type: ignore[arg-type]
    ^^^^^^^^^^^^^^^^^^^^^^^^^^^^^^^^^^^^^^^^^^^^^^^^^^^
urllib3.exceptions.MaxRetryError: HTTPConnectionPool(host='localhost', port=8089): Max retries exceeded with url: /events/player-telemetry?start_timestamp=2026-02-11T18%3A19%3A03.000001Z&end_timestamp=2026-02-11T18%3A22%3A03Z (Caused by NewConnectionError("HTTPConnection(host='localhost', port=8089): Failed to establish a new connection: [Errno 111] Connection refused"))

During handling of the above exception, another exception occurred:

Traceback (most recent call last):
  File "/home/sato/Documents/term4/service_based_architecture/processing/app.py", line 123, in fetch_events
    r = requests.get(url, params=params, timeout=10)
  File "/home/sato/Documents/term4/service_based_architecture/processing/venv/lib/python3.13/site-packages/requests/api.py", line 73, in get
    return request("get", url, params=params, **kwargs)
  File "/home/sato/Documents/term4/service_based_architecture/processing/venv/lib/python3.13/site-packages/requests/api.py", line 59, in request
    return session.request(method=method, url=url, **kwargs)
           ~~~~~~~~~~~~~~~^^^^^^^^^^^^^^^^^^^^^^^^^^^^^^^^^^
  File "/home/sato/Documents/term4/service_based_architecture/processing/venv/lib/python3.13/site-packages/requests/sessions.py", line 589, in request
    resp = self.send(prep, **send_kwargs)
  File "/home/sato/Documents/term4/service_based_architecture/processing/venv/lib/python3.13/site-packages/requests/sessions.py", line 703, in send
    r = adapter.send(request, **kwargs)
  File "/home/sato/Documents/term4/service_based_architecture/processing/venv/lib/python3.13/site-packages/requests/adapters.py", line 677, in send
    raise ConnectionError(e, request=request)
requests.exceptions.ConnectionError: HTTPConnectionPool(host='localhost', port=8089): Max retries exceeded with url: /events/player-telemetry?start_timestamp=2026-02-11T18%3A19%3A03.000001Z&end_timestamp=2026-02-11T18%3A22%3A03Z (Caused by NewConnectionError("HTTPConnection(host='localhost', port=8089): Failed to establish a new connection: [Errno 111] Connection refused"))
2026-02-11 10:22:03,420 - basicLogger - ERROR - Storage GET server-health failed (status=0)
2026-02-11 10:22:03,420 - basicLogger - ERROR - Storage GET player-telemetry failed (status=0)
2026-02-11 10:22:03,420 - basicLogger - INFO - Events received: server_health=0 player_telemetry=0 (window 2026-02-11T18:19:03.000001Z -> 2026-02-11T18:22:03Z)
2026-02-11 10:22:03,427 - basicLogger - DEBUG - Updated stats values: {'num_server_health_readings': 1202, 'num_player_telemetry_events': 1202, 'max_players': 500, 'min_players': 0, 'avg_players': 242.57404326123128, 'avg_cpu_usage': 51.19467554076539, 'avg_player_ping': 131.0116472545757, 'last_updated': '2026-02-11T18:19:03Z'}
2026-02-11 10:22:03,427 - basicLogger - INFO - Periodic processing has ended
2026-02-11 10:22:08,400 - basicLogger - INFO - Periodic processing has started
2026-02-11 10:22:08,406 - basicLogger - ERROR - GET http://localhost:8089/events/server-health failed: HTTPConnectionPool(host='localhost', port=8089): Max retries exceeded with url: /events/server-health?start_timestamp=2026-02-11T18%3A19%3A03.000001Z&end_timestamp=2026-02-11T18%3A22%3A08Z (Caused by NewConnectionError("HTTPConnection(host='localhost', port=8089): Failed to establish a new connection: [Errno 111] Connection refused"))
Traceback (most recent call last):
  File "/home/sato/Documents/term4/service_based_architecture/processing/venv/lib/python3.13/site-packages/urllib3/connection.py", line 204, in _new_conn
    sock = connection.create_connection(
        (self._dns_host, self.port),
    ...<2 lines>...
        socket_options=self.socket_options,
    )
  File "/home/sato/Documents/term4/service_based_architecture/processing/venv/lib/python3.13/site-packages/urllib3/util/connection.py", line 85, in create_connection
    raise err
  File "/home/sato/Documents/term4/service_based_architecture/processing/venv/lib/python3.13/site-packages/urllib3/util/connection.py", line 73, in create_connection
    sock.connect(sa)
    ~~~~~~~~~~~~^^^^
ConnectionRefusedError: [Errno 111] Connection refused

The above exception was the direct cause of the following exception:

Traceback (most recent call last):
  File "/home/sato/Documents/term4/service_based_architecture/processing/venv/lib/python3.13/site-packages/urllib3/connectionpool.py", line 787, in urlopen
    response = self._make_request(
        conn,
    ...<10 lines>...
        **response_kw,
    )
  File "/home/sato/Documents/term4/service_based_architecture/processing/venv/lib/python3.13/site-packages/urllib3/connectionpool.py", line 493, in _make_request
    conn.request(
    ~~~~~~~~~~~~^
        method,
        ^^^^^^^
    ...<6 lines>...
        enforce_content_length=enforce_content_length,
        ^^^^^^^^^^^^^^^^^^^^^^^^^^^^^^^^^^^^^^^^^^^^^^
    )
    ^
  File "/home/sato/Documents/term4/service_based_architecture/processing/venv/lib/python3.13/site-packages/urllib3/connection.py", line 500, in request
    self.endheaders()
    ~~~~~~~~~~~~~~~^^
  File "/home/sato/.pyenv/versions/3.13.5/lib/python3.13/http/client.py", line 1333, in endheaders
    self._send_output(message_body, encode_chunked=encode_chunked)
    ~~~~~~~~~~~~~~~~~^^^^^^^^^^^^^^^^^^^^^^^^^^^^^^^^^^^^^^^^^^^^^
  File "/home/sato/.pyenv/versions/3.13.5/lib/python3.13/http/client.py", line 1093, in _send_output
    self.send(msg)
    ~~~~~~~~~^^^^^
  File "/home/sato/.pyenv/versions/3.13.5/lib/python3.13/http/client.py", line 1037, in send
    self.connect()
    ~~~~~~~~~~~~^^
  File "/home/sato/Documents/term4/service_based_architecture/processing/venv/lib/python3.13/site-packages/urllib3/connection.py", line 331, in connect
    self.sock = self._new_conn()
                ~~~~~~~~~~~~~~^^
  File "/home/sato/Documents/term4/service_based_architecture/processing/venv/lib/python3.13/site-packages/urllib3/connection.py", line 219, in _new_conn
    raise NewConnectionError(
        self, f"Failed to establish a new connection: {e}"
    ) from e
urllib3.exceptions.NewConnectionError: HTTPConnection(host='localhost', port=8089): Failed to establish a new connection: [Errno 111] Connection refused

The above exception was the direct cause of the following exception:

Traceback (most recent call last):
  File "/home/sato/Documents/term4/service_based_architecture/processing/venv/lib/python3.13/site-packages/requests/adapters.py", line 644, in send
    resp = conn.urlopen(
        method=request.method,
    ...<9 lines>...
        chunked=chunked,
    )
  File "/home/sato/Documents/term4/service_based_architecture/processing/venv/lib/python3.13/site-packages/urllib3/connectionpool.py", line 841, in urlopen
    retries = retries.increment(
        method, url, error=new_e, _pool=self, _stacktrace=sys.exc_info()[2]
    )
  File "/home/sato/Documents/term4/service_based_architecture/processing/venv/lib/python3.13/site-packages/urllib3/util/retry.py", line 535, in increment
    raise MaxRetryError(_pool, url, reason) from reason  # type: ignore[arg-type]
    ^^^^^^^^^^^^^^^^^^^^^^^^^^^^^^^^^^^^^^^^^^^^^^^^^^^
urllib3.exceptions.MaxRetryError: HTTPConnectionPool(host='localhost', port=8089): Max retries exceeded with url: /events/server-health?start_timestamp=2026-02-11T18%3A19%3A03.000001Z&end_timestamp=2026-02-11T18%3A22%3A08Z (Caused by NewConnectionError("HTTPConnection(host='localhost', port=8089): Failed to establish a new connection: [Errno 111] Connection refused"))

During handling of the above exception, another exception occurred:

Traceback (most recent call last):
  File "/home/sato/Documents/term4/service_based_architecture/processing/app.py", line 123, in fetch_events
    r = requests.get(url, params=params, timeout=10)
  File "/home/sato/Documents/term4/service_based_architecture/processing/venv/lib/python3.13/site-packages/requests/api.py", line 73, in get
    return request("get", url, params=params, **kwargs)
  File "/home/sato/Documents/term4/service_based_architecture/processing/venv/lib/python3.13/site-packages/requests/api.py", line 59, in request
    return session.request(method=method, url=url, **kwargs)
           ~~~~~~~~~~~~~~~^^^^^^^^^^^^^^^^^^^^^^^^^^^^^^^^^^
  File "/home/sato/Documents/term4/service_based_architecture/processing/venv/lib/python3.13/site-packages/requests/sessions.py", line 589, in request
    resp = self.send(prep, **send_kwargs)
  File "/home/sato/Documents/term4/service_based_architecture/processing/venv/lib/python3.13/site-packages/requests/sessions.py", line 703, in send
    r = adapter.send(request, **kwargs)
  File "/home/sato/Documents/term4/service_based_architecture/processing/venv/lib/python3.13/site-packages/requests/adapters.py", line 677, in send
    raise ConnectionError(e, request=request)
requests.exceptions.ConnectionError: HTTPConnectionPool(host='localhost', port=8089): Max retries exceeded with url: /events/server-health?start_timestamp=2026-02-11T18%3A19%3A03.000001Z&end_timestamp=2026-02-11T18%3A22%3A08Z (Caused by NewConnectionError("HTTPConnection(host='localhost', port=8089): Failed to establish a new connection: [Errno 111] Connection refused"))
2026-02-11 10:22:08,426 - basicLogger - ERROR - GET http://localhost:8089/events/player-telemetry failed: HTTPConnectionPool(host='localhost', port=8089): Max retries exceeded with url: /events/player-telemetry?start_timestamp=2026-02-11T18%3A19%3A03.000001Z&end_timestamp=2026-02-11T18%3A22%3A08Z (Caused by NewConnectionError("HTTPConnection(host='localhost', port=8089): Failed to establish a new connection: [Errno 111] Connection refused"))
Traceback (most recent call last):
  File "/home/sato/Documents/term4/service_based_architecture/processing/venv/lib/python3.13/site-packages/urllib3/connection.py", line 204, in _new_conn
    sock = connection.create_connection(
        (self._dns_host, self.port),
    ...<2 lines>...
        socket_options=self.socket_options,
    )
  File "/home/sato/Documents/term4/service_based_architecture/processing/venv/lib/python3.13/site-packages/urllib3/util/connection.py", line 85, in create_connection
    raise err
  File "/home/sato/Documents/term4/service_based_architecture/processing/venv/lib/python3.13/site-packages/urllib3/util/connection.py", line 73, in create_connection
    sock.connect(sa)
    ~~~~~~~~~~~~^^^^
ConnectionRefusedError: [Errno 111] Connection refused

The above exception was the direct cause of the following exception:

Traceback (most recent call last):
  File "/home/sato/Documents/term4/service_based_architecture/processing/venv/lib/python3.13/site-packages/urllib3/connectionpool.py", line 787, in urlopen
    response = self._make_request(
        conn,
    ...<10 lines>...
        **response_kw,
    )
  File "/home/sato/Documents/term4/service_based_architecture/processing/venv/lib/python3.13/site-packages/urllib3/connectionpool.py", line 493, in _make_request
    conn.request(
    ~~~~~~~~~~~~^
        method,
        ^^^^^^^
    ...<6 lines>...
        enforce_content_length=enforce_content_length,
        ^^^^^^^^^^^^^^^^^^^^^^^^^^^^^^^^^^^^^^^^^^^^^^
    )
    ^
  File "/home/sato/Documents/term4/service_based_architecture/processing/venv/lib/python3.13/site-packages/urllib3/connection.py", line 500, in request
    self.endheaders()
    ~~~~~~~~~~~~~~~^^
  File "/home/sato/.pyenv/versions/3.13.5/lib/python3.13/http/client.py", line 1333, in endheaders
    self._send_output(message_body, encode_chunked=encode_chunked)
    ~~~~~~~~~~~~~~~~~^^^^^^^^^^^^^^^^^^^^^^^^^^^^^^^^^^^^^^^^^^^^^
  File "/home/sato/.pyenv/versions/3.13.5/lib/python3.13/http/client.py", line 1093, in _send_output
    self.send(msg)
    ~~~~~~~~~^^^^^
  File "/home/sato/.pyenv/versions/3.13.5/lib/python3.13/http/client.py", line 1037, in send
    self.connect()
    ~~~~~~~~~~~~^^
  File "/home/sato/Documents/term4/service_based_architecture/processing/venv/lib/python3.13/site-packages/urllib3/connection.py", line 331, in connect
    self.sock = self._new_conn()
                ~~~~~~~~~~~~~~^^
  File "/home/sato/Documents/term4/service_based_architecture/processing/venv/lib/python3.13/site-packages/urllib3/connection.py", line 219, in _new_conn
    raise NewConnectionError(
        self, f"Failed to establish a new connection: {e}"
    ) from e
urllib3.exceptions.NewConnectionError: HTTPConnection(host='localhost', port=8089): Failed to establish a new connection: [Errno 111] Connection refused

The above exception was the direct cause of the following exception:

Traceback (most recent call last):
  File "/home/sato/Documents/term4/service_based_architecture/processing/venv/lib/python3.13/site-packages/requests/adapters.py", line 644, in send
    resp = conn.urlopen(
        method=request.method,
    ...<9 lines>...
        chunked=chunked,
    )
  File "/home/sato/Documents/term4/service_based_architecture/processing/venv/lib/python3.13/site-packages/urllib3/connectionpool.py", line 841, in urlopen
    retries = retries.increment(
        method, url, error=new_e, _pool=self, _stacktrace=sys.exc_info()[2]
    )
  File "/home/sato/Documents/term4/service_based_architecture/processing/venv/lib/python3.13/site-packages/urllib3/util/retry.py", line 535, in increment
    raise MaxRetryError(_pool, url, reason) from reason  # type: ignore[arg-type]
    ^^^^^^^^^^^^^^^^^^^^^^^^^^^^^^^^^^^^^^^^^^^^^^^^^^^
urllib3.exceptions.MaxRetryError: HTTPConnectionPool(host='localhost', port=8089): Max retries exceeded with url: /events/player-telemetry?start_timestamp=2026-02-11T18%3A19%3A03.000001Z&end_timestamp=2026-02-11T18%3A22%3A08Z (Caused by NewConnectionError("HTTPConnection(host='localhost', port=8089): Failed to establish a new connection: [Errno 111] Connection refused"))

During handling of the above exception, another exception occurred:

Traceback (most recent call last):
  File "/home/sato/Documents/term4/service_based_architecture/processing/app.py", line 123, in fetch_events
    r = requests.get(url, params=params, timeout=10)
  File "/home/sato/Documents/term4/service_based_architecture/processing/venv/lib/python3.13/site-packages/requests/api.py", line 73, in get
    return request("get", url, params=params, **kwargs)
  File "/home/sato/Documents/term4/service_based_architecture/processing/venv/lib/python3.13/site-packages/requests/api.py", line 59, in request
    return session.request(method=method, url=url, **kwargs)
           ~~~~~~~~~~~~~~~^^^^^^^^^^^^^^^^^^^^^^^^^^^^^^^^^^
  File "/home/sato/Documents/term4/service_based_architecture/processing/venv/lib/python3.13/site-packages/requests/sessions.py", line 589, in request
    resp = self.send(prep, **send_kwargs)
  File "/home/sato/Documents/term4/service_based_architecture/processing/venv/lib/python3.13/site-packages/requests/sessions.py", line 703, in send
    r = adapter.send(request, **kwargs)
  File "/home/sato/Documents/term4/service_based_architecture/processing/venv/lib/python3.13/site-packages/requests/adapters.py", line 677, in send
    raise ConnectionError(e, request=request)
requests.exceptions.ConnectionError: HTTPConnectionPool(host='localhost', port=8089): Max retries exceeded with url: /events/player-telemetry?start_timestamp=2026-02-11T18%3A19%3A03.000001Z&end_timestamp=2026-02-11T18%3A22%3A08Z (Caused by NewConnectionError("HTTPConnection(host='localhost', port=8089): Failed to establish a new connection: [Errno 111] Connection refused"))
2026-02-11 10:22:08,437 - basicLogger - ERROR - Storage GET server-health failed (status=0)
2026-02-11 10:22:08,437 - basicLogger - ERROR - Storage GET player-telemetry failed (status=0)
2026-02-11 10:22:08,437 - basicLogger - INFO - Events received: server_health=0 player_telemetry=0 (window 2026-02-11T18:19:03.000001Z -> 2026-02-11T18:22:08Z)
2026-02-11 10:22:08,444 - basicLogger - DEBUG - Updated stats values: {'num_server_health_readings': 1202, 'num_player_telemetry_events': 1202, 'max_players': 500, 'min_players': 0, 'avg_players': 242.57404326123128, 'avg_cpu_usage': 51.19467554076539, 'avg_player_ping': 131.0116472545757, 'last_updated': '2026-02-11T18:19:03Z'}
2026-02-11 10:22:08,444 - basicLogger - INFO - Periodic processing has ended
2026-02-11 10:22:13,399 - basicLogger - INFO - Periodic processing has started
2026-02-11 10:22:13,401 - basicLogger - ERROR - GET http://localhost:8089/events/server-health failed: HTTPConnectionPool(host='localhost', port=8089): Max retries exceeded with url: /events/server-health?start_timestamp=2026-02-11T18%3A19%3A03.000001Z&end_timestamp=2026-02-11T18%3A22%3A13Z (Caused by NewConnectionError("HTTPConnection(host='localhost', port=8089): Failed to establish a new connection: [Errno 111] Connection refused"))
Traceback (most recent call last):
  File "/home/sato/Documents/term4/service_based_architecture/processing/venv/lib/python3.13/site-packages/urllib3/connection.py", line 204, in _new_conn
    sock = connection.create_connection(
        (self._dns_host, self.port),
    ...<2 lines>...
        socket_options=self.socket_options,
    )
  File "/home/sato/Documents/term4/service_based_architecture/processing/venv/lib/python3.13/site-packages/urllib3/util/connection.py", line 85, in create_connection
    raise err
  File "/home/sato/Documents/term4/service_based_architecture/processing/venv/lib/python3.13/site-packages/urllib3/util/connection.py", line 73, in create_connection
    sock.connect(sa)
    ~~~~~~~~~~~~^^^^
ConnectionRefusedError: [Errno 111] Connection refused

The above exception was the direct cause of the following exception:

Traceback (most recent call last):
  File "/home/sato/Documents/term4/service_based_architecture/processing/venv/lib/python3.13/site-packages/urllib3/connectionpool.py", line 787, in urlopen
    response = self._make_request(
        conn,
    ...<10 lines>...
        **response_kw,
    )
  File "/home/sato/Documents/term4/service_based_architecture/processing/venv/lib/python3.13/site-packages/urllib3/connectionpool.py", line 493, in _make_request
    conn.request(
    ~~~~~~~~~~~~^
        method,
        ^^^^^^^
    ...<6 lines>...
        enforce_content_length=enforce_content_length,
        ^^^^^^^^^^^^^^^^^^^^^^^^^^^^^^^^^^^^^^^^^^^^^^
    )
    ^
  File "/home/sato/Documents/term4/service_based_architecture/processing/venv/lib/python3.13/site-packages/urllib3/connection.py", line 500, in request
    self.endheaders()
    ~~~~~~~~~~~~~~~^^
  File "/home/sato/.pyenv/versions/3.13.5/lib/python3.13/http/client.py", line 1333, in endheaders
    self._send_output(message_body, encode_chunked=encode_chunked)
    ~~~~~~~~~~~~~~~~~^^^^^^^^^^^^^^^^^^^^^^^^^^^^^^^^^^^^^^^^^^^^^
  File "/home/sato/.pyenv/versions/3.13.5/lib/python3.13/http/client.py", line 1093, in _send_output
    self.send(msg)
    ~~~~~~~~~^^^^^
  File "/home/sato/.pyenv/versions/3.13.5/lib/python3.13/http/client.py", line 1037, in send
    self.connect()
    ~~~~~~~~~~~~^^
  File "/home/sato/Documents/term4/service_based_architecture/processing/venv/lib/python3.13/site-packages/urllib3/connection.py", line 331, in connect
    self.sock = self._new_conn()
                ~~~~~~~~~~~~~~^^
  File "/home/sato/Documents/term4/service_based_architecture/processing/venv/lib/python3.13/site-packages/urllib3/connection.py", line 219, in _new_conn
    raise NewConnectionError(
        self, f"Failed to establish a new connection: {e}"
    ) from e
urllib3.exceptions.NewConnectionError: HTTPConnection(host='localhost', port=8089): Failed to establish a new connection: [Errno 111] Connection refused

The above exception was the direct cause of the following exception:

Traceback (most recent call last):
  File "/home/sato/Documents/term4/service_based_architecture/processing/venv/lib/python3.13/site-packages/requests/adapters.py", line 644, in send
    resp = conn.urlopen(
        method=request.method,
    ...<9 lines>...
        chunked=chunked,
    )
  File "/home/sato/Documents/term4/service_based_architecture/processing/venv/lib/python3.13/site-packages/urllib3/connectionpool.py", line 841, in urlopen
    retries = retries.increment(
        method, url, error=new_e, _pool=self, _stacktrace=sys.exc_info()[2]
    )
  File "/home/sato/Documents/term4/service_based_architecture/processing/venv/lib/python3.13/site-packages/urllib3/util/retry.py", line 535, in increment
    raise MaxRetryError(_pool, url, reason) from reason  # type: ignore[arg-type]
    ^^^^^^^^^^^^^^^^^^^^^^^^^^^^^^^^^^^^^^^^^^^^^^^^^^^
urllib3.exceptions.MaxRetryError: HTTPConnectionPool(host='localhost', port=8089): Max retries exceeded with url: /events/server-health?start_timestamp=2026-02-11T18%3A19%3A03.000001Z&end_timestamp=2026-02-11T18%3A22%3A13Z (Caused by NewConnectionError("HTTPConnection(host='localhost', port=8089): Failed to establish a new connection: [Errno 111] Connection refused"))

During handling of the above exception, another exception occurred:

Traceback (most recent call last):
  File "/home/sato/Documents/term4/service_based_architecture/processing/app.py", line 123, in fetch_events
    r = requests.get(url, params=params, timeout=10)
  File "/home/sato/Documents/term4/service_based_architecture/processing/venv/lib/python3.13/site-packages/requests/api.py", line 73, in get
    return request("get", url, params=params, **kwargs)
  File "/home/sato/Documents/term4/service_based_architecture/processing/venv/lib/python3.13/site-packages/requests/api.py", line 59, in request
    return session.request(method=method, url=url, **kwargs)
           ~~~~~~~~~~~~~~~^^^^^^^^^^^^^^^^^^^^^^^^^^^^^^^^^^
  File "/home/sato/Documents/term4/service_based_architecture/processing/venv/lib/python3.13/site-packages/requests/sessions.py", line 589, in request
    resp = self.send(prep, **send_kwargs)
  File "/home/sato/Documents/term4/service_based_architecture/processing/venv/lib/python3.13/site-packages/requests/sessions.py", line 703, in send
    r = adapter.send(request, **kwargs)
  File "/home/sato/Documents/term4/service_based_architecture/processing/venv/lib/python3.13/site-packages/requests/adapters.py", line 677, in send
    raise ConnectionError(e, request=request)
requests.exceptions.ConnectionError: HTTPConnectionPool(host='localhost', port=8089): Max retries exceeded with url: /events/server-health?start_timestamp=2026-02-11T18%3A19%3A03.000001Z&end_timestamp=2026-02-11T18%3A22%3A13Z (Caused by NewConnectionError("HTTPConnection(host='localhost', port=8089): Failed to establish a new connection: [Errno 111] Connection refused"))
2026-02-11 10:22:13,408 - basicLogger - ERROR - GET http://localhost:8089/events/player-telemetry failed: HTTPConnectionPool(host='localhost', port=8089): Max retries exceeded with url: /events/player-telemetry?start_timestamp=2026-02-11T18%3A19%3A03.000001Z&end_timestamp=2026-02-11T18%3A22%3A13Z (Caused by NewConnectionError("HTTPConnection(host='localhost', port=8089): Failed to establish a new connection: [Errno 111] Connection refused"))
Traceback (most recent call last):
  File "/home/sato/Documents/term4/service_based_architecture/processing/venv/lib/python3.13/site-packages/urllib3/connection.py", line 204, in _new_conn
    sock = connection.create_connection(
        (self._dns_host, self.port),
    ...<2 lines>...
        socket_options=self.socket_options,
    )
  File "/home/sato/Documents/term4/service_based_architecture/processing/venv/lib/python3.13/site-packages/urllib3/util/connection.py", line 85, in create_connection
    raise err
  File "/home/sato/Documents/term4/service_based_architecture/processing/venv/lib/python3.13/site-packages/urllib3/util/connection.py", line 73, in create_connection
    sock.connect(sa)
    ~~~~~~~~~~~~^^^^
ConnectionRefusedError: [Errno 111] Connection refused

The above exception was the direct cause of the following exception:

Traceback (most recent call last):
  File "/home/sato/Documents/term4/service_based_architecture/processing/venv/lib/python3.13/site-packages/urllib3/connectionpool.py", line 787, in urlopen
    response = self._make_request(
        conn,
    ...<10 lines>...
        **response_kw,
    )
  File "/home/sato/Documents/term4/service_based_architecture/processing/venv/lib/python3.13/site-packages/urllib3/connectionpool.py", line 493, in _make_request
    conn.request(
    ~~~~~~~~~~~~^
        method,
        ^^^^^^^
    ...<6 lines>...
        enforce_content_length=enforce_content_length,
        ^^^^^^^^^^^^^^^^^^^^^^^^^^^^^^^^^^^^^^^^^^^^^^
    )
    ^
  File "/home/sato/Documents/term4/service_based_architecture/processing/venv/lib/python3.13/site-packages/urllib3/connection.py", line 500, in request
    self.endheaders()
    ~~~~~~~~~~~~~~~^^
  File "/home/sato/.pyenv/versions/3.13.5/lib/python3.13/http/client.py", line 1333, in endheaders
    self._send_output(message_body, encode_chunked=encode_chunked)
    ~~~~~~~~~~~~~~~~~^^^^^^^^^^^^^^^^^^^^^^^^^^^^^^^^^^^^^^^^^^^^^
  File "/home/sato/.pyenv/versions/3.13.5/lib/python3.13/http/client.py", line 1093, in _send_output
    self.send(msg)
    ~~~~~~~~~^^^^^
  File "/home/sato/.pyenv/versions/3.13.5/lib/python3.13/http/client.py", line 1037, in send
    self.connect()
    ~~~~~~~~~~~~^^
  File "/home/sato/Documents/term4/service_based_architecture/processing/venv/lib/python3.13/site-packages/urllib3/connection.py", line 331, in connect
    self.sock = self._new_conn()
                ~~~~~~~~~~~~~~^^
  File "/home/sato/Documents/term4/service_based_architecture/processing/venv/lib/python3.13/site-packages/urllib3/connection.py", line 219, in _new_conn
    raise NewConnectionError(
        self, f"Failed to establish a new connection: {e}"
    ) from e
urllib3.exceptions.NewConnectionError: HTTPConnection(host='localhost', port=8089): Failed to establish a new connection: [Errno 111] Connection refused

The above exception was the direct cause of the following exception:

Traceback (most recent call last):
  File "/home/sato/Documents/term4/service_based_architecture/processing/venv/lib/python3.13/site-packages/requests/adapters.py", line 644, in send
    resp = conn.urlopen(
        method=request.method,
    ...<9 lines>...
        chunked=chunked,
    )
  File "/home/sato/Documents/term4/service_based_architecture/processing/venv/lib/python3.13/site-packages/urllib3/connectionpool.py", line 841, in urlopen
    retries = retries.increment(
        method, url, error=new_e, _pool=self, _stacktrace=sys.exc_info()[2]
    )
  File "/home/sato/Documents/term4/service_based_architecture/processing/venv/lib/python3.13/site-packages/urllib3/util/retry.py", line 535, in increment
    raise MaxRetryError(_pool, url, reason) from reason  # type: ignore[arg-type]
    ^^^^^^^^^^^^^^^^^^^^^^^^^^^^^^^^^^^^^^^^^^^^^^^^^^^
urllib3.exceptions.MaxRetryError: HTTPConnectionPool(host='localhost', port=8089): Max retries exceeded with url: /events/player-telemetry?start_timestamp=2026-02-11T18%3A19%3A03.000001Z&end_timestamp=2026-02-11T18%3A22%3A13Z (Caused by NewConnectionError("HTTPConnection(host='localhost', port=8089): Failed to establish a new connection: [Errno 111] Connection refused"))

During handling of the above exception, another exception occurred:

Traceback (most recent call last):
  File "/home/sato/Documents/term4/service_based_architecture/processing/app.py", line 123, in fetch_events
    r = requests.get(url, params=params, timeout=10)
  File "/home/sato/Documents/term4/service_based_architecture/processing/venv/lib/python3.13/site-packages/requests/api.py", line 73, in get
    return request("get", url, params=params, **kwargs)
  File "/home/sato/Documents/term4/service_based_architecture/processing/venv/lib/python3.13/site-packages/requests/api.py", line 59, in request
    return session.request(method=method, url=url, **kwargs)
           ~~~~~~~~~~~~~~~^^^^^^^^^^^^^^^^^^^^^^^^^^^^^^^^^^
  File "/home/sato/Documents/term4/service_based_architecture/processing/venv/lib/python3.13/site-packages/requests/sessions.py", line 589, in request
    resp = self.send(prep, **send_kwargs)
  File "/home/sato/Documents/term4/service_based_architecture/processing/venv/lib/python3.13/site-packages/requests/sessions.py", line 703, in send
    r = adapter.send(request, **kwargs)
  File "/home/sato/Documents/term4/service_based_architecture/processing/venv/lib/python3.13/site-packages/requests/adapters.py", line 677, in send
    raise ConnectionError(e, request=request)
requests.exceptions.ConnectionError: HTTPConnectionPool(host='localhost', port=8089): Max retries exceeded with url: /events/player-telemetry?start_timestamp=2026-02-11T18%3A19%3A03.000001Z&end_timestamp=2026-02-11T18%3A22%3A13Z (Caused by NewConnectionError("HTTPConnection(host='localhost', port=8089): Failed to establish a new connection: [Errno 111] Connection refused"))
2026-02-11 10:22:13,413 - basicLogger - ERROR - Storage GET server-health failed (status=0)
2026-02-11 10:22:13,413 - basicLogger - ERROR - Storage GET player-telemetry failed (status=0)
2026-02-11 10:22:13,413 - basicLogger - INFO - Events received: server_health=0 player_telemetry=0 (window 2026-02-11T18:19:03.000001Z -> 2026-02-11T18:22:13Z)
2026-02-11 10:22:13,415 - basicLogger - DEBUG - Updated stats values: {'num_server_health_readings': 1202, 'num_player_telemetry_events': 1202, 'max_players': 500, 'min_players': 0, 'avg_players': 242.57404326123128, 'avg_cpu_usage': 51.19467554076539, 'avg_player_ping': 131.0116472545757, 'last_updated': '2026-02-11T18:19:03Z'}
2026-02-11 10:22:13,415 - basicLogger - INFO - Periodic processing has ended
2026-02-11 10:22:18,400 - basicLogger - INFO - Periodic processing has started
2026-02-11 10:22:18,474 - basicLogger - INFO - Events received: server_health=0 player_telemetry=0 (window 2026-02-11T18:19:03.000001Z -> 2026-02-11T18:22:18Z)
2026-02-11 10:22:18,481 - basicLogger - DEBUG - Updated stats values: {'num_server_health_readings': 1202, 'num_player_telemetry_events': 1202, 'max_players': 500, 'min_players': 0, 'avg_players': 242.57404326123128, 'avg_cpu_usage': 51.19467554076539, 'avg_player_ping': 131.0116472545757, 'last_updated': '2026-02-11T18:19:03Z'}
2026-02-11 10:22:18,482 - basicLogger - INFO - Periodic processing has ended
2026-02-11 10:22:23,400 - basicLogger - INFO - Periodic processing has started
2026-02-11 10:22:23,453 - basicLogger - INFO - Events received: server_health=0 player_telemetry=0 (window 1970-01-01T00:00:00.000001Z -> 2026-02-11T18:22:23Z)
2026-02-11 10:22:23,455 - basicLogger - DEBUG - Updated stats values: {'num_server_health_readings': 0, 'num_player_telemetry_events': 0, 'max_players': 0, 'min_players': None, 'avg_players': 0.0, 'avg_cpu_usage': 0.0, 'avg_player_ping': 0.0, 'last_updated': '1970-01-01T00:00:00Z'}
2026-02-11 10:22:23,455 - basicLogger - INFO - Periodic processing has ended
2026-02-11 10:22:28,400 - basicLogger - INFO - Periodic processing has started
2026-02-11 10:22:28,451 - basicLogger - INFO - Events received: server_health=0 player_telemetry=0 (window 1970-01-01T00:00:00.000001Z -> 2026-02-11T18:22:28Z)
2026-02-11 10:22:28,459 - basicLogger - DEBUG - Updated stats values: {'num_server_health_readings': 0, 'num_player_telemetry_events': 0, 'max_players': 0, 'min_players': None, 'avg_players': 0.0, 'avg_cpu_usage': 0.0, 'avg_player_ping': 0.0, 'last_updated': '1970-01-01T00:00:00Z'}
2026-02-11 10:22:28,460 - basicLogger - INFO - Periodic processing has ended
2026-02-11 10:22:33,400 - basicLogger - INFO - Periodic processing has started
2026-02-11 10:22:33,452 - basicLogger - INFO - Events received: server_health=0 player_telemetry=0 (window 1970-01-01T00:00:00.000001Z -> 2026-02-11T18:22:33Z)
2026-02-11 10:22:33,460 - basicLogger - DEBUG - Updated stats values: {'num_server_health_readings': 0, 'num_player_telemetry_events': 0, 'max_players': 0, 'min_players': None, 'avg_players': 0.0, 'avg_cpu_usage': 0.0, 'avg_player_ping': 0.0, 'last_updated': '1970-01-01T00:00:00Z'}
2026-02-11 10:22:33,460 - basicLogger - INFO - Periodic processing has ended
2026-02-11 10:22:38,399 - basicLogger - INFO - Periodic processing has started
2026-02-11 10:22:38,413 - basicLogger - INFO - Events received: server_health=0 player_telemetry=0 (window 1970-01-01T00:00:00.000001Z -> 2026-02-11T18:22:38Z)
2026-02-11 10:22:38,420 - basicLogger - DEBUG - Updated stats values: {'num_server_health_readings': 0, 'num_player_telemetry_events': 0, 'max_players': 0, 'min_players': None, 'avg_players': 0.0, 'avg_cpu_usage': 0.0, 'avg_player_ping': 0.0, 'last_updated': '1970-01-01T00:00:00Z'}
2026-02-11 10:22:38,420 - basicLogger - INFO - Periodic processing has ended
2026-02-11 10:22:43,400 - basicLogger - INFO - Periodic processing has started
2026-02-11 10:22:43,452 - basicLogger - INFO - Events received: server_health=0 player_telemetry=0 (window 1970-01-01T00:00:00.000001Z -> 2026-02-11T18:22:43Z)
2026-02-11 10:22:43,456 - basicLogger - DEBUG - Updated stats values: {'num_server_health_readings': 0, 'num_player_telemetry_events': 0, 'max_players': 0, 'min_players': None, 'avg_players': 0.0, 'avg_cpu_usage': 0.0, 'avg_player_ping': 0.0, 'last_updated': '1970-01-01T00:00:00Z'}
2026-02-11 10:22:43,456 - basicLogger - INFO - Periodic processing has ended
2026-02-11 10:22:48,400 - basicLogger - INFO - Periodic processing has started
2026-02-11 10:22:48,433 - basicLogger - INFO - Events received: server_health=0 player_telemetry=0 (window 1970-01-01T00:00:00.000001Z -> 2026-02-11T18:22:48Z)
2026-02-11 10:22:48,441 - basicLogger - DEBUG - Updated stats values: {'num_server_health_readings': 0, 'num_player_telemetry_events': 0, 'max_players': 0, 'min_players': None, 'avg_players': 0.0, 'avg_cpu_usage': 0.0, 'avg_player_ping': 0.0, 'last_updated': '1970-01-01T00:00:00Z'}
2026-02-11 10:22:48,441 - basicLogger - INFO - Periodic processing has ended
2026-02-11 10:22:53,400 - basicLogger - INFO - Periodic processing has started
2026-02-11 10:22:53,425 - basicLogger - INFO - Events received: server_health=0 player_telemetry=0 (window 1970-01-01T00:00:00.000001Z -> 2026-02-11T18:22:53Z)
2026-02-11 10:22:53,432 - basicLogger - DEBUG - Updated stats values: {'num_server_health_readings': 0, 'num_player_telemetry_events': 0, 'max_players': 0, 'min_players': None, 'avg_players': 0.0, 'avg_cpu_usage': 0.0, 'avg_player_ping': 0.0, 'last_updated': '1970-01-01T00:00:00Z'}
2026-02-11 10:22:53,433 - basicLogger - INFO - Periodic processing has ended
2026-02-11 10:22:58,399 - basicLogger - INFO - Periodic processing has started
2026-02-11 10:22:58,439 - basicLogger - INFO - Events received: server_health=0 player_telemetry=0 (window 1970-01-01T00:00:00.000001Z -> 2026-02-11T18:22:58Z)
2026-02-11 10:22:58,442 - basicLogger - DEBUG - Updated stats values: {'num_server_health_readings': 0, 'num_player_telemetry_events': 0, 'max_players': 0, 'min_players': None, 'avg_players': 0.0, 'avg_cpu_usage': 0.0, 'avg_player_ping': 0.0, 'last_updated': '1970-01-01T00:00:00Z'}
2026-02-11 10:22:58,442 - basicLogger - INFO - Periodic processing has ended
2026-02-11 10:23:03,400 - basicLogger - INFO - Periodic processing has started
2026-02-11 10:23:03,446 - basicLogger - INFO - Events received: server_health=0 player_telemetry=0 (window 1970-01-01T00:00:00.000001Z -> 2026-02-11T18:23:03Z)
2026-02-11 10:23:03,449 - basicLogger - DEBUG - Updated stats values: {'num_server_health_readings': 0, 'num_player_telemetry_events': 0, 'max_players': 0, 'min_players': None, 'avg_players': 0.0, 'avg_cpu_usage': 0.0, 'avg_player_ping': 0.0, 'last_updated': '1970-01-01T00:00:00Z'}
2026-02-11 10:23:03,450 - basicLogger - INFO - Periodic processing has ended
2026-02-11 10:23:08,399 - basicLogger - INFO - Periodic processing has started
2026-02-11 10:23:08,415 - basicLogger - INFO - Events received: server_health=0 player_telemetry=0 (window 1970-01-01T00:00:00.000001Z -> 2026-02-11T18:23:08Z)
2026-02-11 10:23:08,422 - basicLogger - DEBUG - Updated stats values: {'num_server_health_readings': 0, 'num_player_telemetry_events': 0, 'max_players': 0, 'min_players': None, 'avg_players': 0.0, 'avg_cpu_usage': 0.0, 'avg_player_ping': 0.0, 'last_updated': '1970-01-01T00:00:00Z'}
2026-02-11 10:23:08,422 - basicLogger - INFO - Periodic processing has ended
2026-02-11 10:23:13,400 - basicLogger - INFO - Periodic processing has started
2026-02-11 10:23:13,440 - basicLogger - INFO - Events received: server_health=0 player_telemetry=0 (window 1970-01-01T00:00:00.000001Z -> 2026-02-11T18:23:13Z)
2026-02-11 10:23:13,447 - basicLogger - DEBUG - Updated stats values: {'num_server_health_readings': 0, 'num_player_telemetry_events': 0, 'max_players': 0, 'min_players': None, 'avg_players': 0.0, 'avg_cpu_usage': 0.0, 'avg_player_ping': 0.0, 'last_updated': '1970-01-01T00:00:00Z'}
2026-02-11 10:23:13,447 - basicLogger - INFO - Periodic processing has ended
2026-02-11 10:23:18,400 - basicLogger - INFO - Periodic processing has started
2026-02-11 10:23:18,428 - basicLogger - INFO - Events received: server_health=0 player_telemetry=0 (window 1970-01-01T00:00:00.000001Z -> 2026-02-11T18:23:18Z)
2026-02-11 10:23:18,435 - basicLogger - DEBUG - Updated stats values: {'num_server_health_readings': 0, 'num_player_telemetry_events': 0, 'max_players': 0, 'min_players': None, 'avg_players': 0.0, 'avg_cpu_usage': 0.0, 'avg_player_ping': 0.0, 'last_updated': '1970-01-01T00:00:00Z'}
2026-02-11 10:23:18,435 - basicLogger - INFO - Periodic processing has ended
2026-02-11 10:23:23,402 - basicLogger - INFO - Periodic processing has started
2026-02-11 10:23:23,429 - basicLogger - INFO - Events received: server_health=0 player_telemetry=0 (window 1970-01-01T00:00:00.000001Z -> 2026-02-11T18:23:23Z)
2026-02-11 10:23:23,436 - basicLogger - DEBUG - Updated stats values: {'num_server_health_readings': 0, 'num_player_telemetry_events': 0, 'max_players': 0, 'min_players': None, 'avg_players': 0.0, 'avg_cpu_usage': 0.0, 'avg_player_ping': 0.0, 'last_updated': '1970-01-01T00:00:00Z'}
2026-02-11 10:23:23,436 - basicLogger - INFO - Periodic processing has ended
2026-02-11 10:23:28,402 - basicLogger - INFO - Periodic processing has started
2026-02-11 10:23:28,424 - basicLogger - INFO - Events received: server_health=0 player_telemetry=0 (window 1970-01-01T00:00:00.000001Z -> 2026-02-11T18:23:28Z)
2026-02-11 10:23:28,430 - basicLogger - DEBUG - Updated stats values: {'num_server_health_readings': 0, 'num_player_telemetry_events': 0, 'max_players': 0, 'min_players': None, 'avg_players': 0.0, 'avg_cpu_usage': 0.0, 'avg_player_ping': 0.0, 'last_updated': '1970-01-01T00:00:00Z'}
2026-02-11 10:23:28,431 - basicLogger - INFO - Periodic processing has ended
2026-02-11 10:23:33,400 - basicLogger - INFO - Periodic processing has started
2026-02-11 10:23:33,426 - basicLogger - INFO - Events received: server_health=0 player_telemetry=0 (window 1970-01-01T00:00:00.000001Z -> 2026-02-11T18:23:33Z)
2026-02-11 10:23:33,452 - basicLogger - DEBUG - Updated stats values: {'num_server_health_readings': 0, 'num_player_telemetry_events': 0, 'max_players': 0, 'min_players': None, 'avg_players': 0.0, 'avg_cpu_usage': 0.0, 'avg_player_ping': 0.0, 'last_updated': '1970-01-01T00:00:00Z'}
2026-02-11 10:23:33,452 - basicLogger - INFO - Periodic processing has ended
2026-02-11 10:23:38,400 - basicLogger - INFO - Periodic processing has started
2026-02-11 10:23:38,441 - basicLogger - INFO - Events received: server_health=0 player_telemetry=0 (window 1970-01-01T00:00:00.000001Z -> 2026-02-11T18:23:38Z)
2026-02-11 10:23:38,448 - basicLogger - DEBUG - Updated stats values: {'num_server_health_readings': 0, 'num_player_telemetry_events': 0, 'max_players': 0, 'min_players': None, 'avg_players': 0.0, 'avg_cpu_usage': 0.0, 'avg_player_ping': 0.0, 'last_updated': '1970-01-01T00:00:00Z'}
2026-02-11 10:23:38,448 - basicLogger - INFO - Periodic processing has ended
2026-02-11 10:23:43,400 - basicLogger - INFO - Periodic processing has started
2026-02-11 10:23:43,415 - basicLogger - INFO - Events received: server_health=0 player_telemetry=0 (window 1970-01-01T00:00:00.000001Z -> 2026-02-11T18:23:43Z)
2026-02-11 10:23:43,421 - basicLogger - DEBUG - Updated stats values: {'num_server_health_readings': 0, 'num_player_telemetry_events': 0, 'max_players': 0, 'min_players': None, 'avg_players': 0.0, 'avg_cpu_usage': 0.0, 'avg_player_ping': 0.0, 'last_updated': '1970-01-01T00:00:00Z'}
2026-02-11 10:23:43,422 - basicLogger - INFO - Periodic processing has ended
2026-02-11 10:23:48,401 - basicLogger - INFO - Periodic processing has started
2026-02-11 10:23:48,428 - basicLogger - INFO - Events received: server_health=0 player_telemetry=0 (window 1970-01-01T00:00:00.000001Z -> 2026-02-11T18:23:48Z)
2026-02-11 10:23:48,436 - basicLogger - DEBUG - Updated stats values: {'num_server_health_readings': 0, 'num_player_telemetry_events': 0, 'max_players': 0, 'min_players': None, 'avg_players': 0.0, 'avg_cpu_usage': 0.0, 'avg_player_ping': 0.0, 'last_updated': '1970-01-01T00:00:00Z'}
2026-02-11 10:23:48,436 - basicLogger - INFO - Periodic processing has ended
2026-02-11 10:23:53,400 - basicLogger - INFO - Periodic processing has started
2026-02-11 10:23:53,426 - basicLogger - INFO - Events received: server_health=0 player_telemetry=0 (window 1970-01-01T00:00:00.000001Z -> 2026-02-11T18:23:53Z)
2026-02-11 10:23:53,441 - basicLogger - DEBUG - Updated stats values: {'num_server_health_readings': 0, 'num_player_telemetry_events': 0, 'max_players': 0, 'min_players': None, 'avg_players': 0.0, 'avg_cpu_usage': 0.0, 'avg_player_ping': 0.0, 'last_updated': '1970-01-01T00:00:00Z'}
2026-02-11 10:23:53,441 - basicLogger - INFO - Periodic processing has ended
2026-02-11 10:23:58,400 - basicLogger - INFO - Periodic processing has started
2026-02-11 10:23:58,443 - basicLogger - INFO - Events received: server_health=0 player_telemetry=0 (window 1970-01-01T00:00:00.000001Z -> 2026-02-11T18:23:58Z)
2026-02-11 10:23:58,449 - basicLogger - DEBUG - Updated stats values: {'num_server_health_readings': 0, 'num_player_telemetry_events': 0, 'max_players': 0, 'min_players': None, 'avg_players': 0.0, 'avg_cpu_usage': 0.0, 'avg_player_ping': 0.0, 'last_updated': '1970-01-01T00:00:00Z'}
2026-02-11 10:23:58,449 - basicLogger - INFO - Periodic processing has ended
2026-02-11 10:24:03,400 - basicLogger - INFO - Periodic processing has started
2026-02-11 10:24:03,424 - basicLogger - INFO - Events received: server_health=0 player_telemetry=0 (window 1970-01-01T00:00:00.000001Z -> 2026-02-11T18:24:03Z)
2026-02-11 10:24:03,432 - basicLogger - DEBUG - Updated stats values: {'num_server_health_readings': 0, 'num_player_telemetry_events': 0, 'max_players': 0, 'min_players': None, 'avg_players': 0.0, 'avg_cpu_usage': 0.0, 'avg_player_ping': 0.0, 'last_updated': '1970-01-01T00:00:00Z'}
2026-02-11 10:24:03,432 - basicLogger - INFO - Periodic processing has ended
2026-02-11 10:24:08,400 - basicLogger - INFO - Periodic processing has started
2026-02-11 10:24:08,432 - basicLogger - INFO - Events received: server_health=0 player_telemetry=0 (window 1970-01-01T00:00:00.000001Z -> 2026-02-11T18:24:08Z)
2026-02-11 10:24:08,440 - basicLogger - DEBUG - Updated stats values: {'num_server_health_readings': 0, 'num_player_telemetry_events': 0, 'max_players': 0, 'min_players': None, 'avg_players': 0.0, 'avg_cpu_usage': 0.0, 'avg_player_ping': 0.0, 'last_updated': '1970-01-01T00:00:00Z'}
2026-02-11 10:24:08,440 - basicLogger - INFO - Periodic processing has ended
2026-02-11 10:24:13,400 - basicLogger - INFO - Periodic processing has started
2026-02-11 10:24:13,423 - basicLogger - INFO - Events received: server_health=0 player_telemetry=0 (window 1970-01-01T00:00:00.000001Z -> 2026-02-11T18:24:13Z)
2026-02-11 10:24:13,430 - basicLogger - DEBUG - Updated stats values: {'num_server_health_readings': 0, 'num_player_telemetry_events': 0, 'max_players': 0, 'min_players': None, 'avg_players': 0.0, 'avg_cpu_usage': 0.0, 'avg_player_ping': 0.0, 'last_updated': '1970-01-01T00:00:00Z'}
2026-02-11 10:24:13,430 - basicLogger - INFO - Periodic processing has ended
2026-02-11 10:24:18,400 - basicLogger - INFO - Periodic processing has started
2026-02-11 10:24:18,430 - basicLogger - INFO - Events received: server_health=0 player_telemetry=0 (window 1970-01-01T00:00:00.000001Z -> 2026-02-11T18:24:18Z)
2026-02-11 10:24:18,438 - basicLogger - DEBUG - Updated stats values: {'num_server_health_readings': 0, 'num_player_telemetry_events': 0, 'max_players': 0, 'min_players': None, 'avg_players': 0.0, 'avg_cpu_usage': 0.0, 'avg_player_ping': 0.0, 'last_updated': '1970-01-01T00:00:00Z'}
2026-02-11 10:24:18,438 - basicLogger - INFO - Periodic processing has ended
2026-02-11 10:24:23,400 - basicLogger - INFO - Periodic processing has started
2026-02-11 10:24:23,452 - basicLogger - INFO - Events received: server_health=0 player_telemetry=0 (window 1970-01-01T00:00:00.000001Z -> 2026-02-11T18:24:23Z)
2026-02-11 10:24:23,455 - basicLogger - DEBUG - Updated stats values: {'num_server_health_readings': 0, 'num_player_telemetry_events': 0, 'max_players': 0, 'min_players': None, 'avg_players': 0.0, 'avg_cpu_usage': 0.0, 'avg_player_ping': 0.0, 'last_updated': '1970-01-01T00:00:00Z'}
2026-02-11 10:24:23,455 - basicLogger - INFO - Periodic processing has ended
2026-02-11 10:24:28,400 - basicLogger - INFO - Periodic processing has started
2026-02-11 10:24:28,442 - basicLogger - INFO - Events received: server_health=0 player_telemetry=0 (window 1970-01-01T00:00:00.000001Z -> 2026-02-11T18:24:28Z)
2026-02-11 10:24:28,445 - basicLogger - DEBUG - Updated stats values: {'num_server_health_readings': 0, 'num_player_telemetry_events': 0, 'max_players': 0, 'min_players': None, 'avg_players': 0.0, 'avg_cpu_usage': 0.0, 'avg_player_ping': 0.0, 'last_updated': '1970-01-01T00:00:00Z'}
2026-02-11 10:24:28,446 - basicLogger - INFO - Periodic processing has ended
2026-02-11 10:24:33,401 - basicLogger - INFO - Periodic processing has started
2026-02-11 10:24:33,448 - basicLogger - INFO - Events received: server_health=0 player_telemetry=0 (window 1970-01-01T00:00:00.000001Z -> 2026-02-11T18:24:33Z)
2026-02-11 10:24:33,452 - basicLogger - DEBUG - Updated stats values: {'num_server_health_readings': 0, 'num_player_telemetry_events': 0, 'max_players': 0, 'min_players': None, 'avg_players': 0.0, 'avg_cpu_usage': 0.0, 'avg_player_ping': 0.0, 'last_updated': '1970-01-01T00:00:00Z'}
2026-02-11 10:24:33,452 - basicLogger - INFO - Periodic processing has ended
2026-02-11 10:24:38,401 - basicLogger - INFO - Periodic processing has started
2026-02-11 10:24:38,422 - basicLogger - INFO - Events received: server_health=0 player_telemetry=0 (window 1970-01-01T00:00:00.000001Z -> 2026-02-11T18:24:38Z)
2026-02-11 10:24:38,429 - basicLogger - DEBUG - Updated stats values: {'num_server_health_readings': 0, 'num_player_telemetry_events': 0, 'max_players': 0, 'min_players': None, 'avg_players': 0.0, 'avg_cpu_usage': 0.0, 'avg_player_ping': 0.0, 'last_updated': '1970-01-01T00:00:00Z'}
2026-02-11 10:24:38,429 - basicLogger - INFO - Periodic processing has ended
2026-02-11 10:24:43,400 - basicLogger - INFO - Periodic processing has started
2026-02-11 10:24:43,429 - basicLogger - INFO - Events received: server_health=0 player_telemetry=0 (window 1970-01-01T00:00:00.000001Z -> 2026-02-11T18:24:43Z)
2026-02-11 10:24:43,436 - basicLogger - DEBUG - Updated stats values: {'num_server_health_readings': 0, 'num_player_telemetry_events': 0, 'max_players': 0, 'min_players': None, 'avg_players': 0.0, 'avg_cpu_usage': 0.0, 'avg_player_ping': 0.0, 'last_updated': '1970-01-01T00:00:00Z'}
2026-02-11 10:24:43,437 - basicLogger - INFO - Periodic processing has ended
2026-02-11 10:24:48,400 - basicLogger - INFO - Periodic processing has started
2026-02-11 10:24:48,426 - basicLogger - INFO - Events received: server_health=0 player_telemetry=0 (window 1970-01-01T00:00:00.000001Z -> 2026-02-11T18:24:48Z)
2026-02-11 10:24:48,433 - basicLogger - DEBUG - Updated stats values: {'num_server_health_readings': 0, 'num_player_telemetry_events': 0, 'max_players': 0, 'min_players': None, 'avg_players': 0.0, 'avg_cpu_usage': 0.0, 'avg_player_ping': 0.0, 'last_updated': '1970-01-01T00:00:00Z'}
2026-02-11 10:24:48,433 - basicLogger - INFO - Periodic processing has ended
2026-02-11 10:24:53,401 - basicLogger - INFO - Periodic processing has started
2026-02-11 10:24:53,426 - basicLogger - INFO - Events received: server_health=0 player_telemetry=0 (window 1970-01-01T00:00:00.000001Z -> 2026-02-11T18:24:53Z)
2026-02-11 10:24:53,438 - basicLogger - DEBUG - Updated stats values: {'num_server_health_readings': 0, 'num_player_telemetry_events': 0, 'max_players': 0, 'min_players': None, 'avg_players': 0.0, 'avg_cpu_usage': 0.0, 'avg_player_ping': 0.0, 'last_updated': '1970-01-01T00:00:00Z'}
2026-02-11 10:24:53,438 - basicLogger - INFO - Periodic processing has ended
2026-02-11 10:24:58,400 - basicLogger - INFO - Periodic processing has started
2026-02-11 10:24:58,444 - basicLogger - INFO - Events received: server_health=0 player_telemetry=0 (window 1970-01-01T00:00:00.000001Z -> 2026-02-11T18:24:58Z)
2026-02-11 10:24:58,447 - basicLogger - DEBUG - Updated stats values: {'num_server_health_readings': 0, 'num_player_telemetry_events': 0, 'max_players': 0, 'min_players': None, 'avg_players': 0.0, 'avg_cpu_usage': 0.0, 'avg_player_ping': 0.0, 'last_updated': '1970-01-01T00:00:00Z'}
2026-02-11 10:24:58,448 - basicLogger - INFO - Periodic processing has ended
2026-02-11 10:25:03,400 - basicLogger - INFO - Periodic processing has started
2026-02-11 10:25:03,444 - basicLogger - INFO - Events received: server_health=0 player_telemetry=0 (window 1970-01-01T00:00:00.000001Z -> 2026-02-11T18:25:03Z)
2026-02-11 10:25:03,451 - basicLogger - DEBUG - Updated stats values: {'num_server_health_readings': 0, 'num_player_telemetry_events': 0, 'max_players': 0, 'min_players': None, 'avg_players': 0.0, 'avg_cpu_usage': 0.0, 'avg_player_ping': 0.0, 'last_updated': '1970-01-01T00:00:00Z'}
2026-02-11 10:25:03,451 - basicLogger - INFO - Periodic processing has ended
2026-02-11 10:25:08,400 - basicLogger - INFO - Periodic processing has started
2026-02-11 10:25:08,440 - basicLogger - INFO - Events received: server_health=0 player_telemetry=0 (window 1970-01-01T00:00:00.000001Z -> 2026-02-11T18:25:08Z)
2026-02-11 10:25:08,446 - basicLogger - DEBUG - Updated stats values: {'num_server_health_readings': 0, 'num_player_telemetry_events': 0, 'max_players': 0, 'min_players': None, 'avg_players': 0.0, 'avg_cpu_usage': 0.0, 'avg_player_ping': 0.0, 'last_updated': '1970-01-01T00:00:00Z'}
2026-02-11 10:25:08,447 - basicLogger - INFO - Periodic processing has ended
2026-02-11 10:25:13,399 - basicLogger - INFO - Periodic processing has started
2026-02-11 10:25:13,413 - basicLogger - INFO - Events received: server_health=0 player_telemetry=0 (window 1970-01-01T00:00:00.000001Z -> 2026-02-11T18:25:13Z)
2026-02-11 10:25:13,423 - basicLogger - DEBUG - Updated stats values: {'num_server_health_readings': 0, 'num_player_telemetry_events': 0, 'max_players': 0, 'min_players': None, 'avg_players': 0.0, 'avg_cpu_usage': 0.0, 'avg_player_ping': 0.0, 'last_updated': '1970-01-01T00:00:00Z'}
2026-02-11 10:25:13,423 - basicLogger - INFO - Periodic processing has ended
2026-02-11 10:25:18,400 - basicLogger - INFO - Periodic processing has started
2026-02-11 10:25:18,423 - basicLogger - INFO - Events received: server_health=0 player_telemetry=0 (window 1970-01-01T00:00:00.000001Z -> 2026-02-11T18:25:18Z)
2026-02-11 10:25:18,430 - basicLogger - DEBUG - Updated stats values: {'num_server_health_readings': 0, 'num_player_telemetry_events': 0, 'max_players': 0, 'min_players': None, 'avg_players': 0.0, 'avg_cpu_usage': 0.0, 'avg_player_ping': 0.0, 'last_updated': '1970-01-01T00:00:00Z'}
2026-02-11 10:25:18,430 - basicLogger - INFO - Periodic processing has ended
2026-02-11 10:25:23,400 - basicLogger - INFO - Periodic processing has started
2026-02-11 10:25:23,425 - basicLogger - INFO - Events received: server_health=0 player_telemetry=0 (window 1970-01-01T00:00:00.000001Z -> 2026-02-11T18:25:23Z)
2026-02-11 10:25:23,432 - basicLogger - DEBUG - Updated stats values: {'num_server_health_readings': 0, 'num_player_telemetry_events': 0, 'max_players': 0, 'min_players': None, 'avg_players': 0.0, 'avg_cpu_usage': 0.0, 'avg_player_ping': 0.0, 'last_updated': '1970-01-01T00:00:00Z'}
2026-02-11 10:25:23,432 - basicLogger - INFO - Periodic processing has ended
2026-02-11 10:25:28,400 - basicLogger - INFO - Periodic processing has started
2026-02-11 10:25:28,422 - basicLogger - INFO - Events received: server_health=0 player_telemetry=0 (window 1970-01-01T00:00:00.000001Z -> 2026-02-11T18:25:28Z)
2026-02-11 10:25:28,433 - basicLogger - DEBUG - Updated stats values: {'num_server_health_readings': 0, 'num_player_telemetry_events': 0, 'max_players': 0, 'min_players': None, 'avg_players': 0.0, 'avg_cpu_usage': 0.0, 'avg_player_ping': 0.0, 'last_updated': '1970-01-01T00:00:00Z'}
2026-02-11 10:25:28,433 - basicLogger - INFO - Periodic processing has ended
2026-02-11 10:25:33,400 - basicLogger - INFO - Periodic processing has started
2026-02-11 10:25:33,421 - basicLogger - INFO - Events received: server_health=0 player_telemetry=0 (window 1970-01-01T00:00:00.000001Z -> 2026-02-11T18:25:33Z)
2026-02-11 10:25:33,428 - basicLogger - DEBUG - Updated stats values: {'num_server_health_readings': 0, 'num_player_telemetry_events': 0, 'max_players': 0, 'min_players': None, 'avg_players': 0.0, 'avg_cpu_usage': 0.0, 'avg_player_ping': 0.0, 'last_updated': '1970-01-01T00:00:00Z'}
2026-02-11 10:25:33,428 - basicLogger - INFO - Periodic processing has ended
2026-02-11 10:25:38,401 - basicLogger - INFO - Periodic processing has started
2026-02-11 10:25:38,421 - basicLogger - INFO - Events received: server_health=0 player_telemetry=0 (window 1970-01-01T00:00:00.000001Z -> 2026-02-11T18:25:38Z)
2026-02-11 10:25:38,427 - basicLogger - DEBUG - Updated stats values: {'num_server_health_readings': 0, 'num_player_telemetry_events': 0, 'max_players': 0, 'min_players': None, 'avg_players': 0.0, 'avg_cpu_usage': 0.0, 'avg_player_ping': 0.0, 'last_updated': '1970-01-01T00:00:00Z'}
2026-02-11 10:25:38,427 - basicLogger - INFO - Periodic processing has ended
2026-02-11 10:25:43,401 - basicLogger - INFO - Periodic processing has started
2026-02-11 10:25:43,424 - basicLogger - INFO - Events received: server_health=0 player_telemetry=0 (window 1970-01-01T00:00:00.000001Z -> 2026-02-11T18:25:43Z)
2026-02-11 10:25:43,430 - basicLogger - DEBUG - Updated stats values: {'num_server_health_readings': 0, 'num_player_telemetry_events': 0, 'max_players': 0, 'min_players': None, 'avg_players': 0.0, 'avg_cpu_usage': 0.0, 'avg_player_ping': 0.0, 'last_updated': '1970-01-01T00:00:00Z'}
2026-02-11 10:25:43,431 - basicLogger - INFO - Periodic processing has ended
2026-02-11 10:25:48,400 - basicLogger - INFO - Periodic processing has started
2026-02-11 10:25:48,421 - basicLogger - INFO - Events received: server_health=0 player_telemetry=0 (window 1970-01-01T00:00:00.000001Z -> 2026-02-11T18:25:48Z)
2026-02-11 10:25:48,427 - basicLogger - DEBUG - Updated stats values: {'num_server_health_readings': 0, 'num_player_telemetry_events': 0, 'max_players': 0, 'min_players': None, 'avg_players': 0.0, 'avg_cpu_usage': 0.0, 'avg_player_ping': 0.0, 'last_updated': '1970-01-01T00:00:00Z'}
2026-02-11 10:25:48,427 - basicLogger - INFO - Periodic processing has ended
2026-02-11 10:25:53,400 - basicLogger - INFO - Periodic processing has started
2026-02-11 10:25:53,428 - basicLogger - INFO - Events received: server_health=0 player_telemetry=0 (window 1970-01-01T00:00:00.000001Z -> 2026-02-11T18:25:53Z)
2026-02-11 10:25:53,435 - basicLogger - DEBUG - Updated stats values: {'num_server_health_readings': 0, 'num_player_telemetry_events': 0, 'max_players': 0, 'min_players': None, 'avg_players': 0.0, 'avg_cpu_usage': 0.0, 'avg_player_ping': 0.0, 'last_updated': '1970-01-01T00:00:00Z'}
2026-02-11 10:25:53,436 - basicLogger - INFO - Periodic processing has ended
2026-02-11 10:25:58,400 - basicLogger - INFO - Periodic processing has started
2026-02-11 10:25:58,424 - basicLogger - INFO - Events received: server_health=0 player_telemetry=0 (window 1970-01-01T00:00:00.000001Z -> 2026-02-11T18:25:58Z)
2026-02-11 10:25:58,431 - basicLogger - DEBUG - Updated stats values: {'num_server_health_readings': 0, 'num_player_telemetry_events': 0, 'max_players': 0, 'min_players': None, 'avg_players': 0.0, 'avg_cpu_usage': 0.0, 'avg_player_ping': 0.0, 'last_updated': '1970-01-01T00:00:00Z'}
2026-02-11 10:25:58,431 - basicLogger - INFO - Periodic processing has ended
2026-02-11 10:26:03,401 - basicLogger - INFO - Periodic processing has started
2026-02-11 10:26:03,423 - basicLogger - INFO - Events received: server_health=0 player_telemetry=0 (window 1970-01-01T00:00:00.000001Z -> 2026-02-11T18:26:03Z)
2026-02-11 10:26:03,430 - basicLogger - DEBUG - Updated stats values: {'num_server_health_readings': 0, 'num_player_telemetry_events': 0, 'max_players': 0, 'min_players': None, 'avg_players': 0.0, 'avg_cpu_usage': 0.0, 'avg_player_ping': 0.0, 'last_updated': '1970-01-01T00:00:00Z'}
2026-02-11 10:26:03,430 - basicLogger - INFO - Periodic processing has ended
2026-02-11 10:26:08,400 - basicLogger - INFO - Periodic processing has started
2026-02-11 10:26:08,428 - basicLogger - INFO - Events received: server_health=0 player_telemetry=0 (window 1970-01-01T00:00:00.000001Z -> 2026-02-11T18:26:08Z)
2026-02-11 10:26:08,435 - basicLogger - DEBUG - Updated stats values: {'num_server_health_readings': 0, 'num_player_telemetry_events': 0, 'max_players': 0, 'min_players': None, 'avg_players': 0.0, 'avg_cpu_usage': 0.0, 'avg_player_ping': 0.0, 'last_updated': '1970-01-01T00:00:00Z'}
2026-02-11 10:26:08,436 - basicLogger - INFO - Periodic processing has ended
2026-02-11 10:26:13,400 - basicLogger - INFO - Periodic processing has started
2026-02-11 10:26:13,441 - basicLogger - INFO - Events received: server_health=0 player_telemetry=0 (window 1970-01-01T00:00:00.000001Z -> 2026-02-11T18:26:13Z)
2026-02-11 10:26:13,444 - basicLogger - DEBUG - Updated stats values: {'num_server_health_readings': 0, 'num_player_telemetry_events': 0, 'max_players': 0, 'min_players': None, 'avg_players': 0.0, 'avg_cpu_usage': 0.0, 'avg_player_ping': 0.0, 'last_updated': '1970-01-01T00:00:00Z'}
2026-02-11 10:26:13,444 - basicLogger - INFO - Periodic processing has ended
2026-02-11 10:26:18,400 - basicLogger - INFO - Periodic processing has started
2026-02-11 10:26:18,423 - basicLogger - INFO - Events received: server_health=0 player_telemetry=0 (window 1970-01-01T00:00:00.000001Z -> 2026-02-11T18:26:18Z)
2026-02-11 10:26:18,430 - basicLogger - DEBUG - Updated stats values: {'num_server_health_readings': 0, 'num_player_telemetry_events': 0, 'max_players': 0, 'min_players': None, 'avg_players': 0.0, 'avg_cpu_usage': 0.0, 'avg_player_ping': 0.0, 'last_updated': '1970-01-01T00:00:00Z'}
2026-02-11 10:26:18,430 - basicLogger - INFO - Periodic processing has ended
2026-02-11 10:26:23,400 - basicLogger - INFO - Periodic processing has started
2026-02-11 10:26:23,425 - basicLogger - INFO - Events received: server_health=0 player_telemetry=0 (window 1970-01-01T00:00:00.000001Z -> 2026-02-11T18:26:23Z)
2026-02-11 10:26:23,433 - basicLogger - DEBUG - Updated stats values: {'num_server_health_readings': 0, 'num_player_telemetry_events': 0, 'max_players': 0, 'min_players': None, 'avg_players': 0.0, 'avg_cpu_usage': 0.0, 'avg_player_ping': 0.0, 'last_updated': '1970-01-01T00:00:00Z'}
2026-02-11 10:26:23,433 - basicLogger - INFO - Periodic processing has ended
2026-02-11 10:26:28,400 - basicLogger - INFO - Periodic processing has started
2026-02-11 10:26:28,422 - basicLogger - INFO - Events received: server_health=0 player_telemetry=0 (window 1970-01-01T00:00:00.000001Z -> 2026-02-11T18:26:28Z)
2026-02-11 10:26:28,428 - basicLogger - DEBUG - Updated stats values: {'num_server_health_readings': 0, 'num_player_telemetry_events': 0, 'max_players': 0, 'min_players': None, 'avg_players': 0.0, 'avg_cpu_usage': 0.0, 'avg_player_ping': 0.0, 'last_updated': '1970-01-01T00:00:00Z'}
2026-02-11 10:26:28,429 - basicLogger - INFO - Periodic processing has ended
2026-02-11 10:26:33,400 - basicLogger - INFO - Periodic processing has started
2026-02-11 10:26:33,421 - basicLogger - INFO - Events received: server_health=0 player_telemetry=0 (window 1970-01-01T00:00:00.000001Z -> 2026-02-11T18:26:33Z)
2026-02-11 10:26:33,427 - basicLogger - DEBUG - Updated stats values: {'num_server_health_readings': 0, 'num_player_telemetry_events': 0, 'max_players': 0, 'min_players': None, 'avg_players': 0.0, 'avg_cpu_usage': 0.0, 'avg_player_ping': 0.0, 'last_updated': '1970-01-01T00:00:00Z'}
2026-02-11 10:26:33,427 - basicLogger - INFO - Periodic processing has ended
2026-02-11 10:26:38,400 - basicLogger - INFO - Periodic processing has started
2026-02-11 10:26:38,443 - basicLogger - INFO - Events received: server_health=0 player_telemetry=0 (window 1970-01-01T00:00:00.000001Z -> 2026-02-11T18:26:38Z)
2026-02-11 10:26:38,450 - basicLogger - DEBUG - Updated stats values: {'num_server_health_readings': 0, 'num_player_telemetry_events': 0, 'max_players': 0, 'min_players': None, 'avg_players': 0.0, 'avg_cpu_usage': 0.0, 'avg_player_ping': 0.0, 'last_updated': '1970-01-01T00:00:00Z'}
2026-02-11 10:26:38,450 - basicLogger - INFO - Periodic processing has ended
2026-02-11 10:26:43,400 - basicLogger - INFO - Periodic processing has started
2026-02-11 10:26:43,435 - basicLogger - INFO - Events received: server_health=0 player_telemetry=0 (window 1970-01-01T00:00:00.000001Z -> 2026-02-11T18:26:43Z)
2026-02-11 10:26:43,441 - basicLogger - DEBUG - Updated stats values: {'num_server_health_readings': 0, 'num_player_telemetry_events': 0, 'max_players': 0, 'min_players': None, 'avg_players': 0.0, 'avg_cpu_usage': 0.0, 'avg_player_ping': 0.0, 'last_updated': '1970-01-01T00:00:00Z'}
2026-02-11 10:26:43,442 - basicLogger - INFO - Periodic processing has ended
2026-02-11 10:26:48,399 - basicLogger - INFO - Periodic processing has started
2026-02-11 10:26:48,431 - basicLogger - INFO - Events received: server_health=0 player_telemetry=0 (window 1970-01-01T00:00:00.000001Z -> 2026-02-11T18:26:48Z)
2026-02-11 10:26:48,438 - basicLogger - DEBUG - Updated stats values: {'num_server_health_readings': 0, 'num_player_telemetry_events': 0, 'max_players': 0, 'min_players': None, 'avg_players': 0.0, 'avg_cpu_usage': 0.0, 'avg_player_ping': 0.0, 'last_updated': '1970-01-01T00:00:00Z'}
2026-02-11 10:26:48,438 - basicLogger - INFO - Periodic processing has ended
2026-02-11 10:26:53,400 - basicLogger - INFO - Periodic processing has started
2026-02-11 10:26:53,444 - basicLogger - INFO - Events received: server_health=0 player_telemetry=0 (window 1970-01-01T00:00:00.000001Z -> 2026-02-11T18:26:53Z)
2026-02-11 10:26:53,451 - basicLogger - DEBUG - Updated stats values: {'num_server_health_readings': 0, 'num_player_telemetry_events': 0, 'max_players': 0, 'min_players': None, 'avg_players': 0.0, 'avg_cpu_usage': 0.0, 'avg_player_ping': 0.0, 'last_updated': '1970-01-01T00:00:00Z'}
2026-02-11 10:26:53,452 - basicLogger - INFO - Periodic processing has ended
2026-02-11 10:26:58,400 - basicLogger - INFO - Periodic processing has started
2026-02-11 10:26:58,432 - basicLogger - INFO - Events received: server_health=0 player_telemetry=0 (window 1970-01-01T00:00:00.000001Z -> 2026-02-11T18:26:58Z)
2026-02-11 10:26:58,439 - basicLogger - DEBUG - Updated stats values: {'num_server_health_readings': 0, 'num_player_telemetry_events': 0, 'max_players': 0, 'min_players': None, 'avg_players': 0.0, 'avg_cpu_usage': 0.0, 'avg_player_ping': 0.0, 'last_updated': '1970-01-01T00:00:00Z'}
2026-02-11 10:26:58,439 - basicLogger - INFO - Periodic processing has ended
2026-02-11 10:27:03,401 - basicLogger - INFO - Periodic processing has started
2026-02-11 10:27:03,444 - basicLogger - INFO - Events received: server_health=0 player_telemetry=0 (window 1970-01-01T00:00:00.000001Z -> 2026-02-11T18:27:03Z)
2026-02-11 10:27:03,451 - basicLogger - DEBUG - Updated stats values: {'num_server_health_readings': 0, 'num_player_telemetry_events': 0, 'max_players': 0, 'min_players': None, 'avg_players': 0.0, 'avg_cpu_usage': 0.0, 'avg_player_ping': 0.0, 'last_updated': '1970-01-01T00:00:00Z'}
2026-02-11 10:27:03,451 - basicLogger - INFO - Periodic processing has ended
2026-02-11 10:27:08,401 - basicLogger - INFO - Periodic processing has started
2026-02-11 10:27:08,437 - basicLogger - INFO - Events received: server_health=0 player_telemetry=0 (window 1970-01-01T00:00:00.000001Z -> 2026-02-11T18:27:08Z)
2026-02-11 10:27:08,444 - basicLogger - DEBUG - Updated stats values: {'num_server_health_readings': 0, 'num_player_telemetry_events': 0, 'max_players': 0, 'min_players': None, 'avg_players': 0.0, 'avg_cpu_usage': 0.0, 'avg_player_ping': 0.0, 'last_updated': '1970-01-01T00:00:00Z'}
2026-02-11 10:27:08,444 - basicLogger - INFO - Periodic processing has ended
2026-02-11 10:27:13,400 - basicLogger - INFO - Periodic processing has started
2026-02-11 10:27:13,445 - basicLogger - INFO - Events received: server_health=0 player_telemetry=0 (window 1970-01-01T00:00:00.000001Z -> 2026-02-11T18:27:13Z)
2026-02-11 10:27:13,452 - basicLogger - DEBUG - Updated stats values: {'num_server_health_readings': 0, 'num_player_telemetry_events': 0, 'max_players': 0, 'min_players': None, 'avg_players': 0.0, 'avg_cpu_usage': 0.0, 'avg_player_ping': 0.0, 'last_updated': '1970-01-01T00:00:00Z'}
2026-02-11 10:27:13,452 - basicLogger - INFO - Periodic processing has ended
2026-02-11 10:27:18,400 - basicLogger - INFO - Periodic processing has started
2026-02-11 10:27:18,444 - basicLogger - INFO - Events received: server_health=0 player_telemetry=0 (window 1970-01-01T00:00:00.000001Z -> 2026-02-11T18:27:18Z)
2026-02-11 10:27:18,451 - basicLogger - DEBUG - Updated stats values: {'num_server_health_readings': 0, 'num_player_telemetry_events': 0, 'max_players': 0, 'min_players': None, 'avg_players': 0.0, 'avg_cpu_usage': 0.0, 'avg_player_ping': 0.0, 'last_updated': '1970-01-01T00:00:00Z'}
2026-02-11 10:27:18,451 - basicLogger - INFO - Periodic processing has ended
2026-02-11 10:27:23,401 - basicLogger - INFO - Periodic processing has started
2026-02-11 10:27:23,447 - basicLogger - INFO - Events received: server_health=0 player_telemetry=0 (window 1970-01-01T00:00:00.000001Z -> 2026-02-11T18:27:23Z)
2026-02-11 10:27:23,454 - basicLogger - DEBUG - Updated stats values: {'num_server_health_readings': 0, 'num_player_telemetry_events': 0, 'max_players': 0, 'min_players': None, 'avg_players': 0.0, 'avg_cpu_usage': 0.0, 'avg_player_ping': 0.0, 'last_updated': '1970-01-01T00:00:00Z'}
2026-02-11 10:27:23,454 - basicLogger - INFO - Periodic processing has ended
2026-02-11 10:27:28,400 - basicLogger - INFO - Periodic processing has started
2026-02-11 10:27:28,440 - basicLogger - INFO - Events received: server_health=0 player_telemetry=0 (window 1970-01-01T00:00:00.000001Z -> 2026-02-11T18:27:28Z)
2026-02-11 10:27:28,448 - basicLogger - DEBUG - Updated stats values: {'num_server_health_readings': 0, 'num_player_telemetry_events': 0, 'max_players': 0, 'min_players': None, 'avg_players': 0.0, 'avg_cpu_usage': 0.0, 'avg_player_ping': 0.0, 'last_updated': '1970-01-01T00:00:00Z'}
2026-02-11 10:27:28,448 - basicLogger - INFO - Periodic processing has ended
2026-02-11 10:27:33,400 - basicLogger - INFO - Periodic processing has started
2026-02-11 10:27:33,429 - basicLogger - INFO - Events received: server_health=0 player_telemetry=0 (window 1970-01-01T00:00:00.000001Z -> 2026-02-11T18:27:33Z)
2026-02-11 10:27:33,436 - basicLogger - DEBUG - Updated stats values: {'num_server_health_readings': 0, 'num_player_telemetry_events': 0, 'max_players': 0, 'min_players': None, 'avg_players': 0.0, 'avg_cpu_usage': 0.0, 'avg_player_ping': 0.0, 'last_updated': '1970-01-01T00:00:00Z'}
2026-02-11 10:27:33,436 - basicLogger - INFO - Periodic processing has ended
2026-02-11 10:27:38,400 - basicLogger - INFO - Periodic processing has started
2026-02-11 10:27:38,440 - basicLogger - INFO - Events received: server_health=0 player_telemetry=0 (window 1970-01-01T00:00:00.000001Z -> 2026-02-11T18:27:38Z)
2026-02-11 10:27:38,448 - basicLogger - DEBUG - Updated stats values: {'num_server_health_readings': 0, 'num_player_telemetry_events': 0, 'max_players': 0, 'min_players': None, 'avg_players': 0.0, 'avg_cpu_usage': 0.0, 'avg_player_ping': 0.0, 'last_updated': '1970-01-01T00:00:00Z'}
2026-02-11 10:27:38,448 - basicLogger - INFO - Periodic processing has ended
2026-02-11 10:27:43,399 - basicLogger - INFO - Periodic processing has started
2026-02-11 10:27:43,440 - basicLogger - INFO - Events received: server_health=0 player_telemetry=0 (window 1970-01-01T00:00:00.000001Z -> 2026-02-11T18:27:43Z)
2026-02-11 10:27:43,447 - basicLogger - DEBUG - Updated stats values: {'num_server_health_readings': 0, 'num_player_telemetry_events': 0, 'max_players': 0, 'min_players': None, 'avg_players': 0.0, 'avg_cpu_usage': 0.0, 'avg_player_ping': 0.0, 'last_updated': '1970-01-01T00:00:00Z'}
2026-02-11 10:27:43,447 - basicLogger - INFO - Periodic processing has ended
2026-02-11 10:27:48,400 - basicLogger - INFO - Periodic processing has started
2026-02-11 10:27:48,441 - basicLogger - INFO - Events received: server_health=0 player_telemetry=0 (window 1970-01-01T00:00:00.000001Z -> 2026-02-11T18:27:48Z)
2026-02-11 10:27:48,448 - basicLogger - DEBUG - Updated stats values: {'num_server_health_readings': 0, 'num_player_telemetry_events': 0, 'max_players': 0, 'min_players': None, 'avg_players': 0.0, 'avg_cpu_usage': 0.0, 'avg_player_ping': 0.0, 'last_updated': '1970-01-01T00:00:00Z'}
2026-02-11 10:27:48,448 - basicLogger - INFO - Periodic processing has ended
2026-02-11 10:27:53,400 - basicLogger - INFO - Periodic processing has started
2026-02-11 10:27:53,451 - basicLogger - INFO - Events received: server_health=0 player_telemetry=0 (window 1970-01-01T00:00:00.000001Z -> 2026-02-11T18:27:53Z)
2026-02-11 10:27:53,459 - basicLogger - DEBUG - Updated stats values: {'num_server_health_readings': 0, 'num_player_telemetry_events': 0, 'max_players': 0, 'min_players': None, 'avg_players': 0.0, 'avg_cpu_usage': 0.0, 'avg_player_ping': 0.0, 'last_updated': '1970-01-01T00:00:00Z'}
2026-02-11 10:27:53,459 - basicLogger - INFO - Periodic processing has ended
2026-02-11 10:27:58,400 - basicLogger - INFO - Periodic processing has started
2026-02-11 10:27:58,450 - basicLogger - INFO - Events received: server_health=0 player_telemetry=0 (window 1970-01-01T00:00:00.000001Z -> 2026-02-11T18:27:58Z)
2026-02-11 10:27:58,458 - basicLogger - DEBUG - Updated stats values: {'num_server_health_readings': 0, 'num_player_telemetry_events': 0, 'max_players': 0, 'min_players': None, 'avg_players': 0.0, 'avg_cpu_usage': 0.0, 'avg_player_ping': 0.0, 'last_updated': '1970-01-01T00:00:00Z'}
2026-02-11 10:27:58,459 - basicLogger - INFO - Periodic processing has ended
2026-02-11 10:28:03,400 - basicLogger - INFO - Periodic processing has started
2026-02-11 10:28:03,442 - basicLogger - INFO - Events received: server_health=0 player_telemetry=0 (window 1970-01-01T00:00:00.000001Z -> 2026-02-11T18:28:03Z)
2026-02-11 10:28:03,448 - basicLogger - DEBUG - Updated stats values: {'num_server_health_readings': 0, 'num_player_telemetry_events': 0, 'max_players': 0, 'min_players': None, 'avg_players': 0.0, 'avg_cpu_usage': 0.0, 'avg_player_ping': 0.0, 'last_updated': '1970-01-01T00:00:00Z'}
2026-02-11 10:28:03,449 - basicLogger - INFO - Periodic processing has ended
2026-02-11 10:28:08,400 - basicLogger - INFO - Periodic processing has started
2026-02-11 10:28:08,439 - basicLogger - INFO - Events received: server_health=0 player_telemetry=0 (window 1970-01-01T00:00:00.000001Z -> 2026-02-11T18:28:08Z)
2026-02-11 10:28:08,445 - basicLogger - DEBUG - Updated stats values: {'num_server_health_readings': 0, 'num_player_telemetry_events': 0, 'max_players': 0, 'min_players': None, 'avg_players': 0.0, 'avg_cpu_usage': 0.0, 'avg_player_ping': 0.0, 'last_updated': '1970-01-01T00:00:00Z'}
2026-02-11 10:28:08,446 - basicLogger - INFO - Periodic processing has ended
2026-02-11 10:28:13,400 - basicLogger - INFO - Periodic processing has started
2026-02-11 10:28:13,454 - basicLogger - INFO - Events received: server_health=0 player_telemetry=0 (window 1970-01-01T00:00:00.000001Z -> 2026-02-11T18:28:13Z)
2026-02-11 10:28:13,457 - basicLogger - DEBUG - Updated stats values: {'num_server_health_readings': 0, 'num_player_telemetry_events': 0, 'max_players': 0, 'min_players': None, 'avg_players': 0.0, 'avg_cpu_usage': 0.0, 'avg_player_ping': 0.0, 'last_updated': '1970-01-01T00:00:00Z'}
2026-02-11 10:28:13,458 - basicLogger - INFO - Periodic processing has ended
2026-02-11 10:28:18,400 - basicLogger - INFO - Periodic processing has started
2026-02-11 10:28:18,450 - basicLogger - INFO - Events received: server_health=0 player_telemetry=0 (window 1970-01-01T00:00:00.000001Z -> 2026-02-11T18:28:18Z)
2026-02-11 10:28:18,458 - basicLogger - DEBUG - Updated stats values: {'num_server_health_readings': 0, 'num_player_telemetry_events': 0, 'max_players': 0, 'min_players': None, 'avg_players': 0.0, 'avg_cpu_usage': 0.0, 'avg_player_ping': 0.0, 'last_updated': '1970-01-01T00:00:00Z'}
2026-02-11 10:28:18,458 - basicLogger - INFO - Periodic processing has ended
2026-02-11 10:28:23,400 - basicLogger - INFO - Periodic processing has started
2026-02-11 10:28:23,436 - basicLogger - INFO - Events received: server_health=0 player_telemetry=0 (window 1970-01-01T00:00:00.000001Z -> 2026-02-11T18:28:23Z)
2026-02-11 10:28:23,438 - basicLogger - DEBUG - Updated stats values: {'num_server_health_readings': 0, 'num_player_telemetry_events': 0, 'max_players': 0, 'min_players': None, 'avg_players': 0.0, 'avg_cpu_usage': 0.0, 'avg_player_ping': 0.0, 'last_updated': '1970-01-01T00:00:00Z'}
2026-02-11 10:28:23,438 - basicLogger - INFO - Periodic processing has ended
2026-02-11 10:28:28,400 - basicLogger - INFO - Periodic processing has started
2026-02-11 10:28:28,446 - basicLogger - INFO - Events received: server_health=0 player_telemetry=0 (window 1970-01-01T00:00:00.000001Z -> 2026-02-11T18:28:28Z)
2026-02-11 10:28:28,448 - basicLogger - DEBUG - Updated stats values: {'num_server_health_readings': 0, 'num_player_telemetry_events': 0, 'max_players': 0, 'min_players': None, 'avg_players': 0.0, 'avg_cpu_usage': 0.0, 'avg_player_ping': 0.0, 'last_updated': '1970-01-01T00:00:00Z'}
2026-02-11 10:28:28,449 - basicLogger - INFO - Periodic processing has ended
2026-02-11 10:28:33,399 - basicLogger - INFO - Periodic processing has started
2026-02-11 10:28:33,444 - basicLogger - INFO - Events received: server_health=0 player_telemetry=0 (window 1970-01-01T00:00:00.000001Z -> 2026-02-11T18:28:33Z)
2026-02-11 10:28:33,452 - basicLogger - DEBUG - Updated stats values: {'num_server_health_readings': 0, 'num_player_telemetry_events': 0, 'max_players': 0, 'min_players': None, 'avg_players': 0.0, 'avg_cpu_usage': 0.0, 'avg_player_ping': 0.0, 'last_updated': '1970-01-01T00:00:00Z'}
2026-02-11 10:28:33,452 - basicLogger - INFO - Periodic processing has ended
2026-02-11 10:28:38,399 - basicLogger - INFO - Periodic processing has started
2026-02-11 10:28:38,437 - basicLogger - INFO - Events received: server_health=0 player_telemetry=0 (window 1970-01-01T00:00:00.000001Z -> 2026-02-11T18:28:38Z)
2026-02-11 10:28:38,444 - basicLogger - DEBUG - Updated stats values: {'num_server_health_readings': 0, 'num_player_telemetry_events': 0, 'max_players': 0, 'min_players': None, 'avg_players': 0.0, 'avg_cpu_usage': 0.0, 'avg_player_ping': 0.0, 'last_updated': '1970-01-01T00:00:00Z'}
2026-02-11 10:28:38,444 - basicLogger - INFO - Periodic processing has ended
2026-02-11 10:28:43,400 - basicLogger - INFO - Periodic processing has started
2026-02-11 10:28:43,440 - basicLogger - INFO - Events received: server_health=0 player_telemetry=0 (window 1970-01-01T00:00:00.000001Z -> 2026-02-11T18:28:43Z)
2026-02-11 10:28:43,442 - basicLogger - DEBUG - Updated stats values: {'num_server_health_readings': 0, 'num_player_telemetry_events': 0, 'max_players': 0, 'min_players': None, 'avg_players': 0.0, 'avg_cpu_usage': 0.0, 'avg_player_ping': 0.0, 'last_updated': '1970-01-01T00:00:00Z'}
2026-02-11 10:28:43,443 - basicLogger - INFO - Periodic processing has ended
2026-02-11 10:28:48,400 - basicLogger - INFO - Periodic processing has started
2026-02-11 10:28:48,444 - basicLogger - INFO - Events received: server_health=0 player_telemetry=0 (window 1970-01-01T00:00:00.000001Z -> 2026-02-11T18:28:48Z)
2026-02-11 10:28:48,452 - basicLogger - DEBUG - Updated stats values: {'num_server_health_readings': 0, 'num_player_telemetry_events': 0, 'max_players': 0, 'min_players': None, 'avg_players': 0.0, 'avg_cpu_usage': 0.0, 'avg_player_ping': 0.0, 'last_updated': '1970-01-01T00:00:00Z'}
2026-02-11 10:28:48,453 - basicLogger - INFO - Periodic processing has ended
2026-02-11 10:28:53,399 - basicLogger - INFO - Periodic processing has started
2026-02-11 10:28:53,554 - basicLogger - INFO - Events received: server_health=185 player_telemetry=179 (window 1970-01-01T00:00:00.000001Z -> 2026-02-11T18:28:53Z)
2026-02-11 10:28:53,557 - basicLogger - DEBUG - Updated stats values: {'num_server_health_readings': 185, 'num_player_telemetry_events': 179, 'max_players': 498, 'min_players': 0, 'avg_players': 253.1135135135135, 'avg_cpu_usage': 47.09189189189189, 'avg_player_ping': 134.75977653631284, 'last_updated': '2026-02-11T18:28:52Z'}
2026-02-11 10:28:53,557 - basicLogger - INFO - Periodic processing has ended
2026-02-11 10:28:58,400 - basicLogger - INFO - Periodic processing has started
2026-02-11 10:28:58,434 - basicLogger - INFO - Events received: server_health=15 player_telemetry=21 (window 2026-02-11T18:28:52.000001Z -> 2026-02-11T18:28:58Z)
2026-02-11 10:28:58,442 - basicLogger - DEBUG - Updated stats values: {'num_server_health_readings': 200, 'num_player_telemetry_events': 200, 'max_players': 498, 'min_players': 0, 'avg_players': 250.305, 'avg_cpu_usage': 45.99, 'avg_player_ping': 134.955, 'last_updated': '2026-02-11T18:28:53Z'}
2026-02-11 10:28:58,442 - basicLogger - INFO - Periodic processing has ended
2026-02-11 10:29:03,400 - basicLogger - INFO - Periodic processing has started
2026-02-11 10:29:03,441 - basicLogger - INFO - Events received: server_health=0 player_telemetry=0 (window 2026-02-11T18:28:53.000001Z -> 2026-02-11T18:29:03Z)
2026-02-11 10:29:03,449 - basicLogger - DEBUG - Updated stats values: {'num_server_health_readings': 200, 'num_player_telemetry_events': 200, 'max_players': 498, 'min_players': 0, 'avg_players': 250.305, 'avg_cpu_usage': 45.99, 'avg_player_ping': 134.955, 'last_updated': '2026-02-11T18:28:53Z'}
2026-02-11 10:29:03,449 - basicLogger - INFO - Periodic processing has ended
2026-02-11 10:29:08,398 - basicLogger - INFO - Periodic processing has started
2026-02-11 10:29:08,411 - basicLogger - INFO - Events received: server_health=0 player_telemetry=0 (window 2026-02-11T18:28:53.000001Z -> 2026-02-11T18:29:08Z)
2026-02-11 10:29:08,417 - basicLogger - DEBUG - Updated stats values: {'num_server_health_readings': 200, 'num_player_telemetry_events': 200, 'max_players': 498, 'min_players': 0, 'avg_players': 250.305, 'avg_cpu_usage': 45.99, 'avg_player_ping': 134.955, 'last_updated': '2026-02-11T18:28:53Z'}
2026-02-11 10:29:08,417 - basicLogger - INFO - Periodic processing has ended
2026-02-11 10:29:11,566 - basicLogger - INFO - GET /stats request received
2026-02-11 10:29:11,566 - basicLogger - DEBUG - Stats dict: {'num_server_health_readings': 200, 'num_player_telemetry_events': 200, 'max_players': 498, 'avg_players': 250.305, 'min_players': 0, 'avg_cpu_usage': 45.99, 'avg_player_ping': 134.955, 'last_updated': '2026-02-11T18:28:53Z'}
2026-02-11 10:29:11,566 - basicLogger - INFO - GET /stats request completed
2026-02-11 10:29:13,400 - basicLogger - INFO - Periodic processing has started
2026-02-11 10:29:13,442 - basicLogger - INFO - Events received: server_health=0 player_telemetry=0 (window 2026-02-11T18:28:53.000001Z -> 2026-02-11T18:29:13Z)
2026-02-11 10:29:13,449 - basicLogger - DEBUG - Updated stats values: {'num_server_health_readings': 200, 'num_player_telemetry_events': 200, 'max_players': 498, 'min_players': 0, 'avg_players': 250.305, 'avg_cpu_usage': 45.99, 'avg_player_ping': 134.955, 'last_updated': '2026-02-11T18:28:53Z'}
2026-02-11 10:29:13,450 - basicLogger - INFO - Periodic processing has ended
2026-02-11 10:29:18,401 - basicLogger - INFO - Periodic processing has started
2026-02-11 10:29:18,436 - basicLogger - INFO - Events received: server_health=0 player_telemetry=0 (window 2026-02-11T18:28:53.000001Z -> 2026-02-11T18:29:18Z)
2026-02-11 10:29:18,443 - basicLogger - DEBUG - Updated stats values: {'num_server_health_readings': 200, 'num_player_telemetry_events': 200, 'max_players': 498, 'min_players': 0, 'avg_players': 250.305, 'avg_cpu_usage': 45.99, 'avg_player_ping': 134.955, 'last_updated': '2026-02-11T18:28:53Z'}
2026-02-11 10:29:18,444 - basicLogger - INFO - Periodic processing has ended
2026-02-11 10:29:23,400 - basicLogger - INFO - Periodic processing has started
2026-02-11 10:29:23,434 - basicLogger - INFO - Events received: server_health=0 player_telemetry=0 (window 2026-02-11T18:28:53.000001Z -> 2026-02-11T18:29:23Z)
2026-02-11 10:29:23,442 - basicLogger - DEBUG - Updated stats values: {'num_server_health_readings': 200, 'num_player_telemetry_events': 200, 'max_players': 498, 'min_players': 0, 'avg_players': 250.305, 'avg_cpu_usage': 45.99, 'avg_player_ping': 134.955, 'last_updated': '2026-02-11T18:28:53Z'}
2026-02-11 10:29:23,442 - basicLogger - INFO - Periodic processing has ended
2026-02-11 10:29:28,400 - basicLogger - INFO - Periodic processing has started
2026-02-11 10:29:28,447 - basicLogger - INFO - Events received: server_health=0 player_telemetry=0 (window 2026-02-11T18:28:53.000001Z -> 2026-02-11T18:29:28Z)
2026-02-11 10:29:28,450 - basicLogger - DEBUG - Updated stats values: {'num_server_health_readings': 200, 'num_player_telemetry_events': 200, 'max_players': 498, 'min_players': 0, 'avg_players': 250.305, 'avg_cpu_usage': 45.99, 'avg_player_ping': 134.955, 'last_updated': '2026-02-11T18:28:53Z'}
2026-02-11 10:29:28,451 - basicLogger - INFO - Periodic processing has ended
2026-02-11 10:29:33,400 - basicLogger - INFO - Periodic processing has started
2026-02-11 10:29:33,446 - basicLogger - INFO - Events received: server_health=0 player_telemetry=0 (window 2026-02-11T18:28:53.000001Z -> 2026-02-11T18:29:33Z)
2026-02-11 10:29:33,455 - basicLogger - DEBUG - Updated stats values: {'num_server_health_readings': 200, 'num_player_telemetry_events': 200, 'max_players': 498, 'min_players': 0, 'avg_players': 250.305, 'avg_cpu_usage': 45.99, 'avg_player_ping': 134.955, 'last_updated': '2026-02-11T18:28:53Z'}
2026-02-11 10:29:33,455 - basicLogger - INFO - Periodic processing has ended
2026-02-11 10:29:38,400 - basicLogger - INFO - Periodic processing has started
2026-02-11 10:29:38,448 - basicLogger - INFO - Events received: server_health=0 player_telemetry=0 (window 2026-02-11T18:28:53.000001Z -> 2026-02-11T18:29:38Z)
2026-02-11 10:29:38,456 - basicLogger - DEBUG - Updated stats values: {'num_server_health_readings': 200, 'num_player_telemetry_events': 200, 'max_players': 498, 'min_players': 0, 'avg_players': 250.305, 'avg_cpu_usage': 45.99, 'avg_player_ping': 134.955, 'last_updated': '2026-02-11T18:28:53Z'}
2026-02-11 10:29:38,456 - basicLogger - INFO - Periodic processing has ended
2026-02-11 10:29:43,399 - basicLogger - INFO - Periodic processing has started
2026-02-11 10:29:43,423 - basicLogger - INFO - Events received: server_health=0 player_telemetry=0 (window 2026-02-11T18:28:53.000001Z -> 2026-02-11T18:29:43Z)
2026-02-11 10:29:43,430 - basicLogger - DEBUG - Updated stats values: {'num_server_health_readings': 200, 'num_player_telemetry_events': 200, 'max_players': 498, 'min_players': 0, 'avg_players': 250.305, 'avg_cpu_usage': 45.99, 'avg_player_ping': 134.955, 'last_updated': '2026-02-11T18:28:53Z'}
2026-02-11 10:29:43,430 - basicLogger - INFO - Periodic processing has ended
2026-02-11 10:29:48,400 - basicLogger - INFO - Periodic processing has started
2026-02-11 10:29:48,445 - basicLogger - INFO - Events received: server_health=0 player_telemetry=0 (window 2026-02-11T18:28:53.000001Z -> 2026-02-11T18:29:48Z)
2026-02-11 10:29:48,453 - basicLogger - DEBUG - Updated stats values: {'num_server_health_readings': 200, 'num_player_telemetry_events': 200, 'max_players': 498, 'min_players': 0, 'avg_players': 250.305, 'avg_cpu_usage': 45.99, 'avg_player_ping': 134.955, 'last_updated': '2026-02-11T18:28:53Z'}
2026-02-11 10:29:48,453 - basicLogger - INFO - Periodic processing has ended
2026-02-11 10:29:53,400 - basicLogger - INFO - Periodic processing has started
2026-02-11 10:29:53,442 - basicLogger - INFO - Events received: server_health=0 player_telemetry=0 (window 2026-02-11T18:28:53.000001Z -> 2026-02-11T18:29:53Z)
2026-02-11 10:29:53,448 - basicLogger - DEBUG - Updated stats values: {'num_server_health_readings': 200, 'num_player_telemetry_events': 200, 'max_players': 498, 'min_players': 0, 'avg_players': 250.305, 'avg_cpu_usage': 45.99, 'avg_player_ping': 134.955, 'last_updated': '2026-02-11T18:28:53Z'}
2026-02-11 10:29:53,449 - basicLogger - INFO - Periodic processing has ended
2026-02-11 10:29:58,400 - basicLogger - INFO - Periodic processing has started
2026-02-11 10:29:58,443 - basicLogger - INFO - Events received: server_health=0 player_telemetry=0 (window 2026-02-11T18:28:53.000001Z -> 2026-02-11T18:29:58Z)
2026-02-11 10:29:58,450 - basicLogger - DEBUG - Updated stats values: {'num_server_health_readings': 200, 'num_player_telemetry_events': 200, 'max_players': 498, 'min_players': 0, 'avg_players': 250.305, 'avg_cpu_usage': 45.99, 'avg_player_ping': 134.955, 'last_updated': '2026-02-11T18:28:53Z'}
2026-02-11 10:29:58,451 - basicLogger - INFO - Periodic processing has ended
2026-02-11 10:30:03,399 - basicLogger - INFO - Periodic processing has started
2026-02-11 10:30:03,442 - basicLogger - INFO - Events received: server_health=0 player_telemetry=0 (window 2026-02-11T18:28:53.000001Z -> 2026-02-11T18:30:03Z)
2026-02-11 10:30:03,449 - basicLogger - DEBUG - Updated stats values: {'num_server_health_readings': 200, 'num_player_telemetry_events': 200, 'max_players': 498, 'min_players': 0, 'avg_players': 250.305, 'avg_cpu_usage': 45.99, 'avg_player_ping': 134.955, 'last_updated': '2026-02-11T18:28:53Z'}
2026-02-11 10:30:03,450 - basicLogger - INFO - Periodic processing has ended
2026-02-11 10:30:08,399 - basicLogger - INFO - Periodic processing has started
2026-02-11 10:30:08,444 - basicLogger - INFO - Events received: server_health=0 player_telemetry=0 (window 2026-02-11T18:28:53.000001Z -> 2026-02-11T18:30:08Z)
2026-02-11 10:30:08,451 - basicLogger - DEBUG - Updated stats values: {'num_server_health_readings': 200, 'num_player_telemetry_events': 200, 'max_players': 498, 'min_players': 0, 'avg_players': 250.305, 'avg_cpu_usage': 45.99, 'avg_player_ping': 134.955, 'last_updated': '2026-02-11T18:28:53Z'}
2026-02-11 10:30:08,452 - basicLogger - INFO - Periodic processing has ended
2026-02-11 10:30:13,400 - basicLogger - INFO - Periodic processing has started
2026-02-11 10:30:13,422 - basicLogger - INFO - Events received: server_health=0 player_telemetry=0 (window 2026-02-11T18:28:53.000001Z -> 2026-02-11T18:30:13Z)
2026-02-11 10:30:13,429 - basicLogger - DEBUG - Updated stats values: {'num_server_health_readings': 200, 'num_player_telemetry_events': 200, 'max_players': 498, 'min_players': 0, 'avg_players': 250.305, 'avg_cpu_usage': 45.99, 'avg_player_ping': 134.955, 'last_updated': '2026-02-11T18:28:53Z'}
2026-02-11 10:30:13,429 - basicLogger - INFO - Periodic processing has ended
2026-02-11 10:30:18,400 - basicLogger - INFO - Periodic processing has started
2026-02-11 10:30:18,421 - basicLogger - INFO - Events received: server_health=0 player_telemetry=0 (window 2026-02-11T18:28:53.000001Z -> 2026-02-11T18:30:18Z)
2026-02-11 10:30:18,428 - basicLogger - DEBUG - Updated stats values: {'num_server_health_readings': 200, 'num_player_telemetry_events': 200, 'max_players': 498, 'min_players': 0, 'avg_players': 250.305, 'avg_cpu_usage': 45.99, 'avg_player_ping': 134.955, 'last_updated': '2026-02-11T18:28:53Z'}
2026-02-11 10:30:18,428 - basicLogger - INFO - Periodic processing has ended
2026-02-11 10:30:23,400 - basicLogger - INFO - Periodic processing has started
2026-02-11 10:30:23,425 - basicLogger - INFO - Events received: server_health=0 player_telemetry=0 (window 2026-02-11T18:28:53.000001Z -> 2026-02-11T18:30:23Z)
2026-02-11 10:30:23,431 - basicLogger - DEBUG - Updated stats values: {'num_server_health_readings': 200, 'num_player_telemetry_events': 200, 'max_players': 498, 'min_players': 0, 'avg_players': 250.305, 'avg_cpu_usage': 45.99, 'avg_player_ping': 134.955, 'last_updated': '2026-02-11T18:28:53Z'}
2026-02-11 10:30:23,432 - basicLogger - INFO - Periodic processing has ended
2026-02-11 10:30:28,399 - basicLogger - INFO - Periodic processing has started
2026-02-11 10:30:28,440 - basicLogger - INFO - Events received: server_health=0 player_telemetry=0 (window 2026-02-11T18:28:53.000001Z -> 2026-02-11T18:30:28Z)
2026-02-11 10:30:28,448 - basicLogger - DEBUG - Updated stats values: {'num_server_health_readings': 200, 'num_player_telemetry_events': 200, 'max_players': 498, 'min_players': 0, 'avg_players': 250.305, 'avg_cpu_usage': 45.99, 'avg_player_ping': 134.955, 'last_updated': '2026-02-11T18:28:53Z'}
2026-02-11 10:30:28,448 - basicLogger - INFO - Periodic processing has ended
2026-02-11 10:30:33,400 - basicLogger - INFO - Periodic processing has started
2026-02-11 10:30:33,454 - basicLogger - INFO - Events received: server_health=0 player_telemetry=0 (window 2026-02-11T18:28:53.000001Z -> 2026-02-11T18:30:33Z)
2026-02-11 10:30:33,461 - basicLogger - DEBUG - Updated stats values: {'num_server_health_readings': 200, 'num_player_telemetry_events': 200, 'max_players': 498, 'min_players': 0, 'avg_players': 250.305, 'avg_cpu_usage': 45.99, 'avg_player_ping': 134.955, 'last_updated': '2026-02-11T18:28:53Z'}
2026-02-11 10:30:33,461 - basicLogger - INFO - Periodic processing has ended
2026-02-11 10:30:38,400 - basicLogger - INFO - Periodic processing has started
2026-02-11 10:30:38,426 - basicLogger - INFO - Events received: server_health=0 player_telemetry=0 (window 2026-02-11T18:28:53.000001Z -> 2026-02-11T18:30:38Z)
2026-02-11 10:30:38,433 - basicLogger - DEBUG - Updated stats values: {'num_server_health_readings': 200, 'num_player_telemetry_events': 200, 'max_players': 498, 'min_players': 0, 'avg_players': 250.305, 'avg_cpu_usage': 45.99, 'avg_player_ping': 134.955, 'last_updated': '2026-02-11T18:28:53Z'}
2026-02-11 10:30:38,433 - basicLogger - INFO - Periodic processing has ended
2026-02-11 10:30:43,399 - basicLogger - INFO - Periodic processing has started
2026-02-11 10:30:43,413 - basicLogger - INFO - Events received: server_health=0 player_telemetry=0 (window 2026-02-11T18:28:53.000001Z -> 2026-02-11T18:30:43Z)
2026-02-11 10:30:43,420 - basicLogger - DEBUG - Updated stats values: {'num_server_health_readings': 200, 'num_player_telemetry_events': 200, 'max_players': 498, 'min_players': 0, 'avg_players': 250.305, 'avg_cpu_usage': 45.99, 'avg_player_ping': 134.955, 'last_updated': '2026-02-11T18:28:53Z'}
2026-02-11 10:30:43,420 - basicLogger - INFO - Periodic processing has ended
2026-02-11 10:30:48,400 - basicLogger - INFO - Periodic processing has started
2026-02-11 10:30:48,445 - basicLogger - INFO - Events received: server_health=0 player_telemetry=0 (window 2026-02-11T18:28:53.000001Z -> 2026-02-11T18:30:48Z)
2026-02-11 10:30:48,448 - basicLogger - DEBUG - Updated stats values: {'num_server_health_readings': 200, 'num_player_telemetry_events': 200, 'max_players': 498, 'min_players': 0, 'avg_players': 250.305, 'avg_cpu_usage': 45.99, 'avg_player_ping': 134.955, 'last_updated': '2026-02-11T18:28:53Z'}
2026-02-11 10:30:48,449 - basicLogger - INFO - Periodic processing has ended
2026-02-11 10:30:53,400 - basicLogger - INFO - Periodic processing has started
2026-02-11 10:30:53,425 - basicLogger - INFO - Events received: server_health=0 player_telemetry=0 (window 2026-02-11T18:28:53.000001Z -> 2026-02-11T18:30:53Z)
2026-02-11 10:30:53,432 - basicLogger - DEBUG - Updated stats values: {'num_server_health_readings': 200, 'num_player_telemetry_events': 200, 'max_players': 498, 'min_players': 0, 'avg_players': 250.305, 'avg_cpu_usage': 45.99, 'avg_player_ping': 134.955, 'last_updated': '2026-02-11T18:28:53Z'}
2026-02-11 10:30:53,432 - basicLogger - INFO - Periodic processing has ended
2026-02-11 10:30:58,400 - basicLogger - INFO - Periodic processing has started
2026-02-11 10:30:58,445 - basicLogger - INFO - Events received: server_health=0 player_telemetry=0 (window 2026-02-11T18:28:53.000001Z -> 2026-02-11T18:30:58Z)
2026-02-11 10:30:58,448 - basicLogger - DEBUG - Updated stats values: {'num_server_health_readings': 200, 'num_player_telemetry_events': 200, 'max_players': 498, 'min_players': 0, 'avg_players': 250.305, 'avg_cpu_usage': 45.99, 'avg_player_ping': 134.955, 'last_updated': '2026-02-11T18:28:53Z'}
2026-02-11 10:30:58,448 - basicLogger - INFO - Periodic processing has ended
2026-02-11 10:31:03,400 - basicLogger - INFO - Periodic processing has started
2026-02-11 10:31:03,431 - basicLogger - INFO - Events received: server_health=0 player_telemetry=0 (window 2026-02-11T18:28:53.000001Z -> 2026-02-11T18:31:03Z)
2026-02-11 10:31:03,433 - basicLogger - DEBUG - Updated stats values: {'num_server_health_readings': 200, 'num_player_telemetry_events': 200, 'max_players': 498, 'min_players': 0, 'avg_players': 250.305, 'avg_cpu_usage': 45.99, 'avg_player_ping': 134.955, 'last_updated': '2026-02-11T18:28:53Z'}
2026-02-11 10:31:03,434 - basicLogger - INFO - Periodic processing has ended
2026-02-11 10:31:08,400 - basicLogger - INFO - Periodic processing has started
2026-02-11 10:31:08,427 - basicLogger - INFO - Events received: server_health=0 player_telemetry=0 (window 2026-02-11T18:28:53.000001Z -> 2026-02-11T18:31:08Z)
2026-02-11 10:31:08,434 - basicLogger - DEBUG - Updated stats values: {'num_server_health_readings': 200, 'num_player_telemetry_events': 200, 'max_players': 498, 'min_players': 0, 'avg_players': 250.305, 'avg_cpu_usage': 45.99, 'avg_player_ping': 134.955, 'last_updated': '2026-02-11T18:28:53Z'}
2026-02-11 10:31:08,435 - basicLogger - INFO - Periodic processing has ended
2026-02-11 10:31:13,399 - basicLogger - INFO - Periodic processing has started
2026-02-11 10:31:13,441 - basicLogger - INFO - Events received: server_health=0 player_telemetry=0 (window 2026-02-11T18:28:53.000001Z -> 2026-02-11T18:31:13Z)
2026-02-11 10:31:13,444 - basicLogger - DEBUG - Updated stats values: {'num_server_health_readings': 200, 'num_player_telemetry_events': 200, 'max_players': 498, 'min_players': 0, 'avg_players': 250.305, 'avg_cpu_usage': 45.99, 'avg_player_ping': 134.955, 'last_updated': '2026-02-11T18:28:53Z'}
2026-02-11 10:31:13,444 - basicLogger - INFO - Periodic processing has ended
2026-02-11 10:31:18,399 - basicLogger - INFO - Periodic processing has started
2026-02-11 10:31:18,444 - basicLogger - INFO - Events received: server_health=0 player_telemetry=0 (window 2026-02-11T18:28:53.000001Z -> 2026-02-11T18:31:18Z)
2026-02-11 10:31:18,453 - basicLogger - DEBUG - Updated stats values: {'num_server_health_readings': 200, 'num_player_telemetry_events': 200, 'max_players': 498, 'min_players': 0, 'avg_players': 250.305, 'avg_cpu_usage': 45.99, 'avg_player_ping': 134.955, 'last_updated': '2026-02-11T18:28:53Z'}
2026-02-11 10:31:18,454 - basicLogger - INFO - Periodic processing has ended
2026-02-11 10:31:23,399 - basicLogger - INFO - Periodic processing has started
2026-02-11 10:31:23,449 - basicLogger - INFO - Events received: server_health=0 player_telemetry=0 (window 2026-02-11T18:28:53.000001Z -> 2026-02-11T18:31:23Z)
2026-02-11 10:31:23,456 - basicLogger - DEBUG - Updated stats values: {'num_server_health_readings': 200, 'num_player_telemetry_events': 200, 'max_players': 498, 'min_players': 0, 'avg_players': 250.305, 'avg_cpu_usage': 45.99, 'avg_player_ping': 134.955, 'last_updated': '2026-02-11T18:28:53Z'}
2026-02-11 10:31:23,457 - basicLogger - INFO - Periodic processing has ended
2026-02-11 10:31:28,399 - basicLogger - INFO - Periodic processing has started
2026-02-11 10:31:28,439 - basicLogger - INFO - Events received: server_health=0 player_telemetry=0 (window 2026-02-11T18:28:53.000001Z -> 2026-02-11T18:31:28Z)
2026-02-11 10:31:28,446 - basicLogger - DEBUG - Updated stats values: {'num_server_health_readings': 200, 'num_player_telemetry_events': 200, 'max_players': 498, 'min_players': 0, 'avg_players': 250.305, 'avg_cpu_usage': 45.99, 'avg_player_ping': 134.955, 'last_updated': '2026-02-11T18:28:53Z'}
2026-02-11 10:31:28,446 - basicLogger - INFO - Periodic processing has ended
2026-02-11 10:31:33,400 - basicLogger - INFO - Periodic processing has started
2026-02-11 10:31:33,445 - basicLogger - INFO - Events received: server_health=0 player_telemetry=0 (window 2026-02-11T18:28:53.000001Z -> 2026-02-11T18:31:33Z)
2026-02-11 10:31:33,453 - basicLogger - DEBUG - Updated stats values: {'num_server_health_readings': 200, 'num_player_telemetry_events': 200, 'max_players': 498, 'min_players': 0, 'avg_players': 250.305, 'avg_cpu_usage': 45.99, 'avg_player_ping': 134.955, 'last_updated': '2026-02-11T18:28:53Z'}
2026-02-11 10:31:33,454 - basicLogger - INFO - Periodic processing has ended
2026-02-11 10:31:38,400 - basicLogger - INFO - Periodic processing has started
2026-02-11 10:31:38,421 - basicLogger - INFO - Events received: server_health=0 player_telemetry=0 (window 2026-02-11T18:28:53.000001Z -> 2026-02-11T18:31:38Z)
2026-02-11 10:31:38,428 - basicLogger - DEBUG - Updated stats values: {'num_server_health_readings': 200, 'num_player_telemetry_events': 200, 'max_players': 498, 'min_players': 0, 'avg_players': 250.305, 'avg_cpu_usage': 45.99, 'avg_player_ping': 134.955, 'last_updated': '2026-02-11T18:28:53Z'}
2026-02-11 10:31:38,428 - basicLogger - INFO - Periodic processing has ended
2026-02-11 10:31:43,400 - basicLogger - INFO - Periodic processing has started
2026-02-11 10:31:43,428 - basicLogger - INFO - Events received: server_health=0 player_telemetry=0 (window 2026-02-11T18:28:53.000001Z -> 2026-02-11T18:31:43Z)
2026-02-11 10:31:43,435 - basicLogger - DEBUG - Updated stats values: {'num_server_health_readings': 200, 'num_player_telemetry_events': 200, 'max_players': 498, 'min_players': 0, 'avg_players': 250.305, 'avg_cpu_usage': 45.99, 'avg_player_ping': 134.955, 'last_updated': '2026-02-11T18:28:53Z'}
2026-02-11 10:31:43,435 - basicLogger - INFO - Periodic processing has ended
2026-02-11 10:31:48,399 - basicLogger - INFO - Periodic processing has started
2026-02-11 10:31:48,427 - basicLogger - INFO - Events received: server_health=0 player_telemetry=0 (window 2026-02-11T18:28:53.000001Z -> 2026-02-11T18:31:48Z)
2026-02-11 10:31:48,434 - basicLogger - DEBUG - Updated stats values: {'num_server_health_readings': 200, 'num_player_telemetry_events': 200, 'max_players': 498, 'min_players': 0, 'avg_players': 250.305, 'avg_cpu_usage': 45.99, 'avg_player_ping': 134.955, 'last_updated': '2026-02-11T18:28:53Z'}
2026-02-11 10:31:48,435 - basicLogger - INFO - Periodic processing has ended
2026-02-11 10:31:53,400 - basicLogger - INFO - Periodic processing has started
2026-02-11 10:31:53,422 - basicLogger - INFO - Events received: server_health=0 player_telemetry=0 (window 2026-02-11T18:28:53.000001Z -> 2026-02-11T18:31:53Z)
2026-02-11 10:31:53,429 - basicLogger - DEBUG - Updated stats values: {'num_server_health_readings': 200, 'num_player_telemetry_events': 200, 'max_players': 498, 'min_players': 0, 'avg_players': 250.305, 'avg_cpu_usage': 45.99, 'avg_player_ping': 134.955, 'last_updated': '2026-02-11T18:28:53Z'}
2026-02-11 10:31:53,429 - basicLogger - INFO - Periodic processing has ended
2026-02-11 10:31:58,400 - basicLogger - INFO - Periodic processing has started
2026-02-11 10:31:58,421 - basicLogger - INFO - Events received: server_health=0 player_telemetry=0 (window 2026-02-11T18:28:53.000001Z -> 2026-02-11T18:31:58Z)
2026-02-11 10:31:58,428 - basicLogger - DEBUG - Updated stats values: {'num_server_health_readings': 200, 'num_player_telemetry_events': 200, 'max_players': 498, 'min_players': 0, 'avg_players': 250.305, 'avg_cpu_usage': 45.99, 'avg_player_ping': 134.955, 'last_updated': '2026-02-11T18:28:53Z'}
2026-02-11 10:31:58,429 - basicLogger - INFO - Periodic processing has ended
2026-02-11 10:32:03,400 - basicLogger - INFO - Periodic processing has started
2026-02-11 10:32:03,428 - basicLogger - INFO - Events received: server_health=0 player_telemetry=0 (window 2026-02-11T18:28:53.000001Z -> 2026-02-11T18:32:03Z)
2026-02-11 10:32:03,435 - basicLogger - DEBUG - Updated stats values: {'num_server_health_readings': 200, 'num_player_telemetry_events': 200, 'max_players': 498, 'min_players': 0, 'avg_players': 250.305, 'avg_cpu_usage': 45.99, 'avg_player_ping': 134.955, 'last_updated': '2026-02-11T18:28:53Z'}
2026-02-11 10:32:03,436 - basicLogger - INFO - Periodic processing has ended
2026-02-11 10:32:08,400 - basicLogger - INFO - Periodic processing has started
2026-02-11 10:32:08,423 - basicLogger - INFO - Events received: server_health=0 player_telemetry=0 (window 2026-02-11T18:28:53.000001Z -> 2026-02-11T18:32:08Z)
2026-02-11 10:32:08,430 - basicLogger - DEBUG - Updated stats values: {'num_server_health_readings': 200, 'num_player_telemetry_events': 200, 'max_players': 498, 'min_players': 0, 'avg_players': 250.305, 'avg_cpu_usage': 45.99, 'avg_player_ping': 134.955, 'last_updated': '2026-02-11T18:28:53Z'}
2026-02-11 10:32:08,430 - basicLogger - INFO - Periodic processing has ended
2026-02-11 10:32:13,400 - basicLogger - INFO - Periodic processing has started
2026-02-11 10:32:13,428 - basicLogger - INFO - Events received: server_health=0 player_telemetry=0 (window 2026-02-11T18:28:53.000001Z -> 2026-02-11T18:32:13Z)
2026-02-11 10:32:13,435 - basicLogger - DEBUG - Updated stats values: {'num_server_health_readings': 200, 'num_player_telemetry_events': 200, 'max_players': 498, 'min_players': 0, 'avg_players': 250.305, 'avg_cpu_usage': 45.99, 'avg_player_ping': 134.955, 'last_updated': '2026-02-11T18:28:53Z'}
2026-02-11 10:32:13,436 - basicLogger - INFO - Periodic processing has ended
2026-02-11 10:32:18,400 - basicLogger - INFO - Periodic processing has started
2026-02-11 10:32:18,420 - basicLogger - INFO - Events received: server_health=0 player_telemetry=0 (window 2026-02-11T18:28:53.000001Z -> 2026-02-11T18:32:18Z)
2026-02-11 10:32:18,427 - basicLogger - DEBUG - Updated stats values: {'num_server_health_readings': 200, 'num_player_telemetry_events': 200, 'max_players': 498, 'min_players': 0, 'avg_players': 250.305, 'avg_cpu_usage': 45.99, 'avg_player_ping': 134.955, 'last_updated': '2026-02-11T18:28:53Z'}
2026-02-11 10:32:18,427 - basicLogger - INFO - Periodic processing has ended
2026-02-11 10:32:23,400 - basicLogger - INFO - Periodic processing has started
2026-02-11 10:32:23,443 - basicLogger - INFO - Events received: server_health=0 player_telemetry=0 (window 2026-02-11T18:28:53.000001Z -> 2026-02-11T18:32:23Z)
2026-02-11 10:32:23,451 - basicLogger - DEBUG - Updated stats values: {'num_server_health_readings': 200, 'num_player_telemetry_events': 200, 'max_players': 498, 'min_players': 0, 'avg_players': 250.305, 'avg_cpu_usage': 45.99, 'avg_player_ping': 134.955, 'last_updated': '2026-02-11T18:28:53Z'}
2026-02-11 10:32:23,452 - basicLogger - INFO - Periodic processing has ended
2026-02-11 10:32:28,400 - basicLogger - INFO - Periodic processing has started
2026-02-11 10:32:28,423 - basicLogger - INFO - Events received: server_health=0 player_telemetry=0 (window 2026-02-11T18:28:53.000001Z -> 2026-02-11T18:32:28Z)
2026-02-11 10:32:28,430 - basicLogger - DEBUG - Updated stats values: {'num_server_health_readings': 200, 'num_player_telemetry_events': 200, 'max_players': 498, 'min_players': 0, 'avg_players': 250.305, 'avg_cpu_usage': 45.99, 'avg_player_ping': 134.955, 'last_updated': '2026-02-11T18:28:53Z'}
2026-02-11 10:32:28,430 - basicLogger - INFO - Periodic processing has ended
2026-02-11 10:32:33,400 - basicLogger - INFO - Periodic processing has started
2026-02-11 10:32:33,446 - basicLogger - INFO - Events received: server_health=0 player_telemetry=0 (window 2026-02-11T18:28:53.000001Z -> 2026-02-11T18:32:33Z)
2026-02-11 10:32:33,449 - basicLogger - DEBUG - Updated stats values: {'num_server_health_readings': 200, 'num_player_telemetry_events': 200, 'max_players': 498, 'min_players': 0, 'avg_players': 250.305, 'avg_cpu_usage': 45.99, 'avg_player_ping': 134.955, 'last_updated': '2026-02-11T18:28:53Z'}
2026-02-11 10:32:33,450 - basicLogger - INFO - Periodic processing has ended
2026-02-11 10:32:38,400 - basicLogger - INFO - Periodic processing has started
2026-02-11 10:32:38,425 - basicLogger - INFO - Events received: server_health=0 player_telemetry=0 (window 2026-02-11T18:28:53.000001Z -> 2026-02-11T18:32:38Z)
2026-02-11 10:32:38,432 - basicLogger - DEBUG - Updated stats values: {'num_server_health_readings': 200, 'num_player_telemetry_events': 200, 'max_players': 498, 'min_players': 0, 'avg_players': 250.305, 'avg_cpu_usage': 45.99, 'avg_player_ping': 134.955, 'last_updated': '2026-02-11T18:28:53Z'}
2026-02-11 10:32:38,432 - basicLogger - INFO - Periodic processing has ended
2026-02-11 10:32:43,400 - basicLogger - INFO - Periodic processing has started
2026-02-11 10:32:43,445 - basicLogger - INFO - Events received: server_health=0 player_telemetry=0 (window 2026-02-11T18:28:53.000001Z -> 2026-02-11T18:32:43Z)
2026-02-11 10:32:43,447 - basicLogger - DEBUG - Updated stats values: {'num_server_health_readings': 200, 'num_player_telemetry_events': 200, 'max_players': 498, 'min_players': 0, 'avg_players': 250.305, 'avg_cpu_usage': 45.99, 'avg_player_ping': 134.955, 'last_updated': '2026-02-11T18:28:53Z'}
2026-02-11 10:32:43,448 - basicLogger - INFO - Periodic processing has ended
2026-02-11 10:32:48,400 - basicLogger - INFO - Periodic processing has started
2026-02-11 10:32:48,426 - basicLogger - INFO - Events received: server_health=0 player_telemetry=0 (window 2026-02-11T18:28:53.000001Z -> 2026-02-11T18:32:48Z)
2026-02-11 10:32:48,432 - basicLogger - DEBUG - Updated stats values: {'num_server_health_readings': 200, 'num_player_telemetry_events': 200, 'max_players': 498, 'min_players': 0, 'avg_players': 250.305, 'avg_cpu_usage': 45.99, 'avg_player_ping': 134.955, 'last_updated': '2026-02-11T18:28:53Z'}
2026-02-11 10:32:48,433 - basicLogger - INFO - Periodic processing has ended
2026-02-11 10:32:53,400 - basicLogger - INFO - Periodic processing has started
2026-02-11 10:32:53,448 - basicLogger - INFO - Events received: server_health=0 player_telemetry=0 (window 2026-02-11T18:28:53.000001Z -> 2026-02-11T18:32:53Z)
2026-02-11 10:32:53,455 - basicLogger - DEBUG - Updated stats values: {'num_server_health_readings': 200, 'num_player_telemetry_events': 200, 'max_players': 498, 'min_players': 0, 'avg_players': 250.305, 'avg_cpu_usage': 45.99, 'avg_player_ping': 134.955, 'last_updated': '2026-02-11T18:28:53Z'}
2026-02-11 10:32:53,456 - basicLogger - INFO - Periodic processing has ended
2026-02-11 10:32:58,400 - basicLogger - INFO - Periodic processing has started
2026-02-11 10:32:58,449 - basicLogger - INFO - Events received: server_health=0 player_telemetry=0 (window 2026-02-11T18:28:53.000001Z -> 2026-02-11T18:32:58Z)
2026-02-11 10:32:58,457 - basicLogger - DEBUG - Updated stats values: {'num_server_health_readings': 200, 'num_player_telemetry_events': 200, 'max_players': 498, 'min_players': 0, 'avg_players': 250.305, 'avg_cpu_usage': 45.99, 'avg_player_ping': 134.955, 'last_updated': '2026-02-11T18:28:53Z'}
2026-02-11 10:32:58,458 - basicLogger - INFO - Periodic processing has ended
2026-02-11 10:33:03,400 - basicLogger - INFO - Periodic processing has started
2026-02-11 10:33:03,443 - basicLogger - INFO - Events received: server_health=0 player_telemetry=0 (window 2026-02-11T18:28:53.000001Z -> 2026-02-11T18:33:03Z)
2026-02-11 10:33:03,450 - basicLogger - DEBUG - Updated stats values: {'num_server_health_readings': 200, 'num_player_telemetry_events': 200, 'max_players': 498, 'min_players': 0, 'avg_players': 250.305, 'avg_cpu_usage': 45.99, 'avg_player_ping': 134.955, 'last_updated': '2026-02-11T18:28:53Z'}
2026-02-11 10:33:03,451 - basicLogger - INFO - Periodic processing has ended
2026-02-11 10:33:08,400 - basicLogger - INFO - Periodic processing has started
2026-02-11 10:33:08,424 - basicLogger - INFO - Events received: server_health=0 player_telemetry=0 (window 2026-02-11T18:28:53.000001Z -> 2026-02-11T18:33:08Z)
2026-02-11 10:33:08,426 - basicLogger - DEBUG - Updated stats values: {'num_server_health_readings': 200, 'num_player_telemetry_events': 200, 'max_players': 498, 'min_players': 0, 'avg_players': 250.305, 'avg_cpu_usage': 45.99, 'avg_player_ping': 134.955, 'last_updated': '2026-02-11T18:28:53Z'}
2026-02-11 10:33:08,426 - basicLogger - INFO - Periodic processing has ended
2026-02-11 10:33:13,400 - basicLogger - INFO - Periodic processing has started
2026-02-11 10:33:13,420 - basicLogger - INFO - Events received: server_health=0 player_telemetry=0 (window 2026-02-11T18:28:53.000001Z -> 2026-02-11T18:33:13Z)
2026-02-11 10:33:13,426 - basicLogger - DEBUG - Updated stats values: {'num_server_health_readings': 200, 'num_player_telemetry_events': 200, 'max_players': 498, 'min_players': 0, 'avg_players': 250.305, 'avg_cpu_usage': 45.99, 'avg_player_ping': 134.955, 'last_updated': '2026-02-11T18:28:53Z'}
2026-02-11 10:33:13,427 - basicLogger - INFO - Periodic processing has ended
2026-02-11 10:33:18,400 - basicLogger - INFO - Periodic processing has started
2026-02-11 10:33:18,443 - basicLogger - INFO - Events received: server_health=0 player_telemetry=0 (window 2026-02-11T18:28:53.000001Z -> 2026-02-11T18:33:18Z)
2026-02-11 10:33:18,445 - basicLogger - DEBUG - Updated stats values: {'num_server_health_readings': 200, 'num_player_telemetry_events': 200, 'max_players': 498, 'min_players': 0, 'avg_players': 250.305, 'avg_cpu_usage': 45.99, 'avg_player_ping': 134.955, 'last_updated': '2026-02-11T18:28:53Z'}
2026-02-11 10:33:18,446 - basicLogger - INFO - Periodic processing has ended
2026-02-11 10:33:23,400 - basicLogger - INFO - Periodic processing has started
2026-02-11 10:33:23,439 - basicLogger - INFO - Events received: server_health=0 player_telemetry=0 (window 2026-02-11T18:28:53.000001Z -> 2026-02-11T18:33:23Z)
2026-02-11 10:33:23,446 - basicLogger - DEBUG - Updated stats values: {'num_server_health_readings': 200, 'num_player_telemetry_events': 200, 'max_players': 498, 'min_players': 0, 'avg_players': 250.305, 'avg_cpu_usage': 45.99, 'avg_player_ping': 134.955, 'last_updated': '2026-02-11T18:28:53Z'}
2026-02-11 10:33:23,446 - basicLogger - INFO - Periodic processing has ended
